fact_id,prop_id,area_id,business_type_id,category,street_name,area_sqm,rent_monthly_egp,rent_per_sqm,competitors_500m,competitors_1km,affordability_score,suitability_score,recommended
1,1,5,1,Financial Services,Alexandria / Abd El-Salam Aref St,650,220000,338.46,19,48,1.11,4.42,FALSE
2,1,5,2,Food & Beverage,Alexandria / Abd El-Salam Aref St,650,220000,338.46,100,141,1.11,4.14,FALSE
3,1,5,3,Food & Beverage,Alexandria / Abd El-Salam Aref St,650,220000,338.46,100,141,1.11,4.14,FALSE
4,1,5,4,Food & Beverage,Alexandria / Abd El-Salam Aref St,650,220000,338.46,100,141,1.11,4.14,FALSE
5,1,5,5,Food & Beverage,Alexandria / Abd El-Salam Aref St,650,220000,338.46,100,141,1.11,4.14,FALSE
6,1,5,6,Health & Fitness,Alexandria / Abd El-Salam Aref St,650,220000,338.46,1,1,1.11,9.7,TRUE
7,1,5,7,Healthcare,Alexandria / Abd El-Salam Aref St,650,220000,338.46,35,65,1.11,4.31,FALSE
8,1,5,8,Healthcare,Alexandria / Abd El-Salam Aref St,650,220000,338.46,35,65,1.11,4.31,FALSE
9,1,5,9,Retail,Alexandria / Abd El-Salam Aref St,650,220000,338.46,164,173,1.11,4.12,FALSE
10,1,5,10,Retail,Alexandria / Abd El-Salam Aref St,650,220000,338.46,164,173,1.11,4.12,FALSE
11,1,5,11,Tourism & Hospitality,Alexandria / Abd El-Salam Aref St,650,220000,338.46,20,29,1.11,4.69,FALSE
12,2,5,1,Financial Services,Alexandria / Abd El-Salam Aref St,200,65000,325,19,48,1.13,4.42,FALSE
13,2,5,2,Food & Beverage,Alexandria / Abd El-Salam Aref St,200,65000,325,100,141,1.13,4.14,FALSE
14,2,5,3,Food & Beverage,Alexandria / Abd El-Salam Aref St,200,65000,325,100,141,1.13,4.14,FALSE
15,2,5,4,Food & Beverage,Alexandria / Abd El-Salam Aref St,200,65000,325,100,141,1.13,4.14,FALSE
16,2,5,5,Food & Beverage,Alexandria / Abd El-Salam Aref St,200,65000,325,100,141,1.13,4.14,FALSE
17,2,5,6,Health & Fitness,Alexandria / Abd El-Salam Aref St,200,65000,325,1,1,1.13,9.7,TRUE
18,2,5,7,Healthcare,Alexandria / Abd El-Salam Aref St,200,65000,325,35,65,1.13,4.31,FALSE
19,2,5,8,Healthcare,Alexandria / Abd El-Salam Aref St,200,65000,325,35,65,1.13,4.31,FALSE
20,2,5,9,Retail,Alexandria / Abd El-Salam Aref St,200,65000,325,164,173,1.13,4.12,FALSE
21,2,5,10,Retail,Alexandria / Abd El-Salam Aref St,200,65000,325,164,173,1.13,4.12,FALSE
22,2,5,11,Tourism & Hospitality,Alexandria / Abd El-Salam Aref St,200,65000,325,20,29,1.13,4.69,FALSE
23,3,5,1,Financial Services,Alexandria / Abdel Salam Aref St.,300,120000,400,19,48,1.04,4.42,FALSE
24,3,5,2,Food & Beverage,Alexandria / Abdel Salam Aref St.,300,120000,400,100,141,1.04,4.14,FALSE
25,3,5,3,Food & Beverage,Alexandria / Abdel Salam Aref St.,300,120000,400,100,141,1.04,4.14,FALSE
26,3,5,4,Food & Beverage,Alexandria / Abdel Salam Aref St.,300,120000,400,100,141,1.04,4.14,FALSE
27,3,5,5,Food & Beverage,Alexandria / Abdel Salam Aref St.,300,120000,400,100,141,1.04,4.14,FALSE
28,3,5,6,Health & Fitness,Alexandria / Abdel Salam Aref St.,300,120000,400,1,1,1.04,9.7,TRUE
29,3,5,7,Healthcare,Alexandria / Abdel Salam Aref St.,300,120000,400,35,65,1.04,4.31,FALSE
30,3,5,8,Healthcare,Alexandria / Abdel Salam Aref St.,300,120000,400,35,65,1.04,4.31,FALSE
31,3,5,9,Retail,Alexandria / Abdel Salam Aref St.,300,120000,400,164,173,1.04,4.12,FALSE
32,3,5,10,Retail,Alexandria / Abdel Salam Aref St.,300,120000,400,164,173,1.04,4.12,FALSE
33,3,5,11,Tourism & Hospitality,Alexandria / Abdel Salam Aref St.,300,120000,400,20,29,1.04,4.69,FALSE
34,4,26,1,Financial Services,Alexandria / Ademon Fremon St.,825,412500,500,23,50,1,4.28,FALSE
35,4,26,2,Food & Beverage,Alexandria / Ademon Fremon St.,825,412500,500,50,151,1,4.09,FALSE
36,4,26,3,Food & Beverage,Alexandria / Ademon Fremon St.,825,412500,500,50,151,1,4.09,FALSE
37,4,26,4,Food & Beverage,Alexandria / Ademon Fremon St.,825,412500,500,50,151,1,4.09,FALSE
38,4,26,5,Food & Beverage,Alexandria / Ademon Fremon St.,825,412500,500,50,151,1,4.09,FALSE
39,4,26,6,Health & Fitness,Alexandria / Ademon Fremon St.,825,412500,500,1,3,1,9.7,TRUE
40,4,26,7,Healthcare,Alexandria / Ademon Fremon St.,825,412500,500,29,63,1,4.22,FALSE
41,4,26,8,Healthcare,Alexandria / Ademon Fremon St.,825,412500,500,29,63,1,4.22,FALSE
42,4,26,9,Retail,Alexandria / Ademon Fremon St.,825,412500,500,48,174,1,4.08,FALSE
43,4,26,10,Retail,Alexandria / Ademon Fremon St.,825,412500,500,48,174,1,4.08,FALSE
44,4,26,11,Tourism & Hospitality,Alexandria / Ademon Fremon St.,825,412500,500,0,27,1,7.52,TRUE
45,5,13,1,Financial Services,Alexandria / Al Agamy,100,12000,120,0,0,0.66,8.65,TRUE
46,5,13,2,Food & Beverage,Alexandria / Al Agamy,100,12000,120,0,0,0.66,8.65,TRUE
47,5,13,3,Food & Beverage,Alexandria / Al Agamy,100,12000,120,0,0,0.66,8.65,TRUE
48,5,13,4,Food & Beverage,Alexandria / Al Agamy,100,12000,120,0,0,0.66,8.65,TRUE
49,5,13,5,Food & Beverage,Alexandria / Al Agamy,100,12000,120,0,0,0.66,8.65,TRUE
50,5,13,6,Health & Fitness,Alexandria / Al Agamy,100,12000,120,0,0,0.66,8.65,TRUE
51,5,13,7,Healthcare,Alexandria / Al Agamy,100,12000,120,0,0,0.66,8.65,TRUE
52,5,13,8,Healthcare,Alexandria / Al Agamy,100,12000,120,0,0,0.66,8.65,TRUE
53,5,13,9,Retail,Alexandria / Al Agamy,100,12000,120,0,0,0.66,8.65,TRUE
54,5,13,10,Retail,Alexandria / Al Agamy,100,12000,120,0,0,0.66,8.65,TRUE
55,5,13,11,Tourism & Hospitality,Alexandria / Al Agamy,100,12000,120,0,0,0.66,8.65,TRUE
56,6,13,1,Financial Services,Alexandria / Al Agamy,100,5500,55,0,0,1.12,10,TRUE
57,6,13,2,Food & Beverage,Alexandria / Al Agamy,100,5500,55,0,0,1.12,10,TRUE
58,6,13,3,Food & Beverage,Alexandria / Al Agamy,100,5500,55,0,0,1.12,10,TRUE
59,6,13,4,Food & Beverage,Alexandria / Al Agamy,100,5500,55,0,0,1.12,10,TRUE
60,6,13,5,Food & Beverage,Alexandria / Al Agamy,100,5500,55,0,0,1.12,10,TRUE
61,6,13,6,Health & Fitness,Alexandria / Al Agamy,100,5500,55,0,0,1.12,10,TRUE
62,6,13,7,Healthcare,Alexandria / Al Agamy,100,5500,55,0,0,1.12,10,TRUE
63,6,13,8,Healthcare,Alexandria / Al Agamy,100,5500,55,0,0,1.12,10,TRUE
64,6,13,9,Retail,Alexandria / Al Agamy,100,5500,55,0,0,1.12,10,TRUE
65,6,13,10,Retail,Alexandria / Al Agamy,100,5500,55,0,0,1.12,10,TRUE
66,6,13,11,Tourism & Hospitality,Alexandria / Al Agamy,100,5500,55,0,0,1.12,10,TRUE
67,7,13,1,Financial Services,Alexandria / Al Agamy,50,2000,40,0,0,1.22,10,TRUE
68,7,13,2,Food & Beverage,Alexandria / Al Agamy,50,2000,40,0,0,1.22,10,TRUE
69,7,13,3,Food & Beverage,Alexandria / Al Agamy,50,2000,40,0,0,1.22,10,TRUE
70,7,13,4,Food & Beverage,Alexandria / Al Agamy,50,2000,40,0,0,1.22,10,TRUE
71,7,13,5,Food & Beverage,Alexandria / Al Agamy,50,2000,40,0,0,1.22,10,TRUE
72,7,13,6,Health & Fitness,Alexandria / Al Agamy,50,2000,40,0,0,1.22,10,TRUE
73,7,13,7,Healthcare,Alexandria / Al Agamy,50,2000,40,0,0,1.22,10,TRUE
74,7,13,8,Healthcare,Alexandria / Al Agamy,50,2000,40,0,0,1.22,10,TRUE
75,7,13,9,Retail,Alexandria / Al Agamy,50,2000,40,0,0,1.22,10,TRUE
76,7,13,10,Retail,Alexandria / Al Agamy,50,2000,40,0,0,1.22,10,TRUE
77,7,13,11,Tourism & Hospitality,Alexandria / Al Agamy,50,2000,40,0,0,1.22,10,TRUE
78,8,20,1,Financial Services,Alexandria / Al Moaaskar Al Romani St.,56,25000,446.43,0,0,1.11,10,TRUE
79,8,20,2,Food & Beverage,Alexandria / Al Moaaskar Al Romani St.,56,25000,446.43,0,3,1.11,10,TRUE
80,8,20,3,Food & Beverage,Alexandria / Al Moaaskar Al Romani St.,56,25000,446.43,0,3,1.11,10,TRUE
81,8,20,4,Food & Beverage,Alexandria / Al Moaaskar Al Romani St.,56,25000,446.43,0,3,1.11,10,TRUE
82,8,20,5,Food & Beverage,Alexandria / Al Moaaskar Al Romani St.,56,25000,446.43,0,3,1.11,10,TRUE
83,8,20,6,Health & Fitness,Alexandria / Al Moaaskar Al Romani St.,56,25000,446.43,0,0,1.11,10,TRUE
84,8,20,7,Healthcare,Alexandria / Al Moaaskar Al Romani St.,56,25000,446.43,7,11,1.11,6.9,TRUE
85,8,20,8,Healthcare,Alexandria / Al Moaaskar Al Romani St.,56,25000,446.43,7,11,1.11,6.9,TRUE
86,8,20,9,Retail,Alexandria / Al Moaaskar Al Romani St.,56,25000,446.43,0,1,1.11,10,TRUE
87,8,20,10,Retail,Alexandria / Al Moaaskar Al Romani St.,56,25000,446.43,0,1,1.11,10,TRUE
88,8,20,11,Tourism & Hospitality,Alexandria / Al Moaaskar Al Romani St.,56,25000,446.43,0,0,1.11,10,TRUE
89,9,20,1,Financial Services,Alexandria / Al Moaaskar Al Romani St.,185,150000,810.81,0,0,0.79,9.15,TRUE
90,9,20,2,Food & Beverage,Alexandria / Al Moaaskar Al Romani St.,185,150000,810.81,0,3,0.79,9.15,TRUE
91,9,20,3,Food & Beverage,Alexandria / Al Moaaskar Al Romani St.,185,150000,810.81,0,3,0.79,9.15,TRUE
92,9,20,4,Food & Beverage,Alexandria / Al Moaaskar Al Romani St.,185,150000,810.81,0,3,0.79,9.15,TRUE
93,9,20,5,Food & Beverage,Alexandria / Al Moaaskar Al Romani St.,185,150000,810.81,0,3,0.79,9.15,TRUE
94,9,20,6,Health & Fitness,Alexandria / Al Moaaskar Al Romani St.,185,150000,810.81,0,0,0.79,9.15,TRUE
95,9,20,7,Healthcare,Alexandria / Al Moaaskar Al Romani St.,185,150000,810.81,7,11,0.79,6.05,TRUE
96,9,20,8,Healthcare,Alexandria / Al Moaaskar Al Romani St.,185,150000,810.81,7,11,0.79,6.05,TRUE
97,9,20,9,Retail,Alexandria / Al Moaaskar Al Romani St.,185,150000,810.81,0,1,0.79,9.15,TRUE
98,9,20,10,Retail,Alexandria / Al Moaaskar Al Romani St.,185,150000,810.81,0,1,0.79,9.15,TRUE
99,9,20,11,Tourism & Hospitality,Alexandria / Al Moaaskar Al Romani St.,185,150000,810.81,0,0,0.79,9.15,TRUE
100,10,16,1,Financial Services,Alexandria / El Azarita,100,50000,500,9,43,1.17,4.77,FALSE
101,10,16,2,Food & Beverage,Alexandria / El Azarita,100,50000,500,30,132,1.17,4.15,FALSE
102,10,16,3,Food & Beverage,Alexandria / El Azarita,100,50000,500,30,132,1.17,4.15,FALSE
103,10,16,4,Food & Beverage,Alexandria / El Azarita,100,50000,500,30,132,1.17,4.15,FALSE
104,10,16,5,Food & Beverage,Alexandria / El Azarita,100,50000,500,30,132,1.17,4.15,FALSE
105,10,16,6,Health & Fitness,Alexandria / El Azarita,100,50000,500,0,2,1.17,10,TRUE
106,10,16,7,Healthcare,Alexandria / El Azarita,100,50000,500,16,58,1.17,4.34,FALSE
107,10,16,8,Healthcare,Alexandria / El Azarita,100,50000,500,16,58,1.17,4.34,FALSE
108,10,16,9,Retail,Alexandria / El Azarita,100,50000,500,22,169,1.17,4.12,FALSE
109,10,16,10,Retail,Alexandria / El Azarita,100,50000,500,22,169,1.17,4.12,FALSE
110,10,16,11,Tourism & Hospitality,Alexandria / El Azarita,100,50000,500,0,19,1.17,8.05,TRUE
111,11,43,1,Financial Services,Alexandria / El Gaish Road,115,25000,217.39,0,0,1.05,10,TRUE
112,11,43,2,Food & Beverage,Alexandria / El Gaish Road,115,25000,217.39,0,0,1.05,10,TRUE
113,11,43,3,Food & Beverage,Alexandria / El Gaish Road,115,25000,217.39,0,0,1.05,10,TRUE
114,11,43,4,Food & Beverage,Alexandria / El Gaish Road,115,25000,217.39,0,0,1.05,10,TRUE
115,11,43,5,Food & Beverage,Alexandria / El Gaish Road,115,25000,217.39,0,0,1.05,10,TRUE
116,11,43,6,Health & Fitness,Alexandria / El Gaish Road,115,25000,217.39,0,0,1.05,10,TRUE
117,11,43,7,Healthcare,Alexandria / El Gaish Road,115,25000,217.39,5,5,1.05,7.7,TRUE
118,11,43,8,Healthcare,Alexandria / El Gaish Road,115,25000,217.39,5,5,1.05,7.7,TRUE
119,11,43,9,Retail,Alexandria / El Gaish Road,115,25000,217.39,0,0,1.05,10,TRUE
120,11,43,10,Retail,Alexandria / El Gaish Road,115,25000,217.39,0,0,1.05,10,TRUE
121,11,43,11,Tourism & Hospitality,Alexandria / El Gaish Road,115,25000,217.39,0,0,1.05,10,TRUE
122,12,43,1,Financial Services,Alexandria / El Gaish Road,70,45000,642.86,0,0,0.17,6.67,TRUE
123,12,43,2,Food & Beverage,Alexandria / El Gaish Road,70,45000,642.86,0,0,0.17,6.67,TRUE
124,12,43,3,Food & Beverage,Alexandria / El Gaish Road,70,45000,642.86,0,0,0.17,6.67,TRUE
125,12,43,4,Food & Beverage,Alexandria / El Gaish Road,70,45000,642.86,0,0,0.17,6.67,TRUE
126,12,43,5,Food & Beverage,Alexandria / El Gaish Road,70,45000,642.86,0,0,0.17,6.67,TRUE
127,12,43,6,Health & Fitness,Alexandria / El Gaish Road,70,45000,642.86,0,0,0.17,6.67,TRUE
128,12,43,7,Healthcare,Alexandria / El Gaish Road,70,45000,642.86,5,5,0.17,4.37,FALSE
129,12,43,8,Healthcare,Alexandria / El Gaish Road,70,45000,642.86,5,5,0.17,4.37,FALSE
130,12,43,9,Retail,Alexandria / El Gaish Road,70,45000,642.86,0,0,0.17,6.67,TRUE
131,12,43,10,Retail,Alexandria / El Gaish Road,70,45000,642.86,0,0,0.17,6.67,TRUE
132,12,43,11,Tourism & Hospitality,Alexandria / El Gaish Road,70,45000,642.86,0,0,0.17,6.67,TRUE
133,13,43,1,Financial Services,Alexandria / El Gaish Road,85,13000,152.94,0,0,1.18,10,TRUE
134,13,43,2,Food & Beverage,Alexandria / El Gaish Road,85,13000,152.94,0,0,1.18,10,TRUE
135,13,43,3,Food & Beverage,Alexandria / El Gaish Road,85,13000,152.94,0,0,1.18,10,TRUE
136,13,43,4,Food & Beverage,Alexandria / El Gaish Road,85,13000,152.94,0,0,1.18,10,TRUE
137,13,43,5,Food & Beverage,Alexandria / El Gaish Road,85,13000,152.94,0,0,1.18,10,TRUE
138,13,43,6,Health & Fitness,Alexandria / El Gaish Road,85,13000,152.94,0,0,1.18,10,TRUE
139,13,43,7,Healthcare,Alexandria / El Gaish Road,85,13000,152.94,5,5,1.18,7.7,TRUE
140,13,43,8,Healthcare,Alexandria / El Gaish Road,85,13000,152.94,5,5,1.18,7.7,TRUE
141,13,43,9,Retail,Alexandria / El Gaish Road,85,13000,152.94,0,0,1.18,10,TRUE
142,13,43,10,Retail,Alexandria / El Gaish Road,85,13000,152.94,0,0,1.18,10,TRUE
143,13,43,11,Tourism & Hospitality,Alexandria / El Gaish Road,85,13000,152.94,0,0,1.18,10,TRUE
144,14,43,1,Financial Services,Alexandria / El Gaish Road,125,120000,960,0,0,0,6,TRUE
145,14,43,2,Food & Beverage,Alexandria / El Gaish Road,125,120000,960,0,0,0,6,TRUE
146,14,43,3,Food & Beverage,Alexandria / El Gaish Road,125,120000,960,0,0,0,6,TRUE
147,14,43,4,Food & Beverage,Alexandria / El Gaish Road,125,120000,960,0,0,0,6,TRUE
148,14,43,5,Food & Beverage,Alexandria / El Gaish Road,125,120000,960,0,0,0,6,TRUE
149,14,43,6,Health & Fitness,Alexandria / El Gaish Road,125,120000,960,0,0,0,6,TRUE
150,14,43,7,Healthcare,Alexandria / El Gaish Road,125,120000,960,5,5,0,3.7,FALSE
151,14,43,8,Healthcare,Alexandria / El Gaish Road,125,120000,960,5,5,0,3.7,FALSE
152,14,43,9,Retail,Alexandria / El Gaish Road,125,120000,960,0,0,0,6,TRUE
153,14,43,10,Retail,Alexandria / El Gaish Road,125,120000,960,0,0,0,6,TRUE
154,14,43,11,Tourism & Hospitality,Alexandria / El Gaish Road,125,120000,960,0,0,0,6,TRUE
155,15,43,1,Financial Services,Alexandria / El Gaish Road,160,80000,500,0,0,0.46,7.86,TRUE
156,15,43,2,Food & Beverage,Alexandria / El Gaish Road,160,80000,500,0,0,0.46,7.86,TRUE
157,15,43,3,Food & Beverage,Alexandria / El Gaish Road,160,80000,500,0,0,0.46,7.86,TRUE
158,15,43,4,Food & Beverage,Alexandria / El Gaish Road,160,80000,500,0,0,0.46,7.86,TRUE
159,15,43,5,Food & Beverage,Alexandria / El Gaish Road,160,80000,500,0,0,0.46,7.86,TRUE
160,15,43,6,Health & Fitness,Alexandria / El Gaish Road,160,80000,500,0,0,0.46,7.86,TRUE
161,15,43,7,Healthcare,Alexandria / El Gaish Road,160,80000,500,5,5,0.46,5.56,FALSE
162,15,43,8,Healthcare,Alexandria / El Gaish Road,160,80000,500,5,5,0.46,5.56,FALSE
163,15,43,9,Retail,Alexandria / El Gaish Road,160,80000,500,0,0,0.46,7.86,TRUE
164,15,43,10,Retail,Alexandria / El Gaish Road,160,80000,500,0,0,0.46,7.86,TRUE
165,15,43,11,Tourism & Hospitality,Alexandria / El Gaish Road,160,80000,500,0,0,0.46,7.86,TRUE
166,16,43,1,Financial Services,Alexandria / El Geish Rd.,60,30000,500,0,0,0.46,7.86,TRUE
167,16,43,2,Food & Beverage,Alexandria / El Geish Rd.,60,30000,500,0,0,0.46,7.86,TRUE
168,16,43,3,Food & Beverage,Alexandria / El Geish Rd.,60,30000,500,0,0,0.46,7.86,TRUE
169,16,43,4,Food & Beverage,Alexandria / El Geish Rd.,60,30000,500,0,0,0.46,7.86,TRUE
170,16,43,5,Food & Beverage,Alexandria / El Geish Rd.,60,30000,500,0,0,0.46,7.86,TRUE
171,16,43,6,Health & Fitness,Alexandria / El Geish Rd.,60,30000,500,0,0,0.46,7.86,TRUE
172,16,43,7,Healthcare,Alexandria / El Geish Rd.,60,30000,500,5,5,0.46,5.56,FALSE
173,16,43,8,Healthcare,Alexandria / El Geish Rd.,60,30000,500,5,5,0.46,5.56,FALSE
174,16,43,9,Retail,Alexandria / El Geish Rd.,60,30000,500,0,0,0.46,7.86,TRUE
175,16,43,10,Retail,Alexandria / El Geish Rd.,60,30000,500,0,0,0.46,7.86,TRUE
176,16,43,11,Tourism & Hospitality,Alexandria / El Geish Rd.,60,30000,500,0,0,0.46,7.86,TRUE
177,17,43,1,Financial Services,Alexandria / El Geish Rd.,470,350000,744.68,0,0,0,6,TRUE
178,17,43,2,Food & Beverage,Alexandria / El Geish Rd.,470,350000,744.68,0,0,0,6,TRUE
179,17,43,3,Food & Beverage,Alexandria / El Geish Rd.,470,350000,744.68,0,0,0,6,TRUE
180,17,43,4,Food & Beverage,Alexandria / El Geish Rd.,470,350000,744.68,0,0,0,6,TRUE
181,17,43,5,Food & Beverage,Alexandria / El Geish Rd.,470,350000,744.68,0,0,0,6,TRUE
182,17,43,6,Health & Fitness,Alexandria / El Geish Rd.,470,350000,744.68,0,0,0,6,TRUE
183,17,43,7,Healthcare,Alexandria / El Geish Rd.,470,350000,744.68,5,5,0,3.7,FALSE
184,17,43,8,Healthcare,Alexandria / El Geish Rd.,470,350000,744.68,5,5,0,3.7,FALSE
185,17,43,9,Retail,Alexandria / El Geish Rd.,470,350000,744.68,0,0,0,6,TRUE
186,17,43,10,Retail,Alexandria / El Geish Rd.,470,350000,744.68,0,0,0,6,TRUE
187,17,43,11,Tourism & Hospitality,Alexandria / El Geish Rd.,470,350000,744.68,0,0,0,6,TRUE
188,18,23,1,Financial Services,Alexandria / El Mandara,70,28000,400,2,4,0.7,7.45,TRUE
189,18,23,2,Food & Beverage,Alexandria / El Mandara,70,28000,400,4,8,0.7,5.72,FALSE
190,18,23,3,Food & Beverage,Alexandria / El Mandara,70,28000,400,4,8,0.7,5.72,FALSE
191,18,23,4,Food & Beverage,Alexandria / El Mandara,70,28000,400,4,8,0.7,5.72,FALSE
192,18,23,5,Food & Beverage,Alexandria / El Mandara,70,28000,400,4,8,0.7,5.72,FALSE
193,18,23,6,Health & Fitness,Alexandria / El Mandara,70,28000,400,0,0,0.7,8.8,TRUE
194,18,23,7,Healthcare,Alexandria / El Mandara,70,28000,400,3,4,0.7,7.15,TRUE
195,18,23,8,Healthcare,Alexandria / El Mandara,70,28000,400,3,4,0.7,7.15,TRUE
196,18,23,9,Retail,Alexandria / El Mandara,70,28000,400,1,4,0.7,7.75,TRUE
197,18,23,10,Retail,Alexandria / El Mandara,70,28000,400,1,4,0.7,7.75,TRUE
198,18,23,11,Tourism & Hospitality,Alexandria / El Mandara,70,28000,400,1,1,0.7,8.5,TRUE
199,19,23,1,Financial Services,Alexandria / El Mandara Qebli,180,18000,100,2,4,1.3,8.65,TRUE
200,19,23,2,Food & Beverage,Alexandria / El Mandara Qebli,180,18000,100,4,8,1.3,6.93,TRUE
201,19,23,3,Food & Beverage,Alexandria / El Mandara Qebli,180,18000,100,4,8,1.3,6.93,TRUE
202,19,23,4,Food & Beverage,Alexandria / El Mandara Qebli,180,18000,100,4,8,1.3,6.93,TRUE
203,19,23,5,Food & Beverage,Alexandria / El Mandara Qebli,180,18000,100,4,8,1.3,6.93,TRUE
204,19,23,6,Health & Fitness,Alexandria / El Mandara Qebli,180,18000,100,0,0,1.3,10,TRUE
205,19,23,7,Healthcare,Alexandria / El Mandara Qebli,180,18000,100,3,4,1.3,8.35,TRUE
206,19,23,8,Healthcare,Alexandria / El Mandara Qebli,180,18000,100,3,4,1.3,8.35,TRUE
207,19,23,9,Retail,Alexandria / El Mandara Qebli,180,18000,100,1,4,1.3,8.95,TRUE
208,19,23,10,Retail,Alexandria / El Mandara Qebli,180,18000,100,1,4,1.3,8.95,TRUE
209,19,23,11,Tourism & Hospitality,Alexandria / El Mandara Qebli,180,18000,100,1,1,1.3,9.7,TRUE
210,20,43,1,Financial Services,Alexandria / El-Gaish Rd,560,325000,580.36,0,0,0.3,7.19,TRUE
211,20,43,2,Food & Beverage,Alexandria / El-Gaish Rd,560,325000,580.36,0,0,0.3,7.19,TRUE
212,20,43,3,Food & Beverage,Alexandria / El-Gaish Rd,560,325000,580.36,0,0,0.3,7.19,TRUE
213,20,43,4,Food & Beverage,Alexandria / El-Gaish Rd,560,325000,580.36,0,0,0.3,7.19,TRUE
214,20,43,5,Food & Beverage,Alexandria / El-Gaish Rd,560,325000,580.36,0,0,0.3,7.19,TRUE
215,20,43,6,Health & Fitness,Alexandria / El-Gaish Rd,560,325000,580.36,0,0,0.3,7.19,TRUE
216,20,43,7,Healthcare,Alexandria / El-Gaish Rd,560,325000,580.36,5,5,0.3,4.89,FALSE
217,20,43,8,Healthcare,Alexandria / El-Gaish Rd,560,325000,580.36,5,5,0.3,4.89,FALSE
218,20,43,9,Retail,Alexandria / El-Gaish Rd,560,325000,580.36,0,0,0.3,7.19,TRUE
219,20,43,10,Retail,Alexandria / El-Gaish Rd,560,325000,580.36,0,0,0.3,7.19,TRUE
220,20,43,11,Tourism & Hospitality,Alexandria / El-Gaish Rd,560,325000,580.36,0,0,0.3,7.19,TRUE
221,21,43,1,Financial Services,Alexandria / Gamal Abd El Nasir St,90,10000,111.11,0,0,1.27,10,TRUE
222,21,43,2,Food & Beverage,Alexandria / Gamal Abd El Nasir St,90,10000,111.11,0,0,1.27,10,TRUE
223,21,43,3,Food & Beverage,Alexandria / Gamal Abd El Nasir St,90,10000,111.11,0,0,1.27,10,TRUE
224,21,43,4,Food & Beverage,Alexandria / Gamal Abd El Nasir St,90,10000,111.11,0,0,1.27,10,TRUE
225,21,43,5,Food & Beverage,Alexandria / Gamal Abd El Nasir St,90,10000,111.11,0,0,1.27,10,TRUE
226,21,43,6,Health & Fitness,Alexandria / Gamal Abd El Nasir St,90,10000,111.11,0,0,1.27,10,TRUE
227,21,43,7,Healthcare,Alexandria / Gamal Abd El Nasir St,90,10000,111.11,5,5,1.27,7.7,TRUE
228,21,43,8,Healthcare,Alexandria / Gamal Abd El Nasir St,90,10000,111.11,5,5,1.27,7.7,TRUE
229,21,43,9,Retail,Alexandria / Gamal Abd El Nasir St,90,10000,111.11,0,0,1.27,10,TRUE
230,21,43,10,Retail,Alexandria / Gamal Abd El Nasir St,90,10000,111.11,0,0,1.27,10,TRUE
231,21,43,11,Tourism & Hospitality,Alexandria / Gamal Abd El Nasir St,90,10000,111.11,0,0,1.27,10,TRUE
232,22,43,1,Financial Services,Alexandria / Gamal Abd El Nasir St,50,10000,200,0,0,1.09,10,TRUE
233,22,43,2,Food & Beverage,Alexandria / Gamal Abd El Nasir St,50,10000,200,0,0,1.09,10,TRUE
234,22,43,3,Food & Beverage,Alexandria / Gamal Abd El Nasir St,50,10000,200,0,0,1.09,10,TRUE
235,22,43,4,Food & Beverage,Alexandria / Gamal Abd El Nasir St,50,10000,200,0,0,1.09,10,TRUE
236,22,43,5,Food & Beverage,Alexandria / Gamal Abd El Nasir St,50,10000,200,0,0,1.09,10,TRUE
237,22,43,6,Health & Fitness,Alexandria / Gamal Abd El Nasir St,50,10000,200,0,0,1.09,10,TRUE
238,22,43,7,Healthcare,Alexandria / Gamal Abd El Nasir St,50,10000,200,5,5,1.09,7.7,TRUE
239,22,43,8,Healthcare,Alexandria / Gamal Abd El Nasir St,50,10000,200,5,5,1.09,7.7,TRUE
240,22,43,9,Retail,Alexandria / Gamal Abd El Nasir St,50,10000,200,0,0,1.09,10,TRUE
241,22,43,10,Retail,Alexandria / Gamal Abd El Nasir St,50,10000,200,0,0,1.09,10,TRUE
242,22,43,11,Tourism & Hospitality,Alexandria / Gamal Abd El Nasir St,50,10000,200,0,0,1.09,10,TRUE
243,23,43,1,Financial Services,Alexandria / Gamal Abd El Nasir St,180,35000,194.44,0,0,1.1,10,TRUE
244,23,43,2,Food & Beverage,Alexandria / Gamal Abd El Nasir St,180,35000,194.44,0,0,1.1,10,TRUE
245,23,43,3,Food & Beverage,Alexandria / Gamal Abd El Nasir St,180,35000,194.44,0,0,1.1,10,TRUE
246,23,43,4,Food & Beverage,Alexandria / Gamal Abd El Nasir St,180,35000,194.44,0,0,1.1,10,TRUE
247,23,43,5,Food & Beverage,Alexandria / Gamal Abd El Nasir St,180,35000,194.44,0,0,1.1,10,TRUE
248,23,43,6,Health & Fitness,Alexandria / Gamal Abd El Nasir St,180,35000,194.44,0,0,1.1,10,TRUE
249,23,43,7,Healthcare,Alexandria / Gamal Abd El Nasir St,180,35000,194.44,5,5,1.1,7.7,TRUE
250,23,43,8,Healthcare,Alexandria / Gamal Abd El Nasir St,180,35000,194.44,5,5,1.1,7.7,TRUE
251,23,43,9,Retail,Alexandria / Gamal Abd El Nasir St,180,35000,194.44,0,0,1.1,10,TRUE
252,23,43,10,Retail,Alexandria / Gamal Abd El Nasir St,180,35000,194.44,0,0,1.1,10,TRUE
253,23,43,11,Tourism & Hospitality,Alexandria / Gamal Abd El Nasir St,180,35000,194.44,0,0,1.1,10,TRUE
254,24,43,1,Financial Services,Alexandria / Gamal Abd El Nasir St,50,7000,140,0,0,1.21,10,TRUE
255,24,43,2,Food & Beverage,Alexandria / Gamal Abd El Nasir St,50,7000,140,0,0,1.21,10,TRUE
256,24,43,3,Food & Beverage,Alexandria / Gamal Abd El Nasir St,50,7000,140,0,0,1.21,10,TRUE
257,24,43,4,Food & Beverage,Alexandria / Gamal Abd El Nasir St,50,7000,140,0,0,1.21,10,TRUE
258,24,43,5,Food & Beverage,Alexandria / Gamal Abd El Nasir St,50,7000,140,0,0,1.21,10,TRUE
259,24,43,6,Health & Fitness,Alexandria / Gamal Abd El Nasir St,50,7000,140,0,0,1.21,10,TRUE
260,24,43,7,Healthcare,Alexandria / Gamal Abd El Nasir St,50,7000,140,5,5,1.21,7.7,TRUE
261,24,43,8,Healthcare,Alexandria / Gamal Abd El Nasir St,50,7000,140,5,5,1.21,7.7,TRUE
262,24,43,9,Retail,Alexandria / Gamal Abd El Nasir St,50,7000,140,0,0,1.21,10,TRUE
263,24,43,10,Retail,Alexandria / Gamal Abd El Nasir St,50,7000,140,0,0,1.21,10,TRUE
264,24,43,11,Tourism & Hospitality,Alexandria / Gamal Abd El Nasir St,50,7000,140,0,0,1.21,10,TRUE
265,25,43,1,Financial Services,Alexandria / Gamal Abd El Nasir St,100,13000,130,0,0,1.23,10,TRUE
266,25,43,2,Food & Beverage,Alexandria / Gamal Abd El Nasir St,100,13000,130,0,0,1.23,10,TRUE
267,25,43,3,Food & Beverage,Alexandria / Gamal Abd El Nasir St,100,13000,130,0,0,1.23,10,TRUE
268,25,43,4,Food & Beverage,Alexandria / Gamal Abd El Nasir St,100,13000,130,0,0,1.23,10,TRUE
269,25,43,5,Food & Beverage,Alexandria / Gamal Abd El Nasir St,100,13000,130,0,0,1.23,10,TRUE
270,25,43,6,Health & Fitness,Alexandria / Gamal Abd El Nasir St,100,13000,130,0,0,1.23,10,TRUE
271,25,43,7,Healthcare,Alexandria / Gamal Abd El Nasir St,100,13000,130,5,5,1.23,7.7,TRUE
272,25,43,8,Healthcare,Alexandria / Gamal Abd El Nasir St,100,13000,130,5,5,1.23,7.7,TRUE
273,25,43,9,Retail,Alexandria / Gamal Abd El Nasir St,100,13000,130,0,0,1.23,10,TRUE
274,25,43,10,Retail,Alexandria / Gamal Abd El Nasir St,100,13000,130,0,0,1.23,10,TRUE
275,25,43,11,Tourism & Hospitality,Alexandria / Gamal Abd El Nasir St,100,13000,130,0,0,1.23,10,TRUE
276,26,43,1,Financial Services,Alexandria / Gamal Abd El Nasir St,55,15000,272.73,0,0,0.94,9.74,TRUE
277,26,43,2,Food & Beverage,Alexandria / Gamal Abd El Nasir St,55,15000,272.73,0,0,0.94,9.74,TRUE
278,26,43,3,Food & Beverage,Alexandria / Gamal Abd El Nasir St,55,15000,272.73,0,0,0.94,9.74,TRUE
279,26,43,4,Food & Beverage,Alexandria / Gamal Abd El Nasir St,55,15000,272.73,0,0,0.94,9.74,TRUE
280,26,43,5,Food & Beverage,Alexandria / Gamal Abd El Nasir St,55,15000,272.73,0,0,0.94,9.74,TRUE
281,26,43,6,Health & Fitness,Alexandria / Gamal Abd El Nasir St,55,15000,272.73,0,0,0.94,9.74,TRUE
282,26,43,7,Healthcare,Alexandria / Gamal Abd El Nasir St,55,15000,272.73,5,5,0.94,7.44,TRUE
283,26,43,8,Healthcare,Alexandria / Gamal Abd El Nasir St,55,15000,272.73,5,5,0.94,7.44,TRUE
284,26,43,9,Retail,Alexandria / Gamal Abd El Nasir St,55,15000,272.73,0,0,0.94,9.74,TRUE
285,26,43,10,Retail,Alexandria / Gamal Abd El Nasir St,55,15000,272.73,0,0,0.94,9.74,TRUE
286,26,43,11,Tourism & Hospitality,Alexandria / Gamal Abd El Nasir St,55,15000,272.73,0,0,0.94,9.74,TRUE
287,27,43,1,Financial Services,Alexandria / Gamal Abd El Nasir St,80,9500,118.75,0,0,1.25,10,TRUE
288,27,43,2,Food & Beverage,Alexandria / Gamal Abd El Nasir St,80,9500,118.75,0,0,1.25,10,TRUE
289,27,43,3,Food & Beverage,Alexandria / Gamal Abd El Nasir St,80,9500,118.75,0,0,1.25,10,TRUE
290,27,43,4,Food & Beverage,Alexandria / Gamal Abd El Nasir St,80,9500,118.75,0,0,1.25,10,TRUE
291,27,43,5,Food & Beverage,Alexandria / Gamal Abd El Nasir St,80,9500,118.75,0,0,1.25,10,TRUE
292,27,43,6,Health & Fitness,Alexandria / Gamal Abd El Nasir St,80,9500,118.75,0,0,1.25,10,TRUE
293,27,43,7,Healthcare,Alexandria / Gamal Abd El Nasir St,80,9500,118.75,5,5,1.25,7.7,TRUE
294,27,43,8,Healthcare,Alexandria / Gamal Abd El Nasir St,80,9500,118.75,5,5,1.25,7.7,TRUE
295,27,43,9,Retail,Alexandria / Gamal Abd El Nasir St,80,9500,118.75,0,0,1.25,10,TRUE
296,27,43,10,Retail,Alexandria / Gamal Abd El Nasir St,80,9500,118.75,0,0,1.25,10,TRUE
297,27,43,11,Tourism & Hospitality,Alexandria / Gamal Abd El Nasir St,80,9500,118.75,0,0,1.25,10,TRUE
298,28,43,1,Financial Services,Alexandria / Gamal Abd El Nasir St,240,100000,416.67,0,0,0.64,8.55,TRUE
299,28,43,2,Food & Beverage,Alexandria / Gamal Abd El Nasir St,240,100000,416.67,0,0,0.64,8.55,TRUE
300,28,43,3,Food & Beverage,Alexandria / Gamal Abd El Nasir St,240,100000,416.67,0,0,0.64,8.55,TRUE
301,28,43,4,Food & Beverage,Alexandria / Gamal Abd El Nasir St,240,100000,416.67,0,0,0.64,8.55,TRUE
302,28,43,5,Food & Beverage,Alexandria / Gamal Abd El Nasir St,240,100000,416.67,0,0,0.64,8.55,TRUE
303,28,43,6,Health & Fitness,Alexandria / Gamal Abd El Nasir St,240,100000,416.67,0,0,0.64,8.55,TRUE
304,28,43,7,Healthcare,Alexandria / Gamal Abd El Nasir St,240,100000,416.67,5,5,0.64,6.25,TRUE
305,28,43,8,Healthcare,Alexandria / Gamal Abd El Nasir St,240,100000,416.67,5,5,0.64,6.25,TRUE
306,28,43,9,Retail,Alexandria / Gamal Abd El Nasir St,240,100000,416.67,0,0,0.64,8.55,TRUE
307,28,43,10,Retail,Alexandria / Gamal Abd El Nasir St,240,100000,416.67,0,0,0.64,8.55,TRUE
308,28,43,11,Tourism & Hospitality,Alexandria / Gamal Abd El Nasir St,240,100000,416.67,0,0,0.64,8.55,TRUE
309,29,43,1,Financial Services,Alexandria / Gamal Abd El Nasir St,50,7500,150,0,0,1.19,10,TRUE
310,29,43,2,Food & Beverage,Alexandria / Gamal Abd El Nasir St,50,7500,150,0,0,1.19,10,TRUE
311,29,43,3,Food & Beverage,Alexandria / Gamal Abd El Nasir St,50,7500,150,0,0,1.19,10,TRUE
312,29,43,4,Food & Beverage,Alexandria / Gamal Abd El Nasir St,50,7500,150,0,0,1.19,10,TRUE
313,29,43,5,Food & Beverage,Alexandria / Gamal Abd El Nasir St,50,7500,150,0,0,1.19,10,TRUE
314,29,43,6,Health & Fitness,Alexandria / Gamal Abd El Nasir St,50,7500,150,0,0,1.19,10,TRUE
315,29,43,7,Healthcare,Alexandria / Gamal Abd El Nasir St,50,7500,150,5,5,1.19,7.7,TRUE
316,29,43,8,Healthcare,Alexandria / Gamal Abd El Nasir St,50,7500,150,5,5,1.19,7.7,TRUE
317,29,43,9,Retail,Alexandria / Gamal Abd El Nasir St,50,7500,150,0,0,1.19,10,TRUE
318,29,43,10,Retail,Alexandria / Gamal Abd El Nasir St,50,7500,150,0,0,1.19,10,TRUE
319,29,43,11,Tourism & Hospitality,Alexandria / Gamal Abd El Nasir St,50,7500,150,0,0,1.19,10,TRUE
320,30,43,1,Financial Services,Alexandria / Gamal Abd El Nasir St,55,10000,181.82,0,0,1.12,10,TRUE
321,30,43,2,Food & Beverage,Alexandria / Gamal Abd El Nasir St,55,10000,181.82,0,0,1.12,10,TRUE
322,30,43,3,Food & Beverage,Alexandria / Gamal Abd El Nasir St,55,10000,181.82,0,0,1.12,10,TRUE
323,30,43,4,Food & Beverage,Alexandria / Gamal Abd El Nasir St,55,10000,181.82,0,0,1.12,10,TRUE
324,30,43,5,Food & Beverage,Alexandria / Gamal Abd El Nasir St,55,10000,181.82,0,0,1.12,10,TRUE
325,30,43,6,Health & Fitness,Alexandria / Gamal Abd El Nasir St,55,10000,181.82,0,0,1.12,10,TRUE
326,30,43,7,Healthcare,Alexandria / Gamal Abd El Nasir St,55,10000,181.82,5,5,1.12,7.7,TRUE
327,30,43,8,Healthcare,Alexandria / Gamal Abd El Nasir St,55,10000,181.82,5,5,1.12,7.7,TRUE
328,30,43,9,Retail,Alexandria / Gamal Abd El Nasir St,55,10000,181.82,0,0,1.12,10,TRUE
329,30,43,10,Retail,Alexandria / Gamal Abd El Nasir St,55,10000,181.82,0,0,1.12,10,TRUE
330,30,43,11,Tourism & Hospitality,Alexandria / Gamal Abd El Nasir St,55,10000,181.82,0,0,1.12,10,TRUE
331,31,43,1,Financial Services,Alexandria / Gamal Abd El Nasir St,160,15000,93.75,0,0,1.31,10,TRUE
332,31,43,2,Food & Beverage,Alexandria / Gamal Abd El Nasir St,160,15000,93.75,0,0,1.31,10,TRUE
333,31,43,3,Food & Beverage,Alexandria / Gamal Abd El Nasir St,160,15000,93.75,0,0,1.31,10,TRUE
334,31,43,4,Food & Beverage,Alexandria / Gamal Abd El Nasir St,160,15000,93.75,0,0,1.31,10,TRUE
335,31,43,5,Food & Beverage,Alexandria / Gamal Abd El Nasir St,160,15000,93.75,0,0,1.31,10,TRUE
336,31,43,6,Health & Fitness,Alexandria / Gamal Abd El Nasir St,160,15000,93.75,0,0,1.31,10,TRUE
337,31,43,7,Healthcare,Alexandria / Gamal Abd El Nasir St,160,15000,93.75,5,5,1.31,7.7,TRUE
338,31,43,8,Healthcare,Alexandria / Gamal Abd El Nasir St,160,15000,93.75,5,5,1.31,7.7,TRUE
339,31,43,9,Retail,Alexandria / Gamal Abd El Nasir St,160,15000,93.75,0,0,1.31,10,TRUE
340,31,43,10,Retail,Alexandria / Gamal Abd El Nasir St,160,15000,93.75,0,0,1.31,10,TRUE
341,31,43,11,Tourism & Hospitality,Alexandria / Gamal Abd El Nasir St,160,15000,93.75,0,0,1.31,10,TRUE
342,32,43,1,Financial Services,Alexandria / Gamal Abd El Nasir St,60,9000,150,0,0,1.19,10,TRUE
343,32,43,2,Food & Beverage,Alexandria / Gamal Abd El Nasir St,60,9000,150,0,0,1.19,10,TRUE
344,32,43,3,Food & Beverage,Alexandria / Gamal Abd El Nasir St,60,9000,150,0,0,1.19,10,TRUE
345,32,43,4,Food & Beverage,Alexandria / Gamal Abd El Nasir St,60,9000,150,0,0,1.19,10,TRUE
346,32,43,5,Food & Beverage,Alexandria / Gamal Abd El Nasir St,60,9000,150,0,0,1.19,10,TRUE
347,32,43,6,Health & Fitness,Alexandria / Gamal Abd El Nasir St,60,9000,150,0,0,1.19,10,TRUE
348,32,43,7,Healthcare,Alexandria / Gamal Abd El Nasir St,60,9000,150,5,5,1.19,7.7,TRUE
349,32,43,8,Healthcare,Alexandria / Gamal Abd El Nasir St,60,9000,150,5,5,1.19,7.7,TRUE
350,32,43,9,Retail,Alexandria / Gamal Abd El Nasir St,60,9000,150,0,0,1.19,10,TRUE
351,32,43,10,Retail,Alexandria / Gamal Abd El Nasir St,60,9000,150,0,0,1.19,10,TRUE
352,32,43,11,Tourism & Hospitality,Alexandria / Gamal Abd El Nasir St,60,9000,150,0,0,1.19,10,TRUE
353,33,43,1,Financial Services,Alexandria / Gamal Abd El Nasir St,100,12000,120,0,0,1.25,10,TRUE
354,33,43,2,Food & Beverage,Alexandria / Gamal Abd El Nasir St,100,12000,120,0,0,1.25,10,TRUE
355,33,43,3,Food & Beverage,Alexandria / Gamal Abd El Nasir St,100,12000,120,0,0,1.25,10,TRUE
356,33,43,4,Food & Beverage,Alexandria / Gamal Abd El Nasir St,100,12000,120,0,0,1.25,10,TRUE
357,33,43,5,Food & Beverage,Alexandria / Gamal Abd El Nasir St,100,12000,120,0,0,1.25,10,TRUE
358,33,43,6,Health & Fitness,Alexandria / Gamal Abd El Nasir St,100,12000,120,0,0,1.25,10,TRUE
359,33,43,7,Healthcare,Alexandria / Gamal Abd El Nasir St,100,12000,120,5,5,1.25,7.7,TRUE
360,33,43,8,Healthcare,Alexandria / Gamal Abd El Nasir St,100,12000,120,5,5,1.25,7.7,TRUE
361,33,43,9,Retail,Alexandria / Gamal Abd El Nasir St,100,12000,120,0,0,1.25,10,TRUE
362,33,43,10,Retail,Alexandria / Gamal Abd El Nasir St,100,12000,120,0,0,1.25,10,TRUE
363,33,43,11,Tourism & Hospitality,Alexandria / Gamal Abd El Nasir St,100,12000,120,0,0,1.25,10,TRUE
364,34,43,1,Financial Services,Alexandria / Gamal Abd El Nasir St,300,25000,83.33,0,0,1.33,10,TRUE
365,34,43,2,Food & Beverage,Alexandria / Gamal Abd El Nasir St,300,25000,83.33,0,0,1.33,10,TRUE
366,34,43,3,Food & Beverage,Alexandria / Gamal Abd El Nasir St,300,25000,83.33,0,0,1.33,10,TRUE
367,34,43,4,Food & Beverage,Alexandria / Gamal Abd El Nasir St,300,25000,83.33,0,0,1.33,10,TRUE
368,34,43,5,Food & Beverage,Alexandria / Gamal Abd El Nasir St,300,25000,83.33,0,0,1.33,10,TRUE
369,34,43,6,Health & Fitness,Alexandria / Gamal Abd El Nasir St,300,25000,83.33,0,0,1.33,10,TRUE
370,34,43,7,Healthcare,Alexandria / Gamal Abd El Nasir St,300,25000,83.33,5,5,1.33,7.7,TRUE
371,34,43,8,Healthcare,Alexandria / Gamal Abd El Nasir St,300,25000,83.33,5,5,1.33,7.7,TRUE
372,34,43,9,Retail,Alexandria / Gamal Abd El Nasir St,300,25000,83.33,0,0,1.33,10,TRUE
373,34,43,10,Retail,Alexandria / Gamal Abd El Nasir St,300,25000,83.33,0,0,1.33,10,TRUE
374,34,43,11,Tourism & Hospitality,Alexandria / Gamal Abd El Nasir St,300,25000,83.33,0,0,1.33,10,TRUE
375,35,43,1,Financial Services,Alexandria / Gamal Abd El Nasir St,100,25000,250,0,0,0.98,9.93,TRUE
376,35,43,2,Food & Beverage,Alexandria / Gamal Abd El Nasir St,100,25000,250,0,0,0.98,9.93,TRUE
377,35,43,3,Food & Beverage,Alexandria / Gamal Abd El Nasir St,100,25000,250,0,0,0.98,9.93,TRUE
378,35,43,4,Food & Beverage,Alexandria / Gamal Abd El Nasir St,100,25000,250,0,0,0.98,9.93,TRUE
379,35,43,5,Food & Beverage,Alexandria / Gamal Abd El Nasir St,100,25000,250,0,0,0.98,9.93,TRUE
380,35,43,6,Health & Fitness,Alexandria / Gamal Abd El Nasir St,100,25000,250,0,0,0.98,9.93,TRUE
381,35,43,7,Healthcare,Alexandria / Gamal Abd El Nasir St,100,25000,250,5,5,0.98,7.63,TRUE
382,35,43,8,Healthcare,Alexandria / Gamal Abd El Nasir St,100,25000,250,5,5,0.98,7.63,TRUE
383,35,43,9,Retail,Alexandria / Gamal Abd El Nasir St,100,25000,250,0,0,0.98,9.93,TRUE
384,35,43,10,Retail,Alexandria / Gamal Abd El Nasir St,100,25000,250,0,0,0.98,9.93,TRUE
385,35,43,11,Tourism & Hospitality,Alexandria / Gamal Abd El Nasir St,100,25000,250,0,0,0.98,9.93,TRUE
386,36,43,1,Financial Services,Alexandria / Gamal Abd El Nasir St,110,25000,227.27,0,0,1.03,10,TRUE
387,36,43,2,Food & Beverage,Alexandria / Gamal Abd El Nasir St,110,25000,227.27,0,0,1.03,10,TRUE
388,36,43,3,Food & Beverage,Alexandria / Gamal Abd El Nasir St,110,25000,227.27,0,0,1.03,10,TRUE
389,36,43,4,Food & Beverage,Alexandria / Gamal Abd El Nasir St,110,25000,227.27,0,0,1.03,10,TRUE
390,36,43,5,Food & Beverage,Alexandria / Gamal Abd El Nasir St,110,25000,227.27,0,0,1.03,10,TRUE
391,36,43,6,Health & Fitness,Alexandria / Gamal Abd El Nasir St,110,25000,227.27,0,0,1.03,10,TRUE
392,36,43,7,Healthcare,Alexandria / Gamal Abd El Nasir St,110,25000,227.27,5,5,1.03,7.7,TRUE
393,36,43,8,Healthcare,Alexandria / Gamal Abd El Nasir St,110,25000,227.27,5,5,1.03,7.7,TRUE
394,36,43,9,Retail,Alexandria / Gamal Abd El Nasir St,110,25000,227.27,0,0,1.03,10,TRUE
395,36,43,10,Retail,Alexandria / Gamal Abd El Nasir St,110,25000,227.27,0,0,1.03,10,TRUE
396,36,43,11,Tourism & Hospitality,Alexandria / Gamal Abd El Nasir St,110,25000,227.27,0,0,1.03,10,TRUE
397,37,43,1,Financial Services,Alexandria / Gamal Abd El Nasir St,600,300000,500,0,0,0.46,7.86,TRUE
398,37,43,2,Food & Beverage,Alexandria / Gamal Abd El Nasir St,600,300000,500,0,0,0.46,7.86,TRUE
399,37,43,3,Food & Beverage,Alexandria / Gamal Abd El Nasir St,600,300000,500,0,0,0.46,7.86,TRUE
400,37,43,4,Food & Beverage,Alexandria / Gamal Abd El Nasir St,600,300000,500,0,0,0.46,7.86,TRUE
401,37,43,5,Food & Beverage,Alexandria / Gamal Abd El Nasir St,600,300000,500,0,0,0.46,7.86,TRUE
402,37,43,6,Health & Fitness,Alexandria / Gamal Abd El Nasir St,600,300000,500,0,0,0.46,7.86,TRUE
403,37,43,7,Healthcare,Alexandria / Gamal Abd El Nasir St,600,300000,500,5,5,0.46,5.56,FALSE
404,37,43,8,Healthcare,Alexandria / Gamal Abd El Nasir St,600,300000,500,5,5,0.46,5.56,FALSE
405,37,43,9,Retail,Alexandria / Gamal Abd El Nasir St,600,300000,500,0,0,0.46,7.86,TRUE
406,37,43,10,Retail,Alexandria / Gamal Abd El Nasir St,600,300000,500,0,0,0.46,7.86,TRUE
407,37,43,11,Tourism & Hospitality,Alexandria / Gamal Abd El Nasir St,600,300000,500,0,0,0.46,7.86,TRUE
408,38,43,1,Financial Services,Alexandria / Gamal Abd El Nasir St,120,13000,108.33,0,0,1.28,10,TRUE
409,38,43,2,Food & Beverage,Alexandria / Gamal Abd El Nasir St,120,13000,108.33,0,0,1.28,10,TRUE
410,38,43,3,Food & Beverage,Alexandria / Gamal Abd El Nasir St,120,13000,108.33,0,0,1.28,10,TRUE
411,38,43,4,Food & Beverage,Alexandria / Gamal Abd El Nasir St,120,13000,108.33,0,0,1.28,10,TRUE
412,38,43,5,Food & Beverage,Alexandria / Gamal Abd El Nasir St,120,13000,108.33,0,0,1.28,10,TRUE
413,38,43,6,Health & Fitness,Alexandria / Gamal Abd El Nasir St,120,13000,108.33,0,0,1.28,10,TRUE
414,38,43,7,Healthcare,Alexandria / Gamal Abd El Nasir St,120,13000,108.33,5,5,1.28,7.7,TRUE
415,38,43,8,Healthcare,Alexandria / Gamal Abd El Nasir St,120,13000,108.33,5,5,1.28,7.7,TRUE
416,38,43,9,Retail,Alexandria / Gamal Abd El Nasir St,120,13000,108.33,0,0,1.28,10,TRUE
417,38,43,10,Retail,Alexandria / Gamal Abd El Nasir St,120,13000,108.33,0,0,1.28,10,TRUE
418,38,43,11,Tourism & Hospitality,Alexandria / Gamal Abd El Nasir St,120,13000,108.33,0,0,1.28,10,TRUE
419,39,43,1,Financial Services,Alexandria / Gamal Abd El Nasir St,135,15000,111.11,0,0,1.27,10,TRUE
420,39,43,2,Food & Beverage,Alexandria / Gamal Abd El Nasir St,135,15000,111.11,0,0,1.27,10,TRUE
421,39,43,3,Food & Beverage,Alexandria / Gamal Abd El Nasir St,135,15000,111.11,0,0,1.27,10,TRUE
422,39,43,4,Food & Beverage,Alexandria / Gamal Abd El Nasir St,135,15000,111.11,0,0,1.27,10,TRUE
423,39,43,5,Food & Beverage,Alexandria / Gamal Abd El Nasir St,135,15000,111.11,0,0,1.27,10,TRUE
424,39,43,6,Health & Fitness,Alexandria / Gamal Abd El Nasir St,135,15000,111.11,0,0,1.27,10,TRUE
425,39,43,7,Healthcare,Alexandria / Gamal Abd El Nasir St,135,15000,111.11,5,5,1.27,7.7,TRUE
426,39,43,8,Healthcare,Alexandria / Gamal Abd El Nasir St,135,15000,111.11,5,5,1.27,7.7,TRUE
427,39,43,9,Retail,Alexandria / Gamal Abd El Nasir St,135,15000,111.11,0,0,1.27,10,TRUE
428,39,43,10,Retail,Alexandria / Gamal Abd El Nasir St,135,15000,111.11,0,0,1.27,10,TRUE
429,39,43,11,Tourism & Hospitality,Alexandria / Gamal Abd El Nasir St,135,15000,111.11,0,0,1.27,10,TRUE
430,40,43,1,Financial Services,Alexandria / Gamal Abd El Nasir St,65,6000,92.31,0,0,1.31,10,TRUE
431,40,43,2,Food & Beverage,Alexandria / Gamal Abd El Nasir St,65,6000,92.31,0,0,1.31,10,TRUE
432,40,43,3,Food & Beverage,Alexandria / Gamal Abd El Nasir St,65,6000,92.31,0,0,1.31,10,TRUE
433,40,43,4,Food & Beverage,Alexandria / Gamal Abd El Nasir St,65,6000,92.31,0,0,1.31,10,TRUE
434,40,43,5,Food & Beverage,Alexandria / Gamal Abd El Nasir St,65,6000,92.31,0,0,1.31,10,TRUE
435,40,43,6,Health & Fitness,Alexandria / Gamal Abd El Nasir St,65,6000,92.31,0,0,1.31,10,TRUE
436,40,43,7,Healthcare,Alexandria / Gamal Abd El Nasir St,65,6000,92.31,5,5,1.31,7.7,TRUE
437,40,43,8,Healthcare,Alexandria / Gamal Abd El Nasir St,65,6000,92.31,5,5,1.31,7.7,TRUE
438,40,43,9,Retail,Alexandria / Gamal Abd El Nasir St,65,6000,92.31,0,0,1.31,10,TRUE
439,40,43,10,Retail,Alexandria / Gamal Abd El Nasir St,65,6000,92.31,0,0,1.31,10,TRUE
440,40,43,11,Tourism & Hospitality,Alexandria / Gamal Abd El Nasir St,65,6000,92.31,0,0,1.31,10,TRUE
441,41,43,1,Financial Services,Alexandria / Gamal Abd El Nasir St,130,14000,107.69,0,0,1.28,10,TRUE
442,41,43,2,Food & Beverage,Alexandria / Gamal Abd El Nasir St,130,14000,107.69,0,0,1.28,10,TRUE
443,41,43,3,Food & Beverage,Alexandria / Gamal Abd El Nasir St,130,14000,107.69,0,0,1.28,10,TRUE
444,41,43,4,Food & Beverage,Alexandria / Gamal Abd El Nasir St,130,14000,107.69,0,0,1.28,10,TRUE
445,41,43,5,Food & Beverage,Alexandria / Gamal Abd El Nasir St,130,14000,107.69,0,0,1.28,10,TRUE
446,41,43,6,Health & Fitness,Alexandria / Gamal Abd El Nasir St,130,14000,107.69,0,0,1.28,10,TRUE
447,41,43,7,Healthcare,Alexandria / Gamal Abd El Nasir St,130,14000,107.69,5,5,1.28,7.7,TRUE
448,41,43,8,Healthcare,Alexandria / Gamal Abd El Nasir St,130,14000,107.69,5,5,1.28,7.7,TRUE
449,41,43,9,Retail,Alexandria / Gamal Abd El Nasir St,130,14000,107.69,0,0,1.28,10,TRUE
450,41,43,10,Retail,Alexandria / Gamal Abd El Nasir St,130,14000,107.69,0,0,1.28,10,TRUE
451,41,43,11,Tourism & Hospitality,Alexandria / Gamal Abd El Nasir St,130,14000,107.69,0,0,1.28,10,TRUE
452,42,43,1,Financial Services,Alexandria / Gamal Abd El Nasir St,60,10000,166.67,0,0,1.15,10,TRUE
453,42,43,2,Food & Beverage,Alexandria / Gamal Abd El Nasir St,60,10000,166.67,0,0,1.15,10,TRUE
454,42,43,3,Food & Beverage,Alexandria / Gamal Abd El Nasir St,60,10000,166.67,0,0,1.15,10,TRUE
455,42,43,4,Food & Beverage,Alexandria / Gamal Abd El Nasir St,60,10000,166.67,0,0,1.15,10,TRUE
456,42,43,5,Food & Beverage,Alexandria / Gamal Abd El Nasir St,60,10000,166.67,0,0,1.15,10,TRUE
457,42,43,6,Health & Fitness,Alexandria / Gamal Abd El Nasir St,60,10000,166.67,0,0,1.15,10,TRUE
458,42,43,7,Healthcare,Alexandria / Gamal Abd El Nasir St,60,10000,166.67,5,5,1.15,7.7,TRUE
459,42,43,8,Healthcare,Alexandria / Gamal Abd El Nasir St,60,10000,166.67,5,5,1.15,7.7,TRUE
460,42,43,9,Retail,Alexandria / Gamal Abd El Nasir St,60,10000,166.67,0,0,1.15,10,TRUE
461,42,43,10,Retail,Alexandria / Gamal Abd El Nasir St,60,10000,166.67,0,0,1.15,10,TRUE
462,42,43,11,Tourism & Hospitality,Alexandria / Gamal Abd El Nasir St,60,10000,166.67,0,0,1.15,10,TRUE
463,43,43,1,Financial Services,Alexandria / Gamal Abd El Nasir St,50,8000,160,0,0,1.17,10,TRUE
464,43,43,2,Food & Beverage,Alexandria / Gamal Abd El Nasir St,50,8000,160,0,0,1.17,10,TRUE
465,43,43,3,Food & Beverage,Alexandria / Gamal Abd El Nasir St,50,8000,160,0,0,1.17,10,TRUE
466,43,43,4,Food & Beverage,Alexandria / Gamal Abd El Nasir St,50,8000,160,0,0,1.17,10,TRUE
467,43,43,5,Food & Beverage,Alexandria / Gamal Abd El Nasir St,50,8000,160,0,0,1.17,10,TRUE
468,43,43,6,Health & Fitness,Alexandria / Gamal Abd El Nasir St,50,8000,160,0,0,1.17,10,TRUE
469,43,43,7,Healthcare,Alexandria / Gamal Abd El Nasir St,50,8000,160,5,5,1.17,7.7,TRUE
470,43,43,8,Healthcare,Alexandria / Gamal Abd El Nasir St,50,8000,160,5,5,1.17,7.7,TRUE
471,43,43,9,Retail,Alexandria / Gamal Abd El Nasir St,50,8000,160,0,0,1.17,10,TRUE
472,43,43,10,Retail,Alexandria / Gamal Abd El Nasir St,50,8000,160,0,0,1.17,10,TRUE
473,43,43,11,Tourism & Hospitality,Alexandria / Gamal Abd El Nasir St,50,8000,160,0,0,1.17,10,TRUE
474,44,43,1,Financial Services,Alexandria / Gamal Abdel Nasser St.,120,10000,83.33,0,0,1.33,10,TRUE
475,44,43,2,Food & Beverage,Alexandria / Gamal Abdel Nasser St.,120,10000,83.33,0,0,1.33,10,TRUE
476,44,43,3,Food & Beverage,Alexandria / Gamal Abdel Nasser St.,120,10000,83.33,0,0,1.33,10,TRUE
477,44,43,4,Food & Beverage,Alexandria / Gamal Abdel Nasser St.,120,10000,83.33,0,0,1.33,10,TRUE
478,44,43,5,Food & Beverage,Alexandria / Gamal Abdel Nasser St.,120,10000,83.33,0,0,1.33,10,TRUE
479,44,43,6,Health & Fitness,Alexandria / Gamal Abdel Nasser St.,120,10000,83.33,0,0,1.33,10,TRUE
480,44,43,7,Healthcare,Alexandria / Gamal Abdel Nasser St.,120,10000,83.33,5,5,1.33,7.7,TRUE
481,44,43,8,Healthcare,Alexandria / Gamal Abdel Nasser St.,120,10000,83.33,5,5,1.33,7.7,TRUE
482,44,43,9,Retail,Alexandria / Gamal Abdel Nasser St.,120,10000,83.33,0,0,1.33,10,TRUE
483,44,43,10,Retail,Alexandria / Gamal Abdel Nasser St.,120,10000,83.33,0,0,1.33,10,TRUE
484,44,43,11,Tourism & Hospitality,Alexandria / Gamal Abdel Nasser St.,120,10000,83.33,0,0,1.33,10,TRUE
485,45,43,1,Financial Services,Alexandria / Gamal Abdel Nasser St.,120,15000,125,0,0,1.24,10,TRUE
486,45,43,2,Food & Beverage,Alexandria / Gamal Abdel Nasser St.,120,15000,125,0,0,1.24,10,TRUE
487,45,43,3,Food & Beverage,Alexandria / Gamal Abdel Nasser St.,120,15000,125,0,0,1.24,10,TRUE
488,45,43,4,Food & Beverage,Alexandria / Gamal Abdel Nasser St.,120,15000,125,0,0,1.24,10,TRUE
489,45,43,5,Food & Beverage,Alexandria / Gamal Abdel Nasser St.,120,15000,125,0,0,1.24,10,TRUE
490,45,43,6,Health & Fitness,Alexandria / Gamal Abdel Nasser St.,120,15000,125,0,0,1.24,10,TRUE
491,45,43,7,Healthcare,Alexandria / Gamal Abdel Nasser St.,120,15000,125,5,5,1.24,7.7,TRUE
492,45,43,8,Healthcare,Alexandria / Gamal Abdel Nasser St.,120,15000,125,5,5,1.24,7.7,TRUE
493,45,43,9,Retail,Alexandria / Gamal Abdel Nasser St.,120,15000,125,0,0,1.24,10,TRUE
494,45,43,10,Retail,Alexandria / Gamal Abdel Nasser St.,120,15000,125,0,0,1.24,10,TRUE
495,45,43,11,Tourism & Hospitality,Alexandria / Gamal Abdel Nasser St.,120,15000,125,0,0,1.24,10,TRUE
496,46,43,1,Financial Services,Alexandria / Gamal Abdel Nasser St.,150,6000,40,0,0,1.42,10,TRUE
497,46,43,2,Food & Beverage,Alexandria / Gamal Abdel Nasser St.,150,6000,40,0,0,1.42,10,TRUE
498,46,43,3,Food & Beverage,Alexandria / Gamal Abdel Nasser St.,150,6000,40,0,0,1.42,10,TRUE
499,46,43,4,Food & Beverage,Alexandria / Gamal Abdel Nasser St.,150,6000,40,0,0,1.42,10,TRUE
500,46,43,5,Food & Beverage,Alexandria / Gamal Abdel Nasser St.,150,6000,40,0,0,1.42,10,TRUE
501,46,43,6,Health & Fitness,Alexandria / Gamal Abdel Nasser St.,150,6000,40,0,0,1.42,10,TRUE
502,46,43,7,Healthcare,Alexandria / Gamal Abdel Nasser St.,150,6000,40,5,5,1.42,7.7,TRUE
503,46,43,8,Healthcare,Alexandria / Gamal Abdel Nasser St.,150,6000,40,5,5,1.42,7.7,TRUE
504,46,43,9,Retail,Alexandria / Gamal Abdel Nasser St.,150,6000,40,0,0,1.42,10,TRUE
505,46,43,10,Retail,Alexandria / Gamal Abdel Nasser St.,150,6000,40,0,0,1.42,10,TRUE
506,46,43,11,Tourism & Hospitality,Alexandria / Gamal Abdel Nasser St.,150,6000,40,0,0,1.42,10,TRUE
507,47,43,1,Financial Services,Alexandria / Gamal Abdel Nasser St.,60,5000,83.33,0,0,1.33,10,TRUE
508,47,43,2,Food & Beverage,Alexandria / Gamal Abdel Nasser St.,60,5000,83.33,0,0,1.33,10,TRUE
509,47,43,3,Food & Beverage,Alexandria / Gamal Abdel Nasser St.,60,5000,83.33,0,0,1.33,10,TRUE
510,47,43,4,Food & Beverage,Alexandria / Gamal Abdel Nasser St.,60,5000,83.33,0,0,1.33,10,TRUE
511,47,43,5,Food & Beverage,Alexandria / Gamal Abdel Nasser St.,60,5000,83.33,0,0,1.33,10,TRUE
512,47,43,6,Health & Fitness,Alexandria / Gamal Abdel Nasser St.,60,5000,83.33,0,0,1.33,10,TRUE
513,47,43,7,Healthcare,Alexandria / Gamal Abdel Nasser St.,60,5000,83.33,5,5,1.33,7.7,TRUE
514,47,43,8,Healthcare,Alexandria / Gamal Abdel Nasser St.,60,5000,83.33,5,5,1.33,7.7,TRUE
515,47,43,9,Retail,Alexandria / Gamal Abdel Nasser St.,60,5000,83.33,0,0,1.33,10,TRUE
516,47,43,10,Retail,Alexandria / Gamal Abdel Nasser St.,60,5000,83.33,0,0,1.33,10,TRUE
517,47,43,11,Tourism & Hospitality,Alexandria / Gamal Abdel Nasser St.,60,5000,83.33,0,0,1.33,10,TRUE
518,48,43,1,Financial Services,Alexandria / Gamal Abdel Nasser St.,100,10000,100,0,0,1.29,10,TRUE
519,48,43,2,Food & Beverage,Alexandria / Gamal Abdel Nasser St.,100,10000,100,0,0,1.29,10,TRUE
520,48,43,3,Food & Beverage,Alexandria / Gamal Abdel Nasser St.,100,10000,100,0,0,1.29,10,TRUE
521,48,43,4,Food & Beverage,Alexandria / Gamal Abdel Nasser St.,100,10000,100,0,0,1.29,10,TRUE
522,48,43,5,Food & Beverage,Alexandria / Gamal Abdel Nasser St.,100,10000,100,0,0,1.29,10,TRUE
523,48,43,6,Health & Fitness,Alexandria / Gamal Abdel Nasser St.,100,10000,100,0,0,1.29,10,TRUE
524,48,43,7,Healthcare,Alexandria / Gamal Abdel Nasser St.,100,10000,100,5,5,1.29,7.7,TRUE
525,48,43,8,Healthcare,Alexandria / Gamal Abdel Nasser St.,100,10000,100,5,5,1.29,7.7,TRUE
526,48,43,9,Retail,Alexandria / Gamal Abdel Nasser St.,100,10000,100,0,0,1.29,10,TRUE
527,48,43,10,Retail,Alexandria / Gamal Abdel Nasser St.,100,10000,100,0,0,1.29,10,TRUE
528,48,43,11,Tourism & Hospitality,Alexandria / Gamal Abdel Nasser St.,100,10000,100,0,0,1.29,10,TRUE
529,49,43,1,Financial Services,Alexandria / Gamal Abdel Nasser St.,150,17000,113.33,0,0,1.27,10,TRUE
530,49,43,2,Food & Beverage,Alexandria / Gamal Abdel Nasser St.,150,17000,113.33,0,0,1.27,10,TRUE
531,49,43,3,Food & Beverage,Alexandria / Gamal Abdel Nasser St.,150,17000,113.33,0,0,1.27,10,TRUE
532,49,43,4,Food & Beverage,Alexandria / Gamal Abdel Nasser St.,150,17000,113.33,0,0,1.27,10,TRUE
533,49,43,5,Food & Beverage,Alexandria / Gamal Abdel Nasser St.,150,17000,113.33,0,0,1.27,10,TRUE
534,49,43,6,Health & Fitness,Alexandria / Gamal Abdel Nasser St.,150,17000,113.33,0,0,1.27,10,TRUE
535,49,43,7,Healthcare,Alexandria / Gamal Abdel Nasser St.,150,17000,113.33,5,5,1.27,7.7,TRUE
536,49,43,8,Healthcare,Alexandria / Gamal Abdel Nasser St.,150,17000,113.33,5,5,1.27,7.7,TRUE
537,49,43,9,Retail,Alexandria / Gamal Abdel Nasser St.,150,17000,113.33,0,0,1.27,10,TRUE
538,49,43,10,Retail,Alexandria / Gamal Abdel Nasser St.,150,17000,113.33,0,0,1.27,10,TRUE
539,49,43,11,Tourism & Hospitality,Alexandria / Gamal Abdel Nasser St.,150,17000,113.33,0,0,1.27,10,TRUE
540,50,43,1,Financial Services,Alexandria / Gamal Abdel Nasser St.,55,30000,545.45,0,0,0.37,7.48,TRUE
541,50,43,2,Food & Beverage,Alexandria / Gamal Abdel Nasser St.,55,30000,545.45,0,0,0.37,7.48,TRUE
542,50,43,3,Food & Beverage,Alexandria / Gamal Abdel Nasser St.,55,30000,545.45,0,0,0.37,7.48,TRUE
543,50,43,4,Food & Beverage,Alexandria / Gamal Abdel Nasser St.,55,30000,545.45,0,0,0.37,7.48,TRUE
544,50,43,5,Food & Beverage,Alexandria / Gamal Abdel Nasser St.,55,30000,545.45,0,0,0.37,7.48,TRUE
545,50,43,6,Health & Fitness,Alexandria / Gamal Abdel Nasser St.,55,30000,545.45,0,0,0.37,7.48,TRUE
546,50,43,7,Healthcare,Alexandria / Gamal Abdel Nasser St.,55,30000,545.45,5,5,0.37,5.18,FALSE
547,50,43,8,Healthcare,Alexandria / Gamal Abdel Nasser St.,55,30000,545.45,5,5,0.37,5.18,FALSE
548,50,43,9,Retail,Alexandria / Gamal Abdel Nasser St.,55,30000,545.45,0,0,0.37,7.48,TRUE
549,50,43,10,Retail,Alexandria / Gamal Abdel Nasser St.,55,30000,545.45,0,0,0.37,7.48,TRUE
550,50,43,11,Tourism & Hospitality,Alexandria / Gamal Abdel Nasser St.,55,30000,545.45,0,0,0.37,7.48,TRUE
551,51,43,1,Financial Services,Alexandria / Gamal Abdel Nasser St.,240,100000,416.67,0,0,0.64,8.55,TRUE
552,51,43,2,Food & Beverage,Alexandria / Gamal Abdel Nasser St.,240,100000,416.67,0,0,0.64,8.55,TRUE
553,51,43,3,Food & Beverage,Alexandria / Gamal Abdel Nasser St.,240,100000,416.67,0,0,0.64,8.55,TRUE
554,51,43,4,Food & Beverage,Alexandria / Gamal Abdel Nasser St.,240,100000,416.67,0,0,0.64,8.55,TRUE
555,51,43,5,Food & Beverage,Alexandria / Gamal Abdel Nasser St.,240,100000,416.67,0,0,0.64,8.55,TRUE
556,51,43,6,Health & Fitness,Alexandria / Gamal Abdel Nasser St.,240,100000,416.67,0,0,0.64,8.55,TRUE
557,51,43,7,Healthcare,Alexandria / Gamal Abdel Nasser St.,240,100000,416.67,5,5,0.64,6.25,TRUE
558,51,43,8,Healthcare,Alexandria / Gamal Abdel Nasser St.,240,100000,416.67,5,5,0.64,6.25,TRUE
559,51,43,9,Retail,Alexandria / Gamal Abdel Nasser St.,240,100000,416.67,0,0,0.64,8.55,TRUE
560,51,43,10,Retail,Alexandria / Gamal Abdel Nasser St.,240,100000,416.67,0,0,0.64,8.55,TRUE
561,51,43,11,Tourism & Hospitality,Alexandria / Gamal Abdel Nasser St.,240,100000,416.67,0,0,0.64,8.55,TRUE
562,52,43,1,Financial Services,Alexandria / Gamal Abdel Nasser St.,60,25000,416.67,0,0,0.64,8.55,TRUE
563,52,43,2,Food & Beverage,Alexandria / Gamal Abdel Nasser St.,60,25000,416.67,0,0,0.64,8.55,TRUE
564,52,43,3,Food & Beverage,Alexandria / Gamal Abdel Nasser St.,60,25000,416.67,0,0,0.64,8.55,TRUE
565,52,43,4,Food & Beverage,Alexandria / Gamal Abdel Nasser St.,60,25000,416.67,0,0,0.64,8.55,TRUE
566,52,43,5,Food & Beverage,Alexandria / Gamal Abdel Nasser St.,60,25000,416.67,0,0,0.64,8.55,TRUE
567,52,43,6,Health & Fitness,Alexandria / Gamal Abdel Nasser St.,60,25000,416.67,0,0,0.64,8.55,TRUE
568,52,43,7,Healthcare,Alexandria / Gamal Abdel Nasser St.,60,25000,416.67,5,5,0.64,6.25,TRUE
569,52,43,8,Healthcare,Alexandria / Gamal Abdel Nasser St.,60,25000,416.67,5,5,0.64,6.25,TRUE
570,52,43,9,Retail,Alexandria / Gamal Abdel Nasser St.,60,25000,416.67,0,0,0.64,8.55,TRUE
571,52,43,10,Retail,Alexandria / Gamal Abdel Nasser St.,60,25000,416.67,0,0,0.64,8.55,TRUE
572,52,43,11,Tourism & Hospitality,Alexandria / Gamal Abdel Nasser St.,60,25000,416.67,0,0,0.64,8.55,TRUE
573,53,43,1,Financial Services,Alexandria / Gamal Abdel Nasser St.,200,39000,195,0,0,1.1,10,TRUE
574,53,43,2,Food & Beverage,Alexandria / Gamal Abdel Nasser St.,200,39000,195,0,0,1.1,10,TRUE
575,53,43,3,Food & Beverage,Alexandria / Gamal Abdel Nasser St.,200,39000,195,0,0,1.1,10,TRUE
576,53,43,4,Food & Beverage,Alexandria / Gamal Abdel Nasser St.,200,39000,195,0,0,1.1,10,TRUE
577,53,43,5,Food & Beverage,Alexandria / Gamal Abdel Nasser St.,200,39000,195,0,0,1.1,10,TRUE
578,53,43,6,Health & Fitness,Alexandria / Gamal Abdel Nasser St.,200,39000,195,0,0,1.1,10,TRUE
579,53,43,7,Healthcare,Alexandria / Gamal Abdel Nasser St.,200,39000,195,5,5,1.1,7.7,TRUE
580,53,43,8,Healthcare,Alexandria / Gamal Abdel Nasser St.,200,39000,195,5,5,1.1,7.7,TRUE
581,53,43,9,Retail,Alexandria / Gamal Abdel Nasser St.,200,39000,195,0,0,1.1,10,TRUE
582,53,43,10,Retail,Alexandria / Gamal Abdel Nasser St.,200,39000,195,0,0,1.1,10,TRUE
583,53,43,11,Tourism & Hospitality,Alexandria / Gamal Abdel Nasser St.,200,39000,195,0,0,1.1,10,TRUE
584,54,43,1,Financial Services,Alexandria / Gamal Abdel Nasser St.,240,90000,375,0,0,0.72,8.89,TRUE
585,54,43,2,Food & Beverage,Alexandria / Gamal Abdel Nasser St.,240,90000,375,0,0,0.72,8.89,TRUE
586,54,43,3,Food & Beverage,Alexandria / Gamal Abdel Nasser St.,240,90000,375,0,0,0.72,8.89,TRUE
587,54,43,4,Food & Beverage,Alexandria / Gamal Abdel Nasser St.,240,90000,375,0,0,0.72,8.89,TRUE
588,54,43,5,Food & Beverage,Alexandria / Gamal Abdel Nasser St.,240,90000,375,0,0,0.72,8.89,TRUE
589,54,43,6,Health & Fitness,Alexandria / Gamal Abdel Nasser St.,240,90000,375,0,0,0.72,8.89,TRUE
590,54,43,7,Healthcare,Alexandria / Gamal Abdel Nasser St.,240,90000,375,5,5,0.72,6.59,TRUE
591,54,43,8,Healthcare,Alexandria / Gamal Abdel Nasser St.,240,90000,375,5,5,0.72,6.59,TRUE
592,54,43,9,Retail,Alexandria / Gamal Abdel Nasser St.,240,90000,375,0,0,0.72,8.89,TRUE
593,54,43,10,Retail,Alexandria / Gamal Abdel Nasser St.,240,90000,375,0,0,0.72,8.89,TRUE
594,54,43,11,Tourism & Hospitality,Alexandria / Gamal Abdel Nasser St.,240,90000,375,0,0,0.72,8.89,TRUE
595,55,43,1,Financial Services,Alexandria / Gamal Abdel Nasser St.,80,12000,150,0,0,1.19,10,TRUE
596,55,43,2,Food & Beverage,Alexandria / Gamal Abdel Nasser St.,80,12000,150,0,0,1.19,10,TRUE
597,55,43,3,Food & Beverage,Alexandria / Gamal Abdel Nasser St.,80,12000,150,0,0,1.19,10,TRUE
598,55,43,4,Food & Beverage,Alexandria / Gamal Abdel Nasser St.,80,12000,150,0,0,1.19,10,TRUE
599,55,43,5,Food & Beverage,Alexandria / Gamal Abdel Nasser St.,80,12000,150,0,0,1.19,10,TRUE
600,55,43,6,Health & Fitness,Alexandria / Gamal Abdel Nasser St.,80,12000,150,0,0,1.19,10,TRUE
601,55,43,7,Healthcare,Alexandria / Gamal Abdel Nasser St.,80,12000,150,5,5,1.19,7.7,TRUE
602,55,43,8,Healthcare,Alexandria / Gamal Abdel Nasser St.,80,12000,150,5,5,1.19,7.7,TRUE
603,55,43,9,Retail,Alexandria / Gamal Abdel Nasser St.,80,12000,150,0,0,1.19,10,TRUE
604,55,43,10,Retail,Alexandria / Gamal Abdel Nasser St.,80,12000,150,0,0,1.19,10,TRUE
605,55,43,11,Tourism & Hospitality,Alexandria / Gamal Abdel Nasser St.,80,12000,150,0,0,1.19,10,TRUE
606,56,43,1,Financial Services,Alexandria / Gamal Abdel Nasser St.,250,85000,340,0,0,0.8,9.18,TRUE
607,56,43,2,Food & Beverage,Alexandria / Gamal Abdel Nasser St.,250,85000,340,0,0,0.8,9.18,TRUE
608,56,43,3,Food & Beverage,Alexandria / Gamal Abdel Nasser St.,250,85000,340,0,0,0.8,9.18,TRUE
609,56,43,4,Food & Beverage,Alexandria / Gamal Abdel Nasser St.,250,85000,340,0,0,0.8,9.18,TRUE
610,56,43,5,Food & Beverage,Alexandria / Gamal Abdel Nasser St.,250,85000,340,0,0,0.8,9.18,TRUE
611,56,43,6,Health & Fitness,Alexandria / Gamal Abdel Nasser St.,250,85000,340,0,0,0.8,9.18,TRUE
612,56,43,7,Healthcare,Alexandria / Gamal Abdel Nasser St.,250,85000,340,5,5,0.8,6.88,TRUE
613,56,43,8,Healthcare,Alexandria / Gamal Abdel Nasser St.,250,85000,340,5,5,0.8,6.88,TRUE
614,56,43,9,Retail,Alexandria / Gamal Abdel Nasser St.,250,85000,340,0,0,0.8,9.18,TRUE
615,56,43,10,Retail,Alexandria / Gamal Abdel Nasser St.,250,85000,340,0,0,0.8,9.18,TRUE
616,56,43,11,Tourism & Hospitality,Alexandria / Gamal Abdel Nasser St.,250,85000,340,0,0,0.8,9.18,TRUE
617,57,43,1,Financial Services,Alexandria / Gamal Abdel Nasser St.,60,12000,200,0,0,1.09,10,TRUE
618,57,43,2,Food & Beverage,Alexandria / Gamal Abdel Nasser St.,60,12000,200,0,0,1.09,10,TRUE
619,57,43,3,Food & Beverage,Alexandria / Gamal Abdel Nasser St.,60,12000,200,0,0,1.09,10,TRUE
620,57,43,4,Food & Beverage,Alexandria / Gamal Abdel Nasser St.,60,12000,200,0,0,1.09,10,TRUE
621,57,43,5,Food & Beverage,Alexandria / Gamal Abdel Nasser St.,60,12000,200,0,0,1.09,10,TRUE
622,57,43,6,Health & Fitness,Alexandria / Gamal Abdel Nasser St.,60,12000,200,0,0,1.09,10,TRUE
623,57,43,7,Healthcare,Alexandria / Gamal Abdel Nasser St.,60,12000,200,5,5,1.09,7.7,TRUE
624,57,43,8,Healthcare,Alexandria / Gamal Abdel Nasser St.,60,12000,200,5,5,1.09,7.7,TRUE
625,57,43,9,Retail,Alexandria / Gamal Abdel Nasser St.,60,12000,200,0,0,1.09,10,TRUE
626,57,43,10,Retail,Alexandria / Gamal Abdel Nasser St.,60,12000,200,0,0,1.09,10,TRUE
627,57,43,11,Tourism & Hospitality,Alexandria / Gamal Abdel Nasser St.,60,12000,200,0,0,1.09,10,TRUE
628,58,43,1,Financial Services,Alexandria / Gamal Abdel Nasser St.,120,12000,100,0,0,1.29,10,TRUE
629,58,43,2,Food & Beverage,Alexandria / Gamal Abdel Nasser St.,120,12000,100,0,0,1.29,10,TRUE
630,58,43,3,Food & Beverage,Alexandria / Gamal Abdel Nasser St.,120,12000,100,0,0,1.29,10,TRUE
631,58,43,4,Food & Beverage,Alexandria / Gamal Abdel Nasser St.,120,12000,100,0,0,1.29,10,TRUE
632,58,43,5,Food & Beverage,Alexandria / Gamal Abdel Nasser St.,120,12000,100,0,0,1.29,10,TRUE
633,58,43,6,Health & Fitness,Alexandria / Gamal Abdel Nasser St.,120,12000,100,0,0,1.29,10,TRUE
634,58,43,7,Healthcare,Alexandria / Gamal Abdel Nasser St.,120,12000,100,5,5,1.29,7.7,TRUE
635,58,43,8,Healthcare,Alexandria / Gamal Abdel Nasser St.,120,12000,100,5,5,1.29,7.7,TRUE
636,58,43,9,Retail,Alexandria / Gamal Abdel Nasser St.,120,12000,100,0,0,1.29,10,TRUE
637,58,43,10,Retail,Alexandria / Gamal Abdel Nasser St.,120,12000,100,0,0,1.29,10,TRUE
638,58,43,11,Tourism & Hospitality,Alexandria / Gamal Abdel Nasser St.,120,12000,100,0,0,1.29,10,TRUE
639,59,46,1,Financial Services,Alexandria / Khaled Ibn El Waleed St.,148,45000,304.05,0,2,0.92,9.69,TRUE
640,59,46,2,Food & Beverage,Alexandria / Khaled Ibn El Waleed St.,148,45000,304.05,0,2,0.92,9.69,TRUE
641,59,46,3,Food & Beverage,Alexandria / Khaled Ibn El Waleed St.,148,45000,304.05,0,2,0.92,9.69,TRUE
642,59,46,4,Food & Beverage,Alexandria / Khaled Ibn El Waleed St.,148,45000,304.05,0,2,0.92,9.69,TRUE
643,59,46,5,Food & Beverage,Alexandria / Khaled Ibn El Waleed St.,148,45000,304.05,0,2,0.92,9.69,TRUE
644,59,46,6,Health & Fitness,Alexandria / Khaled Ibn El Waleed St.,148,45000,304.05,1,2,0.92,9.39,TRUE
645,59,46,7,Healthcare,Alexandria / Khaled Ibn El Waleed St.,148,45000,304.05,8,15,0.92,5.16,FALSE
646,59,46,8,Healthcare,Alexandria / Khaled Ibn El Waleed St.,148,45000,304.05,8,15,0.92,5.16,FALSE
647,59,46,9,Retail,Alexandria / Khaled Ibn El Waleed St.,148,45000,304.05,0,0,0.92,9.69,TRUE
648,59,46,10,Retail,Alexandria / Khaled Ibn El Waleed St.,148,45000,304.05,0,0,0.92,9.69,TRUE
649,59,46,11,Tourism & Hospitality,Alexandria / Khaled Ibn El Waleed St.,148,45000,304.05,0,1,0.92,9.69,TRUE
650,60,46,1,Financial Services,Alexandria / Khaled Ibn El Waleed St.,150,30000,200,0,2,1.12,10,TRUE
651,60,46,2,Food & Beverage,Alexandria / Khaled Ibn El Waleed St.,150,30000,200,0,2,1.12,10,TRUE
652,60,46,3,Food & Beverage,Alexandria / Khaled Ibn El Waleed St.,150,30000,200,0,2,1.12,10,TRUE
653,60,46,4,Food & Beverage,Alexandria / Khaled Ibn El Waleed St.,150,30000,200,0,2,1.12,10,TRUE
654,60,46,5,Food & Beverage,Alexandria / Khaled Ibn El Waleed St.,150,30000,200,0,2,1.12,10,TRUE
655,60,46,6,Health & Fitness,Alexandria / Khaled Ibn El Waleed St.,150,30000,200,1,2,1.12,9.7,TRUE
656,60,46,7,Healthcare,Alexandria / Khaled Ibn El Waleed St.,150,30000,200,8,15,1.12,5.47,FALSE
657,60,46,8,Healthcare,Alexandria / Khaled Ibn El Waleed St.,150,30000,200,8,15,1.12,5.47,FALSE
658,60,46,9,Retail,Alexandria / Khaled Ibn El Waleed St.,150,30000,200,0,0,1.12,10,TRUE
659,60,46,10,Retail,Alexandria / Khaled Ibn El Waleed St.,150,30000,200,0,0,1.12,10,TRUE
660,60,46,11,Tourism & Hospitality,Alexandria / Khaled Ibn El Waleed St.,150,30000,200,0,1,1.12,10,TRUE
661,61,46,1,Financial Services,Alexandria / Khaled Ibn El Waleed St.,180,50000,277.78,0,2,0.97,9.89,TRUE
662,61,46,2,Food & Beverage,Alexandria / Khaled Ibn El Waleed St.,180,50000,277.78,0,2,0.97,9.89,TRUE
663,61,46,3,Food & Beverage,Alexandria / Khaled Ibn El Waleed St.,180,50000,277.78,0,2,0.97,9.89,TRUE
664,61,46,4,Food & Beverage,Alexandria / Khaled Ibn El Waleed St.,180,50000,277.78,0,2,0.97,9.89,TRUE
665,61,46,5,Food & Beverage,Alexandria / Khaled Ibn El Waleed St.,180,50000,277.78,0,2,0.97,9.89,TRUE
666,61,46,6,Health & Fitness,Alexandria / Khaled Ibn El Waleed St.,180,50000,277.78,1,2,0.97,9.59,TRUE
667,61,46,7,Healthcare,Alexandria / Khaled Ibn El Waleed St.,180,50000,277.78,8,15,0.97,5.36,FALSE
668,61,46,8,Healthcare,Alexandria / Khaled Ibn El Waleed St.,180,50000,277.78,8,15,0.97,5.36,FALSE
669,61,46,9,Retail,Alexandria / Khaled Ibn El Waleed St.,180,50000,277.78,0,0,0.97,9.89,TRUE
670,61,46,10,Retail,Alexandria / Khaled Ibn El Waleed St.,180,50000,277.78,0,0,0.97,9.89,TRUE
671,61,46,11,Tourism & Hospitality,Alexandria / Khaled Ibn El Waleed St.,180,50000,277.78,0,1,0.97,9.89,TRUE
672,62,46,1,Financial Services,Alexandria / Khaled Ibn El Waleed St.,200,50000,250,0,2,1.03,10,TRUE
673,62,46,2,Food & Beverage,Alexandria / Khaled Ibn El Waleed St.,200,50000,250,0,2,1.03,10,TRUE
674,62,46,3,Food & Beverage,Alexandria / Khaled Ibn El Waleed St.,200,50000,250,0,2,1.03,10,TRUE
675,62,46,4,Food & Beverage,Alexandria / Khaled Ibn El Waleed St.,200,50000,250,0,2,1.03,10,TRUE
676,62,46,5,Food & Beverage,Alexandria / Khaled Ibn El Waleed St.,200,50000,250,0,2,1.03,10,TRUE
677,62,46,6,Health & Fitness,Alexandria / Khaled Ibn El Waleed St.,200,50000,250,1,2,1.03,9.7,TRUE
678,62,46,7,Healthcare,Alexandria / Khaled Ibn El Waleed St.,200,50000,250,8,15,1.03,5.47,FALSE
679,62,46,8,Healthcare,Alexandria / Khaled Ibn El Waleed St.,200,50000,250,8,15,1.03,5.47,FALSE
680,62,46,9,Retail,Alexandria / Khaled Ibn El Waleed St.,200,50000,250,0,0,1.03,10,TRUE
681,62,46,10,Retail,Alexandria / Khaled Ibn El Waleed St.,200,50000,250,0,0,1.03,10,TRUE
682,62,46,11,Tourism & Hospitality,Alexandria / Khaled Ibn El Waleed St.,200,50000,250,0,1,1.03,10,TRUE
683,63,46,1,Financial Services,Alexandria / Khaled Ibn El Waleed St.,90,14000,155.56,0,2,1.21,10,TRUE
684,63,46,2,Food & Beverage,Alexandria / Khaled Ibn El Waleed St.,90,14000,155.56,0,2,1.21,10,TRUE
685,63,46,3,Food & Beverage,Alexandria / Khaled Ibn El Waleed St.,90,14000,155.56,0,2,1.21,10,TRUE
686,63,46,4,Food & Beverage,Alexandria / Khaled Ibn El Waleed St.,90,14000,155.56,0,2,1.21,10,TRUE
687,63,46,5,Food & Beverage,Alexandria / Khaled Ibn El Waleed St.,90,14000,155.56,0,2,1.21,10,TRUE
688,63,46,6,Health & Fitness,Alexandria / Khaled Ibn El Waleed St.,90,14000,155.56,1,2,1.21,9.7,TRUE
689,63,46,7,Healthcare,Alexandria / Khaled Ibn El Waleed St.,90,14000,155.56,8,15,1.21,5.47,FALSE
690,63,46,8,Healthcare,Alexandria / Khaled Ibn El Waleed St.,90,14000,155.56,8,15,1.21,5.47,FALSE
691,63,46,9,Retail,Alexandria / Khaled Ibn El Waleed St.,90,14000,155.56,0,0,1.21,10,TRUE
692,63,46,10,Retail,Alexandria / Khaled Ibn El Waleed St.,90,14000,155.56,0,0,1.21,10,TRUE
693,63,46,11,Tourism & Hospitality,Alexandria / Khaled Ibn El Waleed St.,90,14000,155.56,0,1,1.21,10,TRUE
694,64,22,1,Financial Services,Alexandria / Kornesh El-Maamoura St,140,135000,964.29,0,0,0.57,8.3,TRUE
695,64,22,2,Food & Beverage,Alexandria / Kornesh El-Maamoura St,140,135000,964.29,0,0,0.57,8.3,TRUE
696,64,22,3,Food & Beverage,Alexandria / Kornesh El-Maamoura St,140,135000,964.29,0,0,0.57,8.3,TRUE
697,64,22,4,Food & Beverage,Alexandria / Kornesh El-Maamoura St,140,135000,964.29,0,0,0.57,8.3,TRUE
698,64,22,5,Food & Beverage,Alexandria / Kornesh El-Maamoura St,140,135000,964.29,0,0,0.57,8.3,TRUE
699,64,22,6,Health & Fitness,Alexandria / Kornesh El-Maamoura St,140,135000,964.29,0,0,0.57,8.3,TRUE
700,64,22,7,Healthcare,Alexandria / Kornesh El-Maamoura St,140,135000,964.29,3,3,0.57,6.9,TRUE
701,64,22,8,Healthcare,Alexandria / Kornesh El-Maamoura St,140,135000,964.29,3,3,0.57,6.9,TRUE
702,64,22,9,Retail,Alexandria / Kornesh El-Maamoura St,140,135000,964.29,0,0,0.57,8.3,TRUE
703,64,22,10,Retail,Alexandria / Kornesh El-Maamoura St,140,135000,964.29,0,0,0.57,8.3,TRUE
704,64,22,11,Tourism & Hospitality,Alexandria / Kornesh El-Maamoura St,140,135000,964.29,1,2,0.57,8,TRUE
705,65,14,1,Financial Services,Alexandria / La Jetee St.,100,15000,150,2,2,1.24,9.4,TRUE
706,65,14,2,Food & Beverage,Alexandria / La Jetee St.,100,15000,150,8,24,1.24,5.27,FALSE
707,65,14,3,Food & Beverage,Alexandria / La Jetee St.,100,15000,150,8,24,1.24,5.27,FALSE
708,65,14,4,Food & Beverage,Alexandria / La Jetee St.,100,15000,150,8,24,1.24,5.27,FALSE
709,65,14,5,Food & Beverage,Alexandria / La Jetee St.,100,15000,150,8,24,1.24,5.27,FALSE
710,65,14,6,Health & Fitness,Alexandria / La Jetee St.,100,15000,150,0,0,1.24,10,TRUE
711,65,14,7,Healthcare,Alexandria / La Jetee St.,100,15000,150,6,6,1.24,7.87,TRUE
712,65,14,8,Healthcare,Alexandria / La Jetee St.,100,15000,150,6,6,1.24,7.87,TRUE
713,65,14,9,Retail,Alexandria / La Jetee St.,100,15000,150,2,2,1.24,9.4,TRUE
714,65,14,10,Retail,Alexandria / La Jetee St.,100,15000,150,2,2,1.24,9.4,TRUE
715,65,14,11,Tourism & Hospitality,Alexandria / La Jetee St.,100,15000,150,1,1,1.24,9.7,TRUE
716,66,14,1,Financial Services,Alexandria / La Jetee St.,125,20000,160,2,2,1.22,9.4,TRUE
717,66,14,2,Food & Beverage,Alexandria / La Jetee St.,125,20000,160,8,24,1.22,5.27,FALSE
718,66,14,3,Food & Beverage,Alexandria / La Jetee St.,125,20000,160,8,24,1.22,5.27,FALSE
719,66,14,4,Food & Beverage,Alexandria / La Jetee St.,125,20000,160,8,24,1.22,5.27,FALSE
720,66,14,5,Food & Beverage,Alexandria / La Jetee St.,125,20000,160,8,24,1.22,5.27,FALSE
721,66,14,6,Health & Fitness,Alexandria / La Jetee St.,125,20000,160,0,0,1.22,10,TRUE
722,66,14,7,Healthcare,Alexandria / La Jetee St.,125,20000,160,6,6,1.22,7.87,TRUE
723,66,14,8,Healthcare,Alexandria / La Jetee St.,125,20000,160,6,6,1.22,7.87,TRUE
724,66,14,9,Retail,Alexandria / La Jetee St.,125,20000,160,2,2,1.22,9.4,TRUE
725,66,14,10,Retail,Alexandria / La Jetee St.,125,20000,160,2,2,1.22,9.4,TRUE
726,66,14,11,Tourism & Hospitality,Alexandria / La Jetee St.,125,20000,160,1,1,1.22,9.7,TRUE
727,67,14,1,Financial Services,Alexandria / La Jetee St.,65,20000,307.69,2,2,0.97,9.28,TRUE
728,67,14,2,Food & Beverage,Alexandria / La Jetee St.,65,20000,307.69,8,24,0.97,5.15,FALSE
729,67,14,3,Food & Beverage,Alexandria / La Jetee St.,65,20000,307.69,8,24,0.97,5.15,FALSE
730,67,14,4,Food & Beverage,Alexandria / La Jetee St.,65,20000,307.69,8,24,0.97,5.15,FALSE
731,67,14,5,Food & Beverage,Alexandria / La Jetee St.,65,20000,307.69,8,24,0.97,5.15,FALSE
732,67,14,6,Health & Fitness,Alexandria / La Jetee St.,65,20000,307.69,0,0,0.97,9.88,TRUE
733,67,14,7,Healthcare,Alexandria / La Jetee St.,65,20000,307.69,6,6,0.97,7.75,TRUE
734,67,14,8,Healthcare,Alexandria / La Jetee St.,65,20000,307.69,6,6,0.97,7.75,TRUE
735,67,14,9,Retail,Alexandria / La Jetee St.,65,20000,307.69,2,2,0.97,9.28,TRUE
736,67,14,10,Retail,Alexandria / La Jetee St.,65,20000,307.69,2,2,0.97,9.28,TRUE
737,67,14,11,Tourism & Hospitality,Alexandria / La Jetee St.,65,20000,307.69,1,1,0.97,9.58,TRUE
738,68,37,1,Financial Services,Alexandria / Miami,60,15000,250,0,0,0.9,9.59,TRUE
739,68,37,2,Food & Beverage,Alexandria / Miami,60,15000,250,0,0,0.9,9.59,TRUE
740,68,37,3,Food & Beverage,Alexandria / Miami,60,15000,250,0,0,0.9,9.59,TRUE
741,68,37,4,Food & Beverage,Alexandria / Miami,60,15000,250,0,0,0.9,9.59,TRUE
742,68,37,5,Food & Beverage,Alexandria / Miami,60,15000,250,0,0,0.9,9.59,TRUE
743,68,37,6,Health & Fitness,Alexandria / Miami,60,15000,250,0,0,0.9,9.59,TRUE
744,68,37,7,Healthcare,Alexandria / Miami,60,15000,250,1,5,0.9,8.29,TRUE
745,68,37,8,Healthcare,Alexandria / Miami,60,15000,250,1,5,0.9,8.29,TRUE
746,68,37,9,Retail,Alexandria / Miami,60,15000,250,0,0,0.9,9.59,TRUE
747,68,37,10,Retail,Alexandria / Miami,60,15000,250,0,0,0.9,9.59,TRUE
748,68,37,11,Tourism & Hospitality,Alexandria / Miami,60,15000,250,0,0,0.9,9.59,TRUE
749,69,38,1,Financial Services,Alexandria / Mohammed Al Eqbal St.,80,20000,250,3,8,1.06,8.22,TRUE
750,69,38,2,Food & Beverage,Alexandria / Mohammed Al Eqbal St.,80,20000,250,3,11,1.06,7.65,TRUE
751,69,38,3,Food & Beverage,Alexandria / Mohammed Al Eqbal St.,80,20000,250,3,11,1.06,7.65,TRUE
752,69,38,4,Food & Beverage,Alexandria / Mohammed Al Eqbal St.,80,20000,250,3,11,1.06,7.65,TRUE
753,69,38,5,Food & Beverage,Alexandria / Mohammed Al Eqbal St.,80,20000,250,3,11,1.06,7.65,TRUE
754,69,38,6,Health & Fitness,Alexandria / Mohammed Al Eqbal St.,80,20000,250,0,2,1.06,10,TRUE
755,69,38,7,Healthcare,Alexandria / Mohammed Al Eqbal St.,80,20000,250,8,10,1.06,6.3,TRUE
756,69,38,8,Healthcare,Alexandria / Mohammed Al Eqbal St.,80,20000,250,8,10,1.06,6.3,TRUE
757,69,38,9,Retail,Alexandria / Mohammed Al Eqbal St.,80,20000,250,3,5,1.06,9.1,TRUE
758,69,38,10,Retail,Alexandria / Mohammed Al Eqbal St.,80,20000,250,3,5,1.06,9.1,TRUE
759,69,38,11,Tourism & Hospitality,Alexandria / Mohammed Al Eqbal St.,80,20000,250,2,2,1.06,9.4,TRUE
760,70,38,1,Financial Services,Alexandria / Mohammed Al Eqbal St.,80,25000,312.5,3,8,0.94,8,TRUE
761,70,38,2,Food & Beverage,Alexandria / Mohammed Al Eqbal St.,80,25000,312.5,3,11,0.94,7.42,TRUE
762,70,38,3,Food & Beverage,Alexandria / Mohammed Al Eqbal St.,80,25000,312.5,3,11,0.94,7.42,TRUE
763,70,38,4,Food & Beverage,Alexandria / Mohammed Al Eqbal St.,80,25000,312.5,3,11,0.94,7.42,TRUE
764,70,38,5,Food & Beverage,Alexandria / Mohammed Al Eqbal St.,80,25000,312.5,3,11,0.94,7.42,TRUE
765,70,38,6,Health & Fitness,Alexandria / Mohammed Al Eqbal St.,80,25000,312.5,0,2,0.94,9.78,TRUE
766,70,38,7,Healthcare,Alexandria / Mohammed Al Eqbal St.,80,25000,312.5,8,10,0.94,6.08,TRUE
767,70,38,8,Healthcare,Alexandria / Mohammed Al Eqbal St.,80,25000,312.5,8,10,0.94,6.08,TRUE
768,70,38,9,Retail,Alexandria / Mohammed Al Eqbal St.,80,25000,312.5,3,5,0.94,8.88,TRUE
769,70,38,10,Retail,Alexandria / Mohammed Al Eqbal St.,80,25000,312.5,3,5,0.94,8.88,TRUE
770,70,38,11,Tourism & Hospitality,Alexandria / Mohammed Al Eqbal St.,80,25000,312.5,2,2,0.94,9.18,TRUE
771,71,20,1,Financial Services,Alexandria / Mohammed Darwish El-Deeb St.,85,120000,1411.76,0,0,0.26,7.04,TRUE
772,71,20,2,Food & Beverage,Alexandria / Mohammed Darwish El-Deeb St.,85,120000,1411.76,0,3,0.26,7.04,TRUE
773,71,20,3,Food & Beverage,Alexandria / Mohammed Darwish El-Deeb St.,85,120000,1411.76,0,3,0.26,7.04,TRUE
774,71,20,4,Food & Beverage,Alexandria / Mohammed Darwish El-Deeb St.,85,120000,1411.76,0,3,0.26,7.04,TRUE
775,71,20,5,Food & Beverage,Alexandria / Mohammed Darwish El-Deeb St.,85,120000,1411.76,0,3,0.26,7.04,TRUE
776,71,20,6,Health & Fitness,Alexandria / Mohammed Darwish El-Deeb St.,85,120000,1411.76,0,0,0.26,7.04,TRUE
777,71,20,7,Healthcare,Alexandria / Mohammed Darwish El-Deeb St.,85,120000,1411.76,7,11,0.26,3.94,FALSE
778,71,20,8,Healthcare,Alexandria / Mohammed Darwish El-Deeb St.,85,120000,1411.76,7,11,0.26,3.94,FALSE
779,71,20,9,Retail,Alexandria / Mohammed Darwish El-Deeb St.,85,120000,1411.76,0,1,0.26,7.04,TRUE
780,71,20,10,Retail,Alexandria / Mohammed Darwish El-Deeb St.,85,120000,1411.76,0,1,0.26,7.04,TRUE
781,71,20,11,Tourism & Hospitality,Alexandria / Mohammed Darwish El-Deeb St.,85,120000,1411.76,0,0,0.26,7.04,TRUE
782,72,31,1,Financial Services,Alexandria / Mohammed Fawzi Moaz St.,250,250000,1000,1,8,1,8.95,TRUE
783,72,31,2,Food & Beverage,Alexandria / Mohammed Fawzi Moaz St.,250,250000,1000,5,22,1,6.32,TRUE
784,72,31,3,Food & Beverage,Alexandria / Mohammed Fawzi Moaz St.,250,250000,1000,5,22,1,6.32,TRUE
785,72,31,4,Food & Beverage,Alexandria / Mohammed Fawzi Moaz St.,250,250000,1000,5,22,1,6.32,TRUE
786,72,31,5,Food & Beverage,Alexandria / Mohammed Fawzi Moaz St.,250,250000,1000,5,22,1,6.32,TRUE
787,72,31,6,Health & Fitness,Alexandria / Mohammed Fawzi Moaz St.,250,250000,1000,1,1,1,9.7,TRUE
788,72,31,7,Healthcare,Alexandria / Mohammed Fawzi Moaz St.,250,250000,1000,7,20,1,5.8,FALSE
789,72,31,8,Healthcare,Alexandria / Mohammed Fawzi Moaz St.,250,250000,1000,7,20,1,5.8,FALSE
790,72,31,9,Retail,Alexandria / Mohammed Fawzi Moaz St.,250,250000,1000,5,10,1,7.3,TRUE
791,72,31,10,Retail,Alexandria / Mohammed Fawzi Moaz St.,250,250000,1000,5,10,1,7.3,TRUE
792,72,31,11,Tourism & Hospitality,Alexandria / Mohammed Fawzi Moaz St.,250,250000,1000,0,3,1,10,TRUE
793,73,40,1,Financial Services,Alexandria / Mostafa Fahmy St,700,95000,135.71,1,7,1.25,8.41,TRUE
794,73,40,2,Food & Beverage,Alexandria / Mostafa Fahmy St,700,95000,135.71,2,8,1.25,7.9,TRUE
795,73,40,3,Food & Beverage,Alexandria / Mostafa Fahmy St,700,95000,135.71,2,8,1.25,7.9,TRUE
796,73,40,4,Food & Beverage,Alexandria / Mostafa Fahmy St,700,95000,135.71,2,8,1.25,7.9,TRUE
797,73,40,5,Food & Beverage,Alexandria / Mostafa Fahmy St,700,95000,135.71,2,8,1.25,7.9,TRUE
798,73,40,6,Health & Fitness,Alexandria / Mostafa Fahmy St,700,95000,135.71,0,1,1.25,10,TRUE
799,73,40,7,Healthcare,Alexandria / Mostafa Fahmy St,700,95000,135.71,19,31,1.25,4.39,FALSE
800,73,40,8,Healthcare,Alexandria / Mostafa Fahmy St,700,95000,135.71,19,31,1.25,4.39,FALSE
801,73,40,9,Retail,Alexandria / Mostafa Fahmy St,700,95000,135.71,1,5,1.25,9.1,TRUE
802,73,40,10,Retail,Alexandria / Mostafa Fahmy St,700,95000,135.71,1,5,1.25,9.1,TRUE
803,73,40,11,Tourism & Hospitality,Alexandria / Mostafa Fahmy St,700,95000,135.71,0,2,1.25,10,TRUE
804,74,20,1,Financial Services,Alexandria / New El Hadra,150,12000,80,0,0,1.43,10,TRUE
805,74,20,2,Food & Beverage,Alexandria / New El Hadra,150,12000,80,0,3,1.43,10,TRUE
806,74,20,3,Food & Beverage,Alexandria / New El Hadra,150,12000,80,0,3,1.43,10,TRUE
807,74,20,4,Food & Beverage,Alexandria / New El Hadra,150,12000,80,0,3,1.43,10,TRUE
808,74,20,5,Food & Beverage,Alexandria / New El Hadra,150,12000,80,0,3,1.43,10,TRUE
809,74,20,6,Health & Fitness,Alexandria / New El Hadra,150,12000,80,0,0,1.43,10,TRUE
810,74,20,7,Healthcare,Alexandria / New El Hadra,150,12000,80,7,11,1.43,6.9,TRUE
811,74,20,8,Healthcare,Alexandria / New El Hadra,150,12000,80,7,11,1.43,6.9,TRUE
812,74,20,9,Retail,Alexandria / New El Hadra,150,12000,80,0,1,1.43,10,TRUE
813,74,20,10,Retail,Alexandria / New El Hadra,150,12000,80,0,1,1.43,10,TRUE
814,74,20,11,Tourism & Hospitality,Alexandria / New El Hadra,150,12000,80,0,0,1.43,10,TRUE
815,75,20,1,Financial Services,Alexandria / New El Hadra,150,15000,100,0,0,1.41,10,TRUE
816,75,20,2,Food & Beverage,Alexandria / New El Hadra,150,15000,100,0,3,1.41,10,TRUE
817,75,20,3,Food & Beverage,Alexandria / New El Hadra,150,15000,100,0,3,1.41,10,TRUE
818,75,20,4,Food & Beverage,Alexandria / New El Hadra,150,15000,100,0,3,1.41,10,TRUE
819,75,20,5,Food & Beverage,Alexandria / New El Hadra,150,15000,100,0,3,1.41,10,TRUE
820,75,20,6,Health & Fitness,Alexandria / New El Hadra,150,15000,100,0,0,1.41,10,TRUE
821,75,20,7,Healthcare,Alexandria / New El Hadra,150,15000,100,7,11,1.41,6.9,TRUE
822,75,20,8,Healthcare,Alexandria / New El Hadra,150,15000,100,7,11,1.41,6.9,TRUE
823,75,20,9,Retail,Alexandria / New El Hadra,150,15000,100,0,1,1.41,10,TRUE
824,75,20,10,Retail,Alexandria / New El Hadra,150,15000,100,0,1,1.41,10,TRUE
825,75,20,11,Tourism & Hospitality,Alexandria / New El Hadra,150,15000,100,0,0,1.41,10,TRUE
826,76,5,1,Financial Services,Alexandria / Riad St,310,210000,677.42,19,48,0.72,3.3,FALSE
827,76,5,2,Food & Beverage,Alexandria / Riad St,310,210000,677.42,100,141,0.72,3.03,FALSE
828,76,5,3,Food & Beverage,Alexandria / Riad St,310,210000,677.42,100,141,0.72,3.03,FALSE
829,76,5,4,Food & Beverage,Alexandria / Riad St,310,210000,677.42,100,141,0.72,3.03,FALSE
830,76,5,5,Food & Beverage,Alexandria / Riad St,310,210000,677.42,100,141,0.72,3.03,FALSE
831,76,5,6,Health & Fitness,Alexandria / Riad St,310,210000,677.42,1,1,0.72,8.59,TRUE
832,76,5,7,Healthcare,Alexandria / Riad St,310,210000,677.42,35,65,0.72,3.19,FALSE
833,76,5,8,Healthcare,Alexandria / Riad St,310,210000,677.42,35,65,0.72,3.19,FALSE
834,76,5,9,Retail,Alexandria / Riad St,310,210000,677.42,164,173,0.72,3,FALSE
835,76,5,10,Retail,Alexandria / Riad St,310,210000,677.42,164,173,0.72,3,FALSE
836,76,5,11,Tourism & Hospitality,Alexandria / Riad St,310,210000,677.42,20,29,0.72,3.58,FALSE
837,77,40,1,Financial Services,Alexandria / Roushdy Basha St.,60,25000,416.67,1,7,0.75,7.4,TRUE
838,77,40,2,Food & Beverage,Alexandria / Roushdy Basha St.,60,25000,416.67,2,8,0.75,6.88,TRUE
839,77,40,3,Food & Beverage,Alexandria / Roushdy Basha St.,60,25000,416.67,2,8,0.75,6.88,TRUE
840,77,40,4,Food & Beverage,Alexandria / Roushdy Basha St.,60,25000,416.67,2,8,0.75,6.88,TRUE
841,77,40,5,Food & Beverage,Alexandria / Roushdy Basha St.,60,25000,416.67,2,8,0.75,6.88,TRUE
842,77,40,6,Health & Fitness,Alexandria / Roushdy Basha St.,60,25000,416.67,0,1,0.75,8.98,TRUE
843,77,40,7,Healthcare,Alexandria / Roushdy Basha St.,60,25000,416.67,19,31,0.75,3.37,FALSE
844,77,40,8,Healthcare,Alexandria / Roushdy Basha St.,60,25000,416.67,19,31,0.75,3.37,FALSE
845,77,40,9,Retail,Alexandria / Roushdy Basha St.,60,25000,416.67,1,5,0.75,8.08,TRUE
846,77,40,10,Retail,Alexandria / Roushdy Basha St.,60,25000,416.67,1,5,0.75,8.08,TRUE
847,77,40,11,Tourism & Hospitality,Alexandria / Roushdy Basha St.,60,25000,416.67,0,2,0.75,8.98,TRUE
848,78,16,1,Financial Services,Alexandria / Saad Zaghloul St.,100,100000,1000,9,43,0.83,4.1,FALSE
849,78,16,2,Food & Beverage,Alexandria / Saad Zaghloul St.,100,100000,1000,30,132,0.83,3.48,FALSE
850,78,16,3,Food & Beverage,Alexandria / Saad Zaghloul St.,100,100000,1000,30,132,0.83,3.48,FALSE
851,78,16,4,Food & Beverage,Alexandria / Saad Zaghloul St.,100,100000,1000,30,132,0.83,3.48,FALSE
852,78,16,5,Food & Beverage,Alexandria / Saad Zaghloul St.,100,100000,1000,30,132,0.83,3.48,FALSE
853,78,16,6,Health & Fitness,Alexandria / Saad Zaghloul St.,100,100000,1000,0,2,0.83,9.33,TRUE
854,78,16,7,Healthcare,Alexandria / Saad Zaghloul St.,100,100000,1000,16,58,0.83,3.68,FALSE
855,78,16,8,Healthcare,Alexandria / Saad Zaghloul St.,100,100000,1000,16,58,0.83,3.68,FALSE
856,78,16,9,Retail,Alexandria / Saad Zaghloul St.,100,100000,1000,22,169,0.83,3.45,FALSE
857,78,16,10,Retail,Alexandria / Saad Zaghloul St.,100,100000,1000,22,169,0.83,3.45,FALSE
858,78,16,11,Tourism & Hospitality,Alexandria / Saad Zaghloul St.,100,100000,1000,0,19,0.83,7.39,TRUE
859,79,46,1,Financial Services,Alexandria / Salah Salem St.,183,45000,245.9,0,2,1.03,10,TRUE
860,79,46,2,Food & Beverage,Alexandria / Salah Salem St.,183,45000,245.9,0,2,1.03,10,TRUE
861,79,46,3,Food & Beverage,Alexandria / Salah Salem St.,183,45000,245.9,0,2,1.03,10,TRUE
862,79,46,4,Food & Beverage,Alexandria / Salah Salem St.,183,45000,245.9,0,2,1.03,10,TRUE
863,79,46,5,Food & Beverage,Alexandria / Salah Salem St.,183,45000,245.9,0,2,1.03,10,TRUE
864,79,46,6,Health & Fitness,Alexandria / Salah Salem St.,183,45000,245.9,1,2,1.03,9.7,TRUE
865,79,46,7,Healthcare,Alexandria / Salah Salem St.,183,45000,245.9,8,15,1.03,5.47,FALSE
866,79,46,8,Healthcare,Alexandria / Salah Salem St.,183,45000,245.9,8,15,1.03,5.47,FALSE
867,79,46,9,Retail,Alexandria / Salah Salem St.,183,45000,245.9,0,0,1.03,10,TRUE
868,79,46,10,Retail,Alexandria / Salah Salem St.,183,45000,245.9,0,0,1.03,10,TRUE
869,79,46,11,Tourism & Hospitality,Alexandria / Salah Salem St.,183,45000,245.9,0,1,1.03,10,TRUE
870,80,46,1,Financial Services,Alexandria / Salah Salem St.,194,80000,412.37,0,2,0.72,8.87,TRUE
871,80,46,2,Food & Beverage,Alexandria / Salah Salem St.,194,80000,412.37,0,2,0.72,8.87,TRUE
872,80,46,3,Food & Beverage,Alexandria / Salah Salem St.,194,80000,412.37,0,2,0.72,8.87,TRUE
873,80,46,4,Food & Beverage,Alexandria / Salah Salem St.,194,80000,412.37,0,2,0.72,8.87,TRUE
874,80,46,5,Food & Beverage,Alexandria / Salah Salem St.,194,80000,412.37,0,2,0.72,8.87,TRUE
875,80,46,6,Health & Fitness,Alexandria / Salah Salem St.,194,80000,412.37,1,2,0.72,8.57,TRUE
876,80,46,7,Healthcare,Alexandria / Salah Salem St.,194,80000,412.37,8,15,0.72,4.34,FALSE
877,80,46,8,Healthcare,Alexandria / Salah Salem St.,194,80000,412.37,8,15,0.72,4.34,FALSE
878,80,46,9,Retail,Alexandria / Salah Salem St.,194,80000,412.37,0,0,0.72,8.87,TRUE
879,80,46,10,Retail,Alexandria / Salah Salem St.,194,80000,412.37,0,0,0.72,8.87,TRUE
880,80,46,11,Tourism & Hospitality,Alexandria / Salah Salem St.,194,80000,412.37,0,1,0.72,8.87,TRUE
881,81,14,1,Financial Services,Alexandria / Sant Giyn St.,138,75000,543.48,2,2,0.56,7.66,TRUE
882,81,14,2,Food & Beverage,Alexandria / Sant Giyn St.,138,75000,543.48,8,24,0.56,3.52,FALSE
883,81,14,3,Food & Beverage,Alexandria / Sant Giyn St.,138,75000,543.48,8,24,0.56,3.52,FALSE
884,81,14,4,Food & Beverage,Alexandria / Sant Giyn St.,138,75000,543.48,8,24,0.56,3.52,FALSE
885,81,14,5,Food & Beverage,Alexandria / Sant Giyn St.,138,75000,543.48,8,24,0.56,3.52,FALSE
886,81,14,6,Health & Fitness,Alexandria / Sant Giyn St.,138,75000,543.48,0,0,0.56,8.26,TRUE
887,81,14,7,Healthcare,Alexandria / Sant Giyn St.,138,75000,543.48,6,6,0.56,6.12,TRUE
888,81,14,8,Healthcare,Alexandria / Sant Giyn St.,138,75000,543.48,6,6,0.56,6.12,TRUE
889,81,14,9,Retail,Alexandria / Sant Giyn St.,138,75000,543.48,2,2,0.56,7.66,TRUE
890,81,14,10,Retail,Alexandria / Sant Giyn St.,138,75000,543.48,2,2,0.56,7.66,TRUE
891,81,14,11,Tourism & Hospitality,Alexandria / Sant Giyn St.,138,75000,543.48,1,1,0.56,7.96,TRUE
892,82,22,1,Financial Services,Alexandria / Shatee El Nakheel,450,35000,77.78,0,0,1.43,10,TRUE
893,82,22,2,Food & Beverage,Alexandria / Shatee El Nakheel,450,35000,77.78,0,0,1.43,10,TRUE
894,82,22,3,Food & Beverage,Alexandria / Shatee El Nakheel,450,35000,77.78,0,0,1.43,10,TRUE
895,82,22,4,Food & Beverage,Alexandria / Shatee El Nakheel,450,35000,77.78,0,0,1.43,10,TRUE
896,82,22,5,Food & Beverage,Alexandria / Shatee El Nakheel,450,35000,77.78,0,0,1.43,10,TRUE
897,82,22,6,Health & Fitness,Alexandria / Shatee El Nakheel,450,35000,77.78,0,0,1.43,10,TRUE
898,82,22,7,Healthcare,Alexandria / Shatee El Nakheel,450,35000,77.78,3,3,1.43,8.6,TRUE
899,82,22,8,Healthcare,Alexandria / Shatee El Nakheel,450,35000,77.78,3,3,1.43,8.6,TRUE
900,82,22,9,Retail,Alexandria / Shatee El Nakheel,450,35000,77.78,0,0,1.43,10,TRUE
901,82,22,10,Retail,Alexandria / Shatee El Nakheel,450,35000,77.78,0,0,1.43,10,TRUE
902,82,22,11,Tourism & Hospitality,Alexandria / Shatee El Nakheel,450,35000,77.78,1,2,1.43,9.7,TRUE
903,83,43,1,Financial Services,Alexandria / Sidi Bishr,70,40000,571.43,0,0,0.32,7.27,TRUE
904,83,43,2,Food & Beverage,Alexandria / Sidi Bishr,70,40000,571.43,0,0,0.32,7.27,TRUE
905,83,43,3,Food & Beverage,Alexandria / Sidi Bishr,70,40000,571.43,0,0,0.32,7.27,TRUE
906,83,43,4,Food & Beverage,Alexandria / Sidi Bishr,70,40000,571.43,0,0,0.32,7.27,TRUE
907,83,43,5,Food & Beverage,Alexandria / Sidi Bishr,70,40000,571.43,0,0,0.32,7.27,TRUE
908,83,43,6,Health & Fitness,Alexandria / Sidi Bishr,70,40000,571.43,0,0,0.32,7.27,TRUE
909,83,43,7,Healthcare,Alexandria / Sidi Bishr,70,40000,571.43,5,5,0.32,4.97,FALSE
910,83,43,8,Healthcare,Alexandria / Sidi Bishr,70,40000,571.43,5,5,0.32,4.97,FALSE
911,83,43,9,Retail,Alexandria / Sidi Bishr,70,40000,571.43,0,0,0.32,7.27,TRUE
912,83,43,10,Retail,Alexandria / Sidi Bishr,70,40000,571.43,0,0,0.32,7.27,TRUE
913,83,43,11,Tourism & Hospitality,Alexandria / Sidi Bishr,70,40000,571.43,0,0,0.32,7.27,TRUE
914,84,43,1,Financial Services,Alexandria / Sidi Bishr,100,13000,130,0,0,1.23,10,TRUE
915,84,43,2,Food & Beverage,Alexandria / Sidi Bishr,100,13000,130,0,0,1.23,10,TRUE
916,84,43,3,Food & Beverage,Alexandria / Sidi Bishr,100,13000,130,0,0,1.23,10,TRUE
917,84,43,4,Food & Beverage,Alexandria / Sidi Bishr,100,13000,130,0,0,1.23,10,TRUE
918,84,43,5,Food & Beverage,Alexandria / Sidi Bishr,100,13000,130,0,0,1.23,10,TRUE
919,84,43,6,Health & Fitness,Alexandria / Sidi Bishr,100,13000,130,0,0,1.23,10,TRUE
920,84,43,7,Healthcare,Alexandria / Sidi Bishr,100,13000,130,5,5,1.23,7.7,TRUE
921,84,43,8,Healthcare,Alexandria / Sidi Bishr,100,13000,130,5,5,1.23,7.7,TRUE
922,84,43,9,Retail,Alexandria / Sidi Bishr,100,13000,130,0,0,1.23,10,TRUE
923,84,43,10,Retail,Alexandria / Sidi Bishr,100,13000,130,0,0,1.23,10,TRUE
924,84,43,11,Tourism & Hospitality,Alexandria / Sidi Bishr,100,13000,130,0,0,1.23,10,TRUE
925,85,43,1,Financial Services,Alexandria / Sidi Bishr,60,5000,83.33,0,0,1.33,10,TRUE
926,85,43,2,Food & Beverage,Alexandria / Sidi Bishr,60,5000,83.33,0,0,1.33,10,TRUE
927,85,43,3,Food & Beverage,Alexandria / Sidi Bishr,60,5000,83.33,0,0,1.33,10,TRUE
928,85,43,4,Food & Beverage,Alexandria / Sidi Bishr,60,5000,83.33,0,0,1.33,10,TRUE
929,85,43,5,Food & Beverage,Alexandria / Sidi Bishr,60,5000,83.33,0,0,1.33,10,TRUE
930,85,43,6,Health & Fitness,Alexandria / Sidi Bishr,60,5000,83.33,0,0,1.33,10,TRUE
931,85,43,7,Healthcare,Alexandria / Sidi Bishr,60,5000,83.33,5,5,1.33,7.7,TRUE
932,85,43,8,Healthcare,Alexandria / Sidi Bishr,60,5000,83.33,5,5,1.33,7.7,TRUE
933,85,43,9,Retail,Alexandria / Sidi Bishr,60,5000,83.33,0,0,1.33,10,TRUE
934,85,43,10,Retail,Alexandria / Sidi Bishr,60,5000,83.33,0,0,1.33,10,TRUE
935,85,43,11,Tourism & Hospitality,Alexandria / Sidi Bishr,60,5000,83.33,0,0,1.33,10,TRUE
936,86,43,1,Financial Services,Alexandria / Sidi Bishr,60,4500,75,0,0,1.34,10,TRUE
937,86,43,2,Food & Beverage,Alexandria / Sidi Bishr,60,4500,75,0,0,1.34,10,TRUE
938,86,43,3,Food & Beverage,Alexandria / Sidi Bishr,60,4500,75,0,0,1.34,10,TRUE
939,86,43,4,Food & Beverage,Alexandria / Sidi Bishr,60,4500,75,0,0,1.34,10,TRUE
940,86,43,5,Food & Beverage,Alexandria / Sidi Bishr,60,4500,75,0,0,1.34,10,TRUE
941,86,43,6,Health & Fitness,Alexandria / Sidi Bishr,60,4500,75,0,0,1.34,10,TRUE
942,86,43,7,Healthcare,Alexandria / Sidi Bishr,60,4500,75,5,5,1.34,7.7,TRUE
943,86,43,8,Healthcare,Alexandria / Sidi Bishr,60,4500,75,5,5,1.34,7.7,TRUE
944,86,43,9,Retail,Alexandria / Sidi Bishr,60,4500,75,0,0,1.34,10,TRUE
945,86,43,10,Retail,Alexandria / Sidi Bishr,60,4500,75,0,0,1.34,10,TRUE
946,86,43,11,Tourism & Hospitality,Alexandria / Sidi Bishr,60,4500,75,0,0,1.34,10,TRUE
947,87,43,1,Financial Services,Alexandria / Sidi Bishr,230,10000,43.48,0,0,1.41,10,TRUE
948,87,43,2,Food & Beverage,Alexandria / Sidi Bishr,230,10000,43.48,0,0,1.41,10,TRUE
949,87,43,3,Food & Beverage,Alexandria / Sidi Bishr,230,10000,43.48,0,0,1.41,10,TRUE
950,87,43,4,Food & Beverage,Alexandria / Sidi Bishr,230,10000,43.48,0,0,1.41,10,TRUE
951,87,43,5,Food & Beverage,Alexandria / Sidi Bishr,230,10000,43.48,0,0,1.41,10,TRUE
952,87,43,6,Health & Fitness,Alexandria / Sidi Bishr,230,10000,43.48,0,0,1.41,10,TRUE
953,87,43,7,Healthcare,Alexandria / Sidi Bishr,230,10000,43.48,5,5,1.41,7.7,TRUE
954,87,43,8,Healthcare,Alexandria / Sidi Bishr,230,10000,43.48,5,5,1.41,7.7,TRUE
955,87,43,9,Retail,Alexandria / Sidi Bishr,230,10000,43.48,0,0,1.41,10,TRUE
956,87,43,10,Retail,Alexandria / Sidi Bishr,230,10000,43.48,0,0,1.41,10,TRUE
957,87,43,11,Tourism & Hospitality,Alexandria / Sidi Bishr,230,10000,43.48,0,0,1.41,10,TRUE
958,88,50,1,Financial Services,Alexandria / Victoria,60,25000,416.67,0,0,0.98,9.94,TRUE
959,88,50,2,Food & Beverage,Alexandria / Victoria,60,25000,416.67,0,0,0.98,9.94,TRUE
960,88,50,3,Food & Beverage,Alexandria / Victoria,60,25000,416.67,0,0,0.98,9.94,TRUE
961,88,50,4,Food & Beverage,Alexandria / Victoria,60,25000,416.67,0,0,0.98,9.94,TRUE
962,88,50,5,Food & Beverage,Alexandria / Victoria,60,25000,416.67,0,0,0.98,9.94,TRUE
963,88,50,6,Health & Fitness,Alexandria / Victoria,60,25000,416.67,0,0,0.98,9.94,TRUE
964,88,50,7,Healthcare,Alexandria / Victoria,60,25000,416.67,3,3,0.98,9.04,TRUE
965,88,50,8,Healthcare,Alexandria / Victoria,60,25000,416.67,3,3,0.98,9.04,TRUE
966,88,50,9,Retail,Alexandria / Victoria,60,25000,416.67,0,0,0.98,9.94,TRUE
967,88,50,10,Retail,Alexandria / Victoria,60,25000,416.67,0,0,0.98,9.94,TRUE
968,88,50,11,Tourism & Hospitality,Alexandria / Victoria,60,25000,416.67,0,0,0.98,9.94,TRUE
969,89,50,1,Financial Services,Alexandria / Victoria,55,25000,454.55,0,0,0.94,9.75,TRUE
970,89,50,2,Food & Beverage,Alexandria / Victoria,55,25000,454.55,0,0,0.94,9.75,TRUE
971,89,50,3,Food & Beverage,Alexandria / Victoria,55,25000,454.55,0,0,0.94,9.75,TRUE
972,89,50,4,Food & Beverage,Alexandria / Victoria,55,25000,454.55,0,0,0.94,9.75,TRUE
973,89,50,5,Food & Beverage,Alexandria / Victoria,55,25000,454.55,0,0,0.94,9.75,TRUE
974,89,50,6,Health & Fitness,Alexandria / Victoria,55,25000,454.55,0,0,0.94,9.75,TRUE
975,89,50,7,Healthcare,Alexandria / Victoria,55,25000,454.55,3,3,0.94,8.85,TRUE
976,89,50,8,Healthcare,Alexandria / Victoria,55,25000,454.55,3,3,0.94,8.85,TRUE
977,89,50,9,Retail,Alexandria / Victoria,55,25000,454.55,0,0,0.94,9.75,TRUE
978,89,50,10,Retail,Alexandria / Victoria,55,25000,454.55,0,0,0.94,9.75,TRUE
979,89,50,11,Tourism & Hospitality,Alexandria / Victoria,55,25000,454.55,0,0,0.94,9.75,TRUE
980,90,50,1,Financial Services,Alexandria / Victoria,60,26000,433.33,0,0,0.96,9.86,TRUE
981,90,50,2,Food & Beverage,Alexandria / Victoria,60,26000,433.33,0,0,0.96,9.86,TRUE
982,90,50,3,Food & Beverage,Alexandria / Victoria,60,26000,433.33,0,0,0.96,9.86,TRUE
983,90,50,4,Food & Beverage,Alexandria / Victoria,60,26000,433.33,0,0,0.96,9.86,TRUE
984,90,50,5,Food & Beverage,Alexandria / Victoria,60,26000,433.33,0,0,0.96,9.86,TRUE
985,90,50,6,Health & Fitness,Alexandria / Victoria,60,26000,433.33,0,0,0.96,9.86,TRUE
986,90,50,7,Healthcare,Alexandria / Victoria,60,26000,433.33,3,3,0.96,8.96,TRUE
987,90,50,8,Healthcare,Alexandria / Victoria,60,26000,433.33,3,3,0.96,8.96,TRUE
988,90,50,9,Retail,Alexandria / Victoria,60,26000,433.33,0,0,0.96,9.86,TRUE
989,90,50,10,Retail,Alexandria / Victoria,60,26000,433.33,0,0,0.96,9.86,TRUE
990,90,50,11,Tourism & Hospitality,Alexandria / Victoria,60,26000,433.33,0,0,0.96,9.86,TRUE
991,91,50,1,Financial Services,Alexandria / Victoria,50,20000,400,0,0,1.01,10,TRUE
992,91,50,2,Food & Beverage,Alexandria / Victoria,50,20000,400,0,0,1.01,10,TRUE
993,91,50,3,Food & Beverage,Alexandria / Victoria,50,20000,400,0,0,1.01,10,TRUE
994,91,50,4,Food & Beverage,Alexandria / Victoria,50,20000,400,0,0,1.01,10,TRUE
995,91,50,5,Food & Beverage,Alexandria / Victoria,50,20000,400,0,0,1.01,10,TRUE
996,91,50,6,Health & Fitness,Alexandria / Victoria,50,20000,400,0,0,1.01,10,TRUE
997,91,50,7,Healthcare,Alexandria / Victoria,50,20000,400,3,3,1.01,9.1,TRUE
998,91,50,8,Healthcare,Alexandria / Victoria,50,20000,400,3,3,1.01,9.1,TRUE
999,91,50,9,Retail,Alexandria / Victoria,50,20000,400,0,0,1.01,10,TRUE
1000,91,50,10,Retail,Alexandria / Victoria,50,20000,400,0,0,1.01,10,TRUE
1001,91,50,11,Tourism & Hospitality,Alexandria / Victoria,50,20000,400,0,0,1.01,10,TRUE
1002,92,5,1,Financial Services,Alexandria / Abd El-Salam Aref St,650,220000,338.46,19,48,1.11,4.42,FALSE
1003,92,5,2,Food & Beverage,Alexandria / Abd El-Salam Aref St,650,220000,338.46,100,141,1.11,4.14,FALSE
1004,92,5,3,Food & Beverage,Alexandria / Abd El-Salam Aref St,650,220000,338.46,100,141,1.11,4.14,FALSE
1005,92,5,4,Food & Beverage,Alexandria / Abd El-Salam Aref St,650,220000,338.46,100,141,1.11,4.14,FALSE
1006,92,5,5,Food & Beverage,Alexandria / Abd El-Salam Aref St,650,220000,338.46,100,141,1.11,4.14,FALSE
1007,92,5,6,Health & Fitness,Alexandria / Abd El-Salam Aref St,650,220000,338.46,1,1,1.11,9.7,TRUE
1008,92,5,7,Healthcare,Alexandria / Abd El-Salam Aref St,650,220000,338.46,35,65,1.11,4.31,FALSE
1009,92,5,8,Healthcare,Alexandria / Abd El-Salam Aref St,650,220000,338.46,35,65,1.11,4.31,FALSE
1010,92,5,9,Retail,Alexandria / Abd El-Salam Aref St,650,220000,338.46,164,173,1.11,4.12,FALSE
1011,92,5,10,Retail,Alexandria / Abd El-Salam Aref St,650,220000,338.46,164,173,1.11,4.12,FALSE
1012,92,5,11,Tourism & Hospitality,Alexandria / Abd El-Salam Aref St,650,220000,338.46,20,29,1.11,4.69,FALSE
1013,93,5,1,Financial Services,Alexandria / Abd El-Salam Aref St,200,65000,325,19,48,1.13,4.42,FALSE
1014,93,5,2,Food & Beverage,Alexandria / Abd El-Salam Aref St,200,65000,325,100,141,1.13,4.14,FALSE
1015,93,5,3,Food & Beverage,Alexandria / Abd El-Salam Aref St,200,65000,325,100,141,1.13,4.14,FALSE
1016,93,5,4,Food & Beverage,Alexandria / Abd El-Salam Aref St,200,65000,325,100,141,1.13,4.14,FALSE
1017,93,5,5,Food & Beverage,Alexandria / Abd El-Salam Aref St,200,65000,325,100,141,1.13,4.14,FALSE
1018,93,5,6,Health & Fitness,Alexandria / Abd El-Salam Aref St,200,65000,325,1,1,1.13,9.7,TRUE
1019,93,5,7,Healthcare,Alexandria / Abd El-Salam Aref St,200,65000,325,35,65,1.13,4.31,FALSE
1020,93,5,8,Healthcare,Alexandria / Abd El-Salam Aref St,200,65000,325,35,65,1.13,4.31,FALSE
1021,93,5,9,Retail,Alexandria / Abd El-Salam Aref St,200,65000,325,164,173,1.13,4.12,FALSE
1022,93,5,10,Retail,Alexandria / Abd El-Salam Aref St,200,65000,325,164,173,1.13,4.12,FALSE
1023,93,5,11,Tourism & Hospitality,Alexandria / Abd El-Salam Aref St,200,65000,325,20,29,1.13,4.69,FALSE
1024,94,5,1,Financial Services,Alexandria / Abdel Salam Aref St.,300,120000,400,19,48,1.04,4.42,FALSE
1025,94,5,2,Food & Beverage,Alexandria / Abdel Salam Aref St.,300,120000,400,100,141,1.04,4.14,FALSE
1026,94,5,3,Food & Beverage,Alexandria / Abdel Salam Aref St.,300,120000,400,100,141,1.04,4.14,FALSE
1027,94,5,4,Food & Beverage,Alexandria / Abdel Salam Aref St.,300,120000,400,100,141,1.04,4.14,FALSE
1028,94,5,5,Food & Beverage,Alexandria / Abdel Salam Aref St.,300,120000,400,100,141,1.04,4.14,FALSE
1029,94,5,6,Health & Fitness,Alexandria / Abdel Salam Aref St.,300,120000,400,1,1,1.04,9.7,TRUE
1030,94,5,7,Healthcare,Alexandria / Abdel Salam Aref St.,300,120000,400,35,65,1.04,4.31,FALSE
1031,94,5,8,Healthcare,Alexandria / Abdel Salam Aref St.,300,120000,400,35,65,1.04,4.31,FALSE
1032,94,5,9,Retail,Alexandria / Abdel Salam Aref St.,300,120000,400,164,173,1.04,4.12,FALSE
1033,94,5,10,Retail,Alexandria / Abdel Salam Aref St.,300,120000,400,164,173,1.04,4.12,FALSE
1034,94,5,11,Tourism & Hospitality,Alexandria / Abdel Salam Aref St.,300,120000,400,20,29,1.04,4.69,FALSE
1035,95,26,1,Financial Services,Alexandria / Ademon Fremon St.,825,412500,500,23,50,1,4.28,FALSE
1036,95,26,2,Food & Beverage,Alexandria / Ademon Fremon St.,825,412500,500,50,151,1,4.09,FALSE
1037,95,26,3,Food & Beverage,Alexandria / Ademon Fremon St.,825,412500,500,50,151,1,4.09,FALSE
1038,95,26,4,Food & Beverage,Alexandria / Ademon Fremon St.,825,412500,500,50,151,1,4.09,FALSE
1039,95,26,5,Food & Beverage,Alexandria / Ademon Fremon St.,825,412500,500,50,151,1,4.09,FALSE
1040,95,26,6,Health & Fitness,Alexandria / Ademon Fremon St.,825,412500,500,1,3,1,9.7,TRUE
1041,95,26,7,Healthcare,Alexandria / Ademon Fremon St.,825,412500,500,29,63,1,4.22,FALSE
1042,95,26,8,Healthcare,Alexandria / Ademon Fremon St.,825,412500,500,29,63,1,4.22,FALSE
1043,95,26,9,Retail,Alexandria / Ademon Fremon St.,825,412500,500,48,174,1,4.08,FALSE
1044,95,26,10,Retail,Alexandria / Ademon Fremon St.,825,412500,500,48,174,1,4.08,FALSE
1045,95,26,11,Tourism & Hospitality,Alexandria / Ademon Fremon St.,825,412500,500,0,27,1,7.52,TRUE
1046,96,13,1,Financial Services,Alexandria / Al Agamy,50,2000,40,0,0,1.22,10,TRUE
1047,96,13,2,Food & Beverage,Alexandria / Al Agamy,50,2000,40,0,0,1.22,10,TRUE
1048,96,13,3,Food & Beverage,Alexandria / Al Agamy,50,2000,40,0,0,1.22,10,TRUE
1049,96,13,4,Food & Beverage,Alexandria / Al Agamy,50,2000,40,0,0,1.22,10,TRUE
1050,96,13,5,Food & Beverage,Alexandria / Al Agamy,50,2000,40,0,0,1.22,10,TRUE
1051,96,13,6,Health & Fitness,Alexandria / Al Agamy,50,2000,40,0,0,1.22,10,TRUE
1052,96,13,7,Healthcare,Alexandria / Al Agamy,50,2000,40,0,0,1.22,10,TRUE
1053,96,13,8,Healthcare,Alexandria / Al Agamy,50,2000,40,0,0,1.22,10,TRUE
1054,96,13,9,Retail,Alexandria / Al Agamy,50,2000,40,0,0,1.22,10,TRUE
1055,96,13,10,Retail,Alexandria / Al Agamy,50,2000,40,0,0,1.22,10,TRUE
1056,96,13,11,Tourism & Hospitality,Alexandria / Al Agamy,50,2000,40,0,0,1.22,10,TRUE
1057,97,13,1,Financial Services,Alexandria / Al Agamy,100,12000,120,0,0,0.66,8.65,TRUE
1058,97,13,2,Food & Beverage,Alexandria / Al Agamy,100,12000,120,0,0,0.66,8.65,TRUE
1059,97,13,3,Food & Beverage,Alexandria / Al Agamy,100,12000,120,0,0,0.66,8.65,TRUE
1060,97,13,4,Food & Beverage,Alexandria / Al Agamy,100,12000,120,0,0,0.66,8.65,TRUE
1061,97,13,5,Food & Beverage,Alexandria / Al Agamy,100,12000,120,0,0,0.66,8.65,TRUE
1062,97,13,6,Health & Fitness,Alexandria / Al Agamy,100,12000,120,0,0,0.66,8.65,TRUE
1063,97,13,7,Healthcare,Alexandria / Al Agamy,100,12000,120,0,0,0.66,8.65,TRUE
1064,97,13,8,Healthcare,Alexandria / Al Agamy,100,12000,120,0,0,0.66,8.65,TRUE
1065,97,13,9,Retail,Alexandria / Al Agamy,100,12000,120,0,0,0.66,8.65,TRUE
1066,97,13,10,Retail,Alexandria / Al Agamy,100,12000,120,0,0,0.66,8.65,TRUE
1067,97,13,11,Tourism & Hospitality,Alexandria / Al Agamy,100,12000,120,0,0,0.66,8.65,TRUE
1068,98,13,1,Financial Services,Alexandria / Al Agamy,100,5500,55,0,0,1.12,10,TRUE
1069,98,13,2,Food & Beverage,Alexandria / Al Agamy,100,5500,55,0,0,1.12,10,TRUE
1070,98,13,3,Food & Beverage,Alexandria / Al Agamy,100,5500,55,0,0,1.12,10,TRUE
1071,98,13,4,Food & Beverage,Alexandria / Al Agamy,100,5500,55,0,0,1.12,10,TRUE
1072,98,13,5,Food & Beverage,Alexandria / Al Agamy,100,5500,55,0,0,1.12,10,TRUE
1073,98,13,6,Health & Fitness,Alexandria / Al Agamy,100,5500,55,0,0,1.12,10,TRUE
1074,98,13,7,Healthcare,Alexandria / Al Agamy,100,5500,55,0,0,1.12,10,TRUE
1075,98,13,8,Healthcare,Alexandria / Al Agamy,100,5500,55,0,0,1.12,10,TRUE
1076,98,13,9,Retail,Alexandria / Al Agamy,100,5500,55,0,0,1.12,10,TRUE
1077,98,13,10,Retail,Alexandria / Al Agamy,100,5500,55,0,0,1.12,10,TRUE
1078,98,13,11,Tourism & Hospitality,Alexandria / Al Agamy,100,5500,55,0,0,1.12,10,TRUE
1079,99,20,1,Financial Services,Alexandria / Al Moaaskar Al Romani St.,185,150000,810.81,0,0,0.79,9.15,TRUE
1080,99,20,2,Food & Beverage,Alexandria / Al Moaaskar Al Romani St.,185,150000,810.81,0,3,0.79,9.15,TRUE
1081,99,20,3,Food & Beverage,Alexandria / Al Moaaskar Al Romani St.,185,150000,810.81,0,3,0.79,9.15,TRUE
1082,99,20,4,Food & Beverage,Alexandria / Al Moaaskar Al Romani St.,185,150000,810.81,0,3,0.79,9.15,TRUE
1083,99,20,5,Food & Beverage,Alexandria / Al Moaaskar Al Romani St.,185,150000,810.81,0,3,0.79,9.15,TRUE
1084,99,20,6,Health & Fitness,Alexandria / Al Moaaskar Al Romani St.,185,150000,810.81,0,0,0.79,9.15,TRUE
1085,99,20,7,Healthcare,Alexandria / Al Moaaskar Al Romani St.,185,150000,810.81,7,11,0.79,6.05,TRUE
1086,99,20,8,Healthcare,Alexandria / Al Moaaskar Al Romani St.,185,150000,810.81,7,11,0.79,6.05,TRUE
1087,99,20,9,Retail,Alexandria / Al Moaaskar Al Romani St.,185,150000,810.81,0,1,0.79,9.15,TRUE
1088,99,20,10,Retail,Alexandria / Al Moaaskar Al Romani St.,185,150000,810.81,0,1,0.79,9.15,TRUE
1089,99,20,11,Tourism & Hospitality,Alexandria / Al Moaaskar Al Romani St.,185,150000,810.81,0,0,0.79,9.15,TRUE
1090,100,20,1,Financial Services,Alexandria / Al Moaaskar Al Romani St.,56,25000,446.43,0,0,1.11,10,TRUE
1091,100,20,2,Food & Beverage,Alexandria / Al Moaaskar Al Romani St.,56,25000,446.43,0,3,1.11,10,TRUE
1092,100,20,3,Food & Beverage,Alexandria / Al Moaaskar Al Romani St.,56,25000,446.43,0,3,1.11,10,TRUE
1093,100,20,4,Food & Beverage,Alexandria / Al Moaaskar Al Romani St.,56,25000,446.43,0,3,1.11,10,TRUE
1094,100,20,5,Food & Beverage,Alexandria / Al Moaaskar Al Romani St.,56,25000,446.43,0,3,1.11,10,TRUE
1095,100,20,6,Health & Fitness,Alexandria / Al Moaaskar Al Romani St.,56,25000,446.43,0,0,1.11,10,TRUE
1096,100,20,7,Healthcare,Alexandria / Al Moaaskar Al Romani St.,56,25000,446.43,7,11,1.11,6.9,TRUE
1097,100,20,8,Healthcare,Alexandria / Al Moaaskar Al Romani St.,56,25000,446.43,7,11,1.11,6.9,TRUE
1098,100,20,9,Retail,Alexandria / Al Moaaskar Al Romani St.,56,25000,446.43,0,1,1.11,10,TRUE
1099,100,20,10,Retail,Alexandria / Al Moaaskar Al Romani St.,56,25000,446.43,0,1,1.11,10,TRUE
1100,100,20,11,Tourism & Hospitality,Alexandria / Al Moaaskar Al Romani St.,56,25000,446.43,0,0,1.11,10,TRUE
1101,101,16,1,Financial Services,Alexandria / El Azarita,100,50000,500,9,43,1.17,4.77,FALSE
1102,101,16,2,Food & Beverage,Alexandria / El Azarita,100,50000,500,30,132,1.17,4.15,FALSE
1103,101,16,3,Food & Beverage,Alexandria / El Azarita,100,50000,500,30,132,1.17,4.15,FALSE
1104,101,16,4,Food & Beverage,Alexandria / El Azarita,100,50000,500,30,132,1.17,4.15,FALSE
1105,101,16,5,Food & Beverage,Alexandria / El Azarita,100,50000,500,30,132,1.17,4.15,FALSE
1106,101,16,6,Health & Fitness,Alexandria / El Azarita,100,50000,500,0,2,1.17,10,TRUE
1107,101,16,7,Healthcare,Alexandria / El Azarita,100,50000,500,16,58,1.17,4.34,FALSE
1108,101,16,8,Healthcare,Alexandria / El Azarita,100,50000,500,16,58,1.17,4.34,FALSE
1109,101,16,9,Retail,Alexandria / El Azarita,100,50000,500,22,169,1.17,4.12,FALSE
1110,101,16,10,Retail,Alexandria / El Azarita,100,50000,500,22,169,1.17,4.12,FALSE
1111,101,16,11,Tourism & Hospitality,Alexandria / El Azarita,100,50000,500,0,19,1.17,8.05,TRUE
1112,102,43,1,Financial Services,Alexandria / El Gaish Road,160,80000,500,0,0,0.46,7.86,TRUE
1113,102,43,2,Food & Beverage,Alexandria / El Gaish Road,160,80000,500,0,0,0.46,7.86,TRUE
1114,102,43,3,Food & Beverage,Alexandria / El Gaish Road,160,80000,500,0,0,0.46,7.86,TRUE
1115,102,43,4,Food & Beverage,Alexandria / El Gaish Road,160,80000,500,0,0,0.46,7.86,TRUE
1116,102,43,5,Food & Beverage,Alexandria / El Gaish Road,160,80000,500,0,0,0.46,7.86,TRUE
1117,102,43,6,Health & Fitness,Alexandria / El Gaish Road,160,80000,500,0,0,0.46,7.86,TRUE
1118,102,43,7,Healthcare,Alexandria / El Gaish Road,160,80000,500,5,5,0.46,5.56,FALSE
1119,102,43,8,Healthcare,Alexandria / El Gaish Road,160,80000,500,5,5,0.46,5.56,FALSE
1120,102,43,9,Retail,Alexandria / El Gaish Road,160,80000,500,0,0,0.46,7.86,TRUE
1121,102,43,10,Retail,Alexandria / El Gaish Road,160,80000,500,0,0,0.46,7.86,TRUE
1122,102,43,11,Tourism & Hospitality,Alexandria / El Gaish Road,160,80000,500,0,0,0.46,7.86,TRUE
1123,103,43,1,Financial Services,Alexandria / El Gaish Road,85,13000,152.94,0,0,1.18,10,TRUE
1124,103,43,2,Food & Beverage,Alexandria / El Gaish Road,85,13000,152.94,0,0,1.18,10,TRUE
1125,103,43,3,Food & Beverage,Alexandria / El Gaish Road,85,13000,152.94,0,0,1.18,10,TRUE
1126,103,43,4,Food & Beverage,Alexandria / El Gaish Road,85,13000,152.94,0,0,1.18,10,TRUE
1127,103,43,5,Food & Beverage,Alexandria / El Gaish Road,85,13000,152.94,0,0,1.18,10,TRUE
1128,103,43,6,Health & Fitness,Alexandria / El Gaish Road,85,13000,152.94,0,0,1.18,10,TRUE
1129,103,43,7,Healthcare,Alexandria / El Gaish Road,85,13000,152.94,5,5,1.18,7.7,TRUE
1130,103,43,8,Healthcare,Alexandria / El Gaish Road,85,13000,152.94,5,5,1.18,7.7,TRUE
1131,103,43,9,Retail,Alexandria / El Gaish Road,85,13000,152.94,0,0,1.18,10,TRUE
1132,103,43,10,Retail,Alexandria / El Gaish Road,85,13000,152.94,0,0,1.18,10,TRUE
1133,103,43,11,Tourism & Hospitality,Alexandria / El Gaish Road,85,13000,152.94,0,0,1.18,10,TRUE
1134,104,43,1,Financial Services,Alexandria / El Gaish Road,70,45000,642.86,0,0,0.17,6.67,TRUE
1135,104,43,2,Food & Beverage,Alexandria / El Gaish Road,70,45000,642.86,0,0,0.17,6.67,TRUE
1136,104,43,3,Food & Beverage,Alexandria / El Gaish Road,70,45000,642.86,0,0,0.17,6.67,TRUE
1137,104,43,4,Food & Beverage,Alexandria / El Gaish Road,70,45000,642.86,0,0,0.17,6.67,TRUE
1138,104,43,5,Food & Beverage,Alexandria / El Gaish Road,70,45000,642.86,0,0,0.17,6.67,TRUE
1139,104,43,6,Health & Fitness,Alexandria / El Gaish Road,70,45000,642.86,0,0,0.17,6.67,TRUE
1140,104,43,7,Healthcare,Alexandria / El Gaish Road,70,45000,642.86,5,5,0.17,4.37,FALSE
1141,104,43,8,Healthcare,Alexandria / El Gaish Road,70,45000,642.86,5,5,0.17,4.37,FALSE
1142,104,43,9,Retail,Alexandria / El Gaish Road,70,45000,642.86,0,0,0.17,6.67,TRUE
1143,104,43,10,Retail,Alexandria / El Gaish Road,70,45000,642.86,0,0,0.17,6.67,TRUE
1144,104,43,11,Tourism & Hospitality,Alexandria / El Gaish Road,70,45000,642.86,0,0,0.17,6.67,TRUE
1145,105,43,1,Financial Services,Alexandria / El Gaish Road,125,120000,960,0,0,0,6,TRUE
1146,105,43,2,Food & Beverage,Alexandria / El Gaish Road,125,120000,960,0,0,0,6,TRUE
1147,105,43,3,Food & Beverage,Alexandria / El Gaish Road,125,120000,960,0,0,0,6,TRUE
1148,105,43,4,Food & Beverage,Alexandria / El Gaish Road,125,120000,960,0,0,0,6,TRUE
1149,105,43,5,Food & Beverage,Alexandria / El Gaish Road,125,120000,960,0,0,0,6,TRUE
1150,105,43,6,Health & Fitness,Alexandria / El Gaish Road,125,120000,960,0,0,0,6,TRUE
1151,105,43,7,Healthcare,Alexandria / El Gaish Road,125,120000,960,5,5,0,3.7,FALSE
1152,105,43,8,Healthcare,Alexandria / El Gaish Road,125,120000,960,5,5,0,3.7,FALSE
1153,105,43,9,Retail,Alexandria / El Gaish Road,125,120000,960,0,0,0,6,TRUE
1154,105,43,10,Retail,Alexandria / El Gaish Road,125,120000,960,0,0,0,6,TRUE
1155,105,43,11,Tourism & Hospitality,Alexandria / El Gaish Road,125,120000,960,0,0,0,6,TRUE
1156,106,43,1,Financial Services,Alexandria / El Gaish Road,115,25000,217.39,0,0,1.05,10,TRUE
1157,106,43,2,Food & Beverage,Alexandria / El Gaish Road,115,25000,217.39,0,0,1.05,10,TRUE
1158,106,43,3,Food & Beverage,Alexandria / El Gaish Road,115,25000,217.39,0,0,1.05,10,TRUE
1159,106,43,4,Food & Beverage,Alexandria / El Gaish Road,115,25000,217.39,0,0,1.05,10,TRUE
1160,106,43,5,Food & Beverage,Alexandria / El Gaish Road,115,25000,217.39,0,0,1.05,10,TRUE
1161,106,43,6,Health & Fitness,Alexandria / El Gaish Road,115,25000,217.39,0,0,1.05,10,TRUE
1162,106,43,7,Healthcare,Alexandria / El Gaish Road,115,25000,217.39,5,5,1.05,7.7,TRUE
1163,106,43,8,Healthcare,Alexandria / El Gaish Road,115,25000,217.39,5,5,1.05,7.7,TRUE
1164,106,43,9,Retail,Alexandria / El Gaish Road,115,25000,217.39,0,0,1.05,10,TRUE
1165,106,43,10,Retail,Alexandria / El Gaish Road,115,25000,217.39,0,0,1.05,10,TRUE
1166,106,43,11,Tourism & Hospitality,Alexandria / El Gaish Road,115,25000,217.39,0,0,1.05,10,TRUE
1167,107,43,1,Financial Services,Alexandria / El Geish Rd.,60,30000,500,0,0,0.46,7.86,TRUE
1168,107,43,2,Food & Beverage,Alexandria / El Geish Rd.,60,30000,500,0,0,0.46,7.86,TRUE
1169,107,43,3,Food & Beverage,Alexandria / El Geish Rd.,60,30000,500,0,0,0.46,7.86,TRUE
1170,107,43,4,Food & Beverage,Alexandria / El Geish Rd.,60,30000,500,0,0,0.46,7.86,TRUE
1171,107,43,5,Food & Beverage,Alexandria / El Geish Rd.,60,30000,500,0,0,0.46,7.86,TRUE
1172,107,43,6,Health & Fitness,Alexandria / El Geish Rd.,60,30000,500,0,0,0.46,7.86,TRUE
1173,107,43,7,Healthcare,Alexandria / El Geish Rd.,60,30000,500,5,5,0.46,5.56,FALSE
1174,107,43,8,Healthcare,Alexandria / El Geish Rd.,60,30000,500,5,5,0.46,5.56,FALSE
1175,107,43,9,Retail,Alexandria / El Geish Rd.,60,30000,500,0,0,0.46,7.86,TRUE
1176,107,43,10,Retail,Alexandria / El Geish Rd.,60,30000,500,0,0,0.46,7.86,TRUE
1177,107,43,11,Tourism & Hospitality,Alexandria / El Geish Rd.,60,30000,500,0,0,0.46,7.86,TRUE
1178,108,43,1,Financial Services,Alexandria / El Geish Rd.,470,350000,744.68,0,0,0,6,TRUE
1179,108,43,2,Food & Beverage,Alexandria / El Geish Rd.,470,350000,744.68,0,0,0,6,TRUE
1180,108,43,3,Food & Beverage,Alexandria / El Geish Rd.,470,350000,744.68,0,0,0,6,TRUE
1181,108,43,4,Food & Beverage,Alexandria / El Geish Rd.,470,350000,744.68,0,0,0,6,TRUE
1182,108,43,5,Food & Beverage,Alexandria / El Geish Rd.,470,350000,744.68,0,0,0,6,TRUE
1183,108,43,6,Health & Fitness,Alexandria / El Geish Rd.,470,350000,744.68,0,0,0,6,TRUE
1184,108,43,7,Healthcare,Alexandria / El Geish Rd.,470,350000,744.68,5,5,0,3.7,FALSE
1185,108,43,8,Healthcare,Alexandria / El Geish Rd.,470,350000,744.68,5,5,0,3.7,FALSE
1186,108,43,9,Retail,Alexandria / El Geish Rd.,470,350000,744.68,0,0,0,6,TRUE
1187,108,43,10,Retail,Alexandria / El Geish Rd.,470,350000,744.68,0,0,0,6,TRUE
1188,108,43,11,Tourism & Hospitality,Alexandria / El Geish Rd.,470,350000,744.68,0,0,0,6,TRUE
1189,109,23,1,Financial Services,Alexandria / El Mandara,70,28000,400,2,4,0.7,7.45,TRUE
1190,109,23,2,Food & Beverage,Alexandria / El Mandara,70,28000,400,4,8,0.7,5.72,FALSE
1191,109,23,3,Food & Beverage,Alexandria / El Mandara,70,28000,400,4,8,0.7,5.72,FALSE
1192,109,23,4,Food & Beverage,Alexandria / El Mandara,70,28000,400,4,8,0.7,5.72,FALSE
1193,109,23,5,Food & Beverage,Alexandria / El Mandara,70,28000,400,4,8,0.7,5.72,FALSE
1194,109,23,6,Health & Fitness,Alexandria / El Mandara,70,28000,400,0,0,0.7,8.8,TRUE
1195,109,23,7,Healthcare,Alexandria / El Mandara,70,28000,400,3,4,0.7,7.15,TRUE
1196,109,23,8,Healthcare,Alexandria / El Mandara,70,28000,400,3,4,0.7,7.15,TRUE
1197,109,23,9,Retail,Alexandria / El Mandara,70,28000,400,1,4,0.7,7.75,TRUE
1198,109,23,10,Retail,Alexandria / El Mandara,70,28000,400,1,4,0.7,7.75,TRUE
1199,109,23,11,Tourism & Hospitality,Alexandria / El Mandara,70,28000,400,1,1,0.7,8.5,TRUE
1200,110,23,1,Financial Services,Alexandria / El Mandara Qebli,180,18000,100,2,4,1.3,8.65,TRUE
1201,110,23,2,Food & Beverage,Alexandria / El Mandara Qebli,180,18000,100,4,8,1.3,6.93,TRUE
1202,110,23,3,Food & Beverage,Alexandria / El Mandara Qebli,180,18000,100,4,8,1.3,6.93,TRUE
1203,110,23,4,Food & Beverage,Alexandria / El Mandara Qebli,180,18000,100,4,8,1.3,6.93,TRUE
1204,110,23,5,Food & Beverage,Alexandria / El Mandara Qebli,180,18000,100,4,8,1.3,6.93,TRUE
1205,110,23,6,Health & Fitness,Alexandria / El Mandara Qebli,180,18000,100,0,0,1.3,10,TRUE
1206,110,23,7,Healthcare,Alexandria / El Mandara Qebli,180,18000,100,3,4,1.3,8.35,TRUE
1207,110,23,8,Healthcare,Alexandria / El Mandara Qebli,180,18000,100,3,4,1.3,8.35,TRUE
1208,110,23,9,Retail,Alexandria / El Mandara Qebli,180,18000,100,1,4,1.3,8.95,TRUE
1209,110,23,10,Retail,Alexandria / El Mandara Qebli,180,18000,100,1,4,1.3,8.95,TRUE
1210,110,23,11,Tourism & Hospitality,Alexandria / El Mandara Qebli,180,18000,100,1,1,1.3,9.7,TRUE
1211,111,43,1,Financial Services,Alexandria / El-Gaish Rd,560,325000,580.36,0,0,0.3,7.19,TRUE
1212,111,43,2,Food & Beverage,Alexandria / El-Gaish Rd,560,325000,580.36,0,0,0.3,7.19,TRUE
1213,111,43,3,Food & Beverage,Alexandria / El-Gaish Rd,560,325000,580.36,0,0,0.3,7.19,TRUE
1214,111,43,4,Food & Beverage,Alexandria / El-Gaish Rd,560,325000,580.36,0,0,0.3,7.19,TRUE
1215,111,43,5,Food & Beverage,Alexandria / El-Gaish Rd,560,325000,580.36,0,0,0.3,7.19,TRUE
1216,111,43,6,Health & Fitness,Alexandria / El-Gaish Rd,560,325000,580.36,0,0,0.3,7.19,TRUE
1217,111,43,7,Healthcare,Alexandria / El-Gaish Rd,560,325000,580.36,5,5,0.3,4.89,FALSE
1218,111,43,8,Healthcare,Alexandria / El-Gaish Rd,560,325000,580.36,5,5,0.3,4.89,FALSE
1219,111,43,9,Retail,Alexandria / El-Gaish Rd,560,325000,580.36,0,0,0.3,7.19,TRUE
1220,111,43,10,Retail,Alexandria / El-Gaish Rd,560,325000,580.36,0,0,0.3,7.19,TRUE
1221,111,43,11,Tourism & Hospitality,Alexandria / El-Gaish Rd,560,325000,580.36,0,0,0.3,7.19,TRUE
1222,112,43,1,Financial Services,Alexandria / Gamal Abd El Nasir St,50,10000,200,0,0,1.09,10,TRUE
1223,112,43,2,Food & Beverage,Alexandria / Gamal Abd El Nasir St,50,10000,200,0,0,1.09,10,TRUE
1224,112,43,3,Food & Beverage,Alexandria / Gamal Abd El Nasir St,50,10000,200,0,0,1.09,10,TRUE
1225,112,43,4,Food & Beverage,Alexandria / Gamal Abd El Nasir St,50,10000,200,0,0,1.09,10,TRUE
1226,112,43,5,Food & Beverage,Alexandria / Gamal Abd El Nasir St,50,10000,200,0,0,1.09,10,TRUE
1227,112,43,6,Health & Fitness,Alexandria / Gamal Abd El Nasir St,50,10000,200,0,0,1.09,10,TRUE
1228,112,43,7,Healthcare,Alexandria / Gamal Abd El Nasir St,50,10000,200,5,5,1.09,7.7,TRUE
1229,112,43,8,Healthcare,Alexandria / Gamal Abd El Nasir St,50,10000,200,5,5,1.09,7.7,TRUE
1230,112,43,9,Retail,Alexandria / Gamal Abd El Nasir St,50,10000,200,0,0,1.09,10,TRUE
1231,112,43,10,Retail,Alexandria / Gamal Abd El Nasir St,50,10000,200,0,0,1.09,10,TRUE
1232,112,43,11,Tourism & Hospitality,Alexandria / Gamal Abd El Nasir St,50,10000,200,0,0,1.09,10,TRUE
1233,113,43,1,Financial Services,Alexandria / Gamal Abd El Nasir St,50,7000,140,0,0,1.21,10,TRUE
1234,113,43,2,Food & Beverage,Alexandria / Gamal Abd El Nasir St,50,7000,140,0,0,1.21,10,TRUE
1235,113,43,3,Food & Beverage,Alexandria / Gamal Abd El Nasir St,50,7000,140,0,0,1.21,10,TRUE
1236,113,43,4,Food & Beverage,Alexandria / Gamal Abd El Nasir St,50,7000,140,0,0,1.21,10,TRUE
1237,113,43,5,Food & Beverage,Alexandria / Gamal Abd El Nasir St,50,7000,140,0,0,1.21,10,TRUE
1238,113,43,6,Health & Fitness,Alexandria / Gamal Abd El Nasir St,50,7000,140,0,0,1.21,10,TRUE
1239,113,43,7,Healthcare,Alexandria / Gamal Abd El Nasir St,50,7000,140,5,5,1.21,7.7,TRUE
1240,113,43,8,Healthcare,Alexandria / Gamal Abd El Nasir St,50,7000,140,5,5,1.21,7.7,TRUE
1241,113,43,9,Retail,Alexandria / Gamal Abd El Nasir St,50,7000,140,0,0,1.21,10,TRUE
1242,113,43,10,Retail,Alexandria / Gamal Abd El Nasir St,50,7000,140,0,0,1.21,10,TRUE
1243,113,43,11,Tourism & Hospitality,Alexandria / Gamal Abd El Nasir St,50,7000,140,0,0,1.21,10,TRUE
1244,114,43,1,Financial Services,Alexandria / Gamal Abd El Nasir St,65,6000,92.31,0,0,1.31,10,TRUE
1245,114,43,2,Food & Beverage,Alexandria / Gamal Abd El Nasir St,65,6000,92.31,0,0,1.31,10,TRUE
1246,114,43,3,Food & Beverage,Alexandria / Gamal Abd El Nasir St,65,6000,92.31,0,0,1.31,10,TRUE
1247,114,43,4,Food & Beverage,Alexandria / Gamal Abd El Nasir St,65,6000,92.31,0,0,1.31,10,TRUE
1248,114,43,5,Food & Beverage,Alexandria / Gamal Abd El Nasir St,65,6000,92.31,0,0,1.31,10,TRUE
1249,114,43,6,Health & Fitness,Alexandria / Gamal Abd El Nasir St,65,6000,92.31,0,0,1.31,10,TRUE
1250,114,43,7,Healthcare,Alexandria / Gamal Abd El Nasir St,65,6000,92.31,5,5,1.31,7.7,TRUE
1251,114,43,8,Healthcare,Alexandria / Gamal Abd El Nasir St,65,6000,92.31,5,5,1.31,7.7,TRUE
1252,114,43,9,Retail,Alexandria / Gamal Abd El Nasir St,65,6000,92.31,0,0,1.31,10,TRUE
1253,114,43,10,Retail,Alexandria / Gamal Abd El Nasir St,65,6000,92.31,0,0,1.31,10,TRUE
1254,114,43,11,Tourism & Hospitality,Alexandria / Gamal Abd El Nasir St,65,6000,92.31,0,0,1.31,10,TRUE
1255,115,43,1,Financial Services,Alexandria / Gamal Abd El Nasir St,55,15000,272.73,0,0,0.94,9.74,TRUE
1256,115,43,2,Food & Beverage,Alexandria / Gamal Abd El Nasir St,55,15000,272.73,0,0,0.94,9.74,TRUE
1257,115,43,3,Food & Beverage,Alexandria / Gamal Abd El Nasir St,55,15000,272.73,0,0,0.94,9.74,TRUE
1258,115,43,4,Food & Beverage,Alexandria / Gamal Abd El Nasir St,55,15000,272.73,0,0,0.94,9.74,TRUE
1259,115,43,5,Food & Beverage,Alexandria / Gamal Abd El Nasir St,55,15000,272.73,0,0,0.94,9.74,TRUE
1260,115,43,6,Health & Fitness,Alexandria / Gamal Abd El Nasir St,55,15000,272.73,0,0,0.94,9.74,TRUE
1261,115,43,7,Healthcare,Alexandria / Gamal Abd El Nasir St,55,15000,272.73,5,5,0.94,7.44,TRUE
1262,115,43,8,Healthcare,Alexandria / Gamal Abd El Nasir St,55,15000,272.73,5,5,0.94,7.44,TRUE
1263,115,43,9,Retail,Alexandria / Gamal Abd El Nasir St,55,15000,272.73,0,0,0.94,9.74,TRUE
1264,115,43,10,Retail,Alexandria / Gamal Abd El Nasir St,55,15000,272.73,0,0,0.94,9.74,TRUE
1265,115,43,11,Tourism & Hospitality,Alexandria / Gamal Abd El Nasir St,55,15000,272.73,0,0,0.94,9.74,TRUE
1266,116,43,1,Financial Services,Alexandria / Gamal Abd El Nasir St,300,25000,83.33,0,0,1.33,10,TRUE
1267,116,43,2,Food & Beverage,Alexandria / Gamal Abd El Nasir St,300,25000,83.33,0,0,1.33,10,TRUE
1268,116,43,3,Food & Beverage,Alexandria / Gamal Abd El Nasir St,300,25000,83.33,0,0,1.33,10,TRUE
1269,116,43,4,Food & Beverage,Alexandria / Gamal Abd El Nasir St,300,25000,83.33,0,0,1.33,10,TRUE
1270,116,43,5,Food & Beverage,Alexandria / Gamal Abd El Nasir St,300,25000,83.33,0,0,1.33,10,TRUE
1271,116,43,6,Health & Fitness,Alexandria / Gamal Abd El Nasir St,300,25000,83.33,0,0,1.33,10,TRUE
1272,116,43,7,Healthcare,Alexandria / Gamal Abd El Nasir St,300,25000,83.33,5,5,1.33,7.7,TRUE
1273,116,43,8,Healthcare,Alexandria / Gamal Abd El Nasir St,300,25000,83.33,5,5,1.33,7.7,TRUE
1274,116,43,9,Retail,Alexandria / Gamal Abd El Nasir St,300,25000,83.33,0,0,1.33,10,TRUE
1275,116,43,10,Retail,Alexandria / Gamal Abd El Nasir St,300,25000,83.33,0,0,1.33,10,TRUE
1276,116,43,11,Tourism & Hospitality,Alexandria / Gamal Abd El Nasir St,300,25000,83.33,0,0,1.33,10,TRUE
1277,117,43,1,Financial Services,Alexandria / Gamal Abd El Nasir St,160,15000,93.75,0,0,1.31,10,TRUE
1278,117,43,2,Food & Beverage,Alexandria / Gamal Abd El Nasir St,160,15000,93.75,0,0,1.31,10,TRUE
1279,117,43,3,Food & Beverage,Alexandria / Gamal Abd El Nasir St,160,15000,93.75,0,0,1.31,10,TRUE
1280,117,43,4,Food & Beverage,Alexandria / Gamal Abd El Nasir St,160,15000,93.75,0,0,1.31,10,TRUE
1281,117,43,5,Food & Beverage,Alexandria / Gamal Abd El Nasir St,160,15000,93.75,0,0,1.31,10,TRUE
1282,117,43,6,Health & Fitness,Alexandria / Gamal Abd El Nasir St,160,15000,93.75,0,0,1.31,10,TRUE
1283,117,43,7,Healthcare,Alexandria / Gamal Abd El Nasir St,160,15000,93.75,5,5,1.31,7.7,TRUE
1284,117,43,8,Healthcare,Alexandria / Gamal Abd El Nasir St,160,15000,93.75,5,5,1.31,7.7,TRUE
1285,117,43,9,Retail,Alexandria / Gamal Abd El Nasir St,160,15000,93.75,0,0,1.31,10,TRUE
1286,117,43,10,Retail,Alexandria / Gamal Abd El Nasir St,160,15000,93.75,0,0,1.31,10,TRUE
1287,117,43,11,Tourism & Hospitality,Alexandria / Gamal Abd El Nasir St,160,15000,93.75,0,0,1.31,10,TRUE
1288,118,43,1,Financial Services,Alexandria / Gamal Abd El Nasir St,55,10000,181.82,0,0,1.12,10,TRUE
1289,118,43,2,Food & Beverage,Alexandria / Gamal Abd El Nasir St,55,10000,181.82,0,0,1.12,10,TRUE
1290,118,43,3,Food & Beverage,Alexandria / Gamal Abd El Nasir St,55,10000,181.82,0,0,1.12,10,TRUE
1291,118,43,4,Food & Beverage,Alexandria / Gamal Abd El Nasir St,55,10000,181.82,0,0,1.12,10,TRUE
1292,118,43,5,Food & Beverage,Alexandria / Gamal Abd El Nasir St,55,10000,181.82,0,0,1.12,10,TRUE
1293,118,43,6,Health & Fitness,Alexandria / Gamal Abd El Nasir St,55,10000,181.82,0,0,1.12,10,TRUE
1294,118,43,7,Healthcare,Alexandria / Gamal Abd El Nasir St,55,10000,181.82,5,5,1.12,7.7,TRUE
1295,118,43,8,Healthcare,Alexandria / Gamal Abd El Nasir St,55,10000,181.82,5,5,1.12,7.7,TRUE
1296,118,43,9,Retail,Alexandria / Gamal Abd El Nasir St,55,10000,181.82,0,0,1.12,10,TRUE
1297,118,43,10,Retail,Alexandria / Gamal Abd El Nasir St,55,10000,181.82,0,0,1.12,10,TRUE
1298,118,43,11,Tourism & Hospitality,Alexandria / Gamal Abd El Nasir St,55,10000,181.82,0,0,1.12,10,TRUE
1299,119,43,1,Financial Services,Alexandria / Gamal Abd El Nasir St,240,100000,416.67,0,0,0.64,8.55,TRUE
1300,119,43,2,Food & Beverage,Alexandria / Gamal Abd El Nasir St,240,100000,416.67,0,0,0.64,8.55,TRUE
1301,119,43,3,Food & Beverage,Alexandria / Gamal Abd El Nasir St,240,100000,416.67,0,0,0.64,8.55,TRUE
1302,119,43,4,Food & Beverage,Alexandria / Gamal Abd El Nasir St,240,100000,416.67,0,0,0.64,8.55,TRUE
1303,119,43,5,Food & Beverage,Alexandria / Gamal Abd El Nasir St,240,100000,416.67,0,0,0.64,8.55,TRUE
1304,119,43,6,Health & Fitness,Alexandria / Gamal Abd El Nasir St,240,100000,416.67,0,0,0.64,8.55,TRUE
1305,119,43,7,Healthcare,Alexandria / Gamal Abd El Nasir St,240,100000,416.67,5,5,0.64,6.25,TRUE
1306,119,43,8,Healthcare,Alexandria / Gamal Abd El Nasir St,240,100000,416.67,5,5,0.64,6.25,TRUE
1307,119,43,9,Retail,Alexandria / Gamal Abd El Nasir St,240,100000,416.67,0,0,0.64,8.55,TRUE
1308,119,43,10,Retail,Alexandria / Gamal Abd El Nasir St,240,100000,416.67,0,0,0.64,8.55,TRUE
1309,119,43,11,Tourism & Hospitality,Alexandria / Gamal Abd El Nasir St,240,100000,416.67,0,0,0.64,8.55,TRUE
1310,120,43,1,Financial Services,Alexandria / Gamal Abd El Nasir St,80,9500,118.75,0,0,1.25,10,TRUE
1311,120,43,2,Food & Beverage,Alexandria / Gamal Abd El Nasir St,80,9500,118.75,0,0,1.25,10,TRUE
1312,120,43,3,Food & Beverage,Alexandria / Gamal Abd El Nasir St,80,9500,118.75,0,0,1.25,10,TRUE
1313,120,43,4,Food & Beverage,Alexandria / Gamal Abd El Nasir St,80,9500,118.75,0,0,1.25,10,TRUE
1314,120,43,5,Food & Beverage,Alexandria / Gamal Abd El Nasir St,80,9500,118.75,0,0,1.25,10,TRUE
1315,120,43,6,Health & Fitness,Alexandria / Gamal Abd El Nasir St,80,9500,118.75,0,0,1.25,10,TRUE
1316,120,43,7,Healthcare,Alexandria / Gamal Abd El Nasir St,80,9500,118.75,5,5,1.25,7.7,TRUE
1317,120,43,8,Healthcare,Alexandria / Gamal Abd El Nasir St,80,9500,118.75,5,5,1.25,7.7,TRUE
1318,120,43,9,Retail,Alexandria / Gamal Abd El Nasir St,80,9500,118.75,0,0,1.25,10,TRUE
1319,120,43,10,Retail,Alexandria / Gamal Abd El Nasir St,80,9500,118.75,0,0,1.25,10,TRUE
1320,120,43,11,Tourism & Hospitality,Alexandria / Gamal Abd El Nasir St,80,9500,118.75,0,0,1.25,10,TRUE
1321,121,43,1,Financial Services,Alexandria / Gamal Abd El Nasir St,50,8000,160,0,0,1.17,10,TRUE
1322,121,43,2,Food & Beverage,Alexandria / Gamal Abd El Nasir St,50,8000,160,0,0,1.17,10,TRUE
1323,121,43,3,Food & Beverage,Alexandria / Gamal Abd El Nasir St,50,8000,160,0,0,1.17,10,TRUE
1324,121,43,4,Food & Beverage,Alexandria / Gamal Abd El Nasir St,50,8000,160,0,0,1.17,10,TRUE
1325,121,43,5,Food & Beverage,Alexandria / Gamal Abd El Nasir St,50,8000,160,0,0,1.17,10,TRUE
1326,121,43,6,Health & Fitness,Alexandria / Gamal Abd El Nasir St,50,8000,160,0,0,1.17,10,TRUE
1327,121,43,7,Healthcare,Alexandria / Gamal Abd El Nasir St,50,8000,160,5,5,1.17,7.7,TRUE
1328,121,43,8,Healthcare,Alexandria / Gamal Abd El Nasir St,50,8000,160,5,5,1.17,7.7,TRUE
1329,121,43,9,Retail,Alexandria / Gamal Abd El Nasir St,50,8000,160,0,0,1.17,10,TRUE
1330,121,43,10,Retail,Alexandria / Gamal Abd El Nasir St,50,8000,160,0,0,1.17,10,TRUE
1331,121,43,11,Tourism & Hospitality,Alexandria / Gamal Abd El Nasir St,50,8000,160,0,0,1.17,10,TRUE
1332,122,43,1,Financial Services,Alexandria / Gamal Abd El Nasir St,600,300000,500,0,0,0.46,7.86,TRUE
1333,122,43,2,Food & Beverage,Alexandria / Gamal Abd El Nasir St,600,300000,500,0,0,0.46,7.86,TRUE
1334,122,43,3,Food & Beverage,Alexandria / Gamal Abd El Nasir St,600,300000,500,0,0,0.46,7.86,TRUE
1335,122,43,4,Food & Beverage,Alexandria / Gamal Abd El Nasir St,600,300000,500,0,0,0.46,7.86,TRUE
1336,122,43,5,Food & Beverage,Alexandria / Gamal Abd El Nasir St,600,300000,500,0,0,0.46,7.86,TRUE
1337,122,43,6,Health & Fitness,Alexandria / Gamal Abd El Nasir St,600,300000,500,0,0,0.46,7.86,TRUE
1338,122,43,7,Healthcare,Alexandria / Gamal Abd El Nasir St,600,300000,500,5,5,0.46,5.56,FALSE
1339,122,43,8,Healthcare,Alexandria / Gamal Abd El Nasir St,600,300000,500,5,5,0.46,5.56,FALSE
1340,122,43,9,Retail,Alexandria / Gamal Abd El Nasir St,600,300000,500,0,0,0.46,7.86,TRUE
1341,122,43,10,Retail,Alexandria / Gamal Abd El Nasir St,600,300000,500,0,0,0.46,7.86,TRUE
1342,122,43,11,Tourism & Hospitality,Alexandria / Gamal Abd El Nasir St,600,300000,500,0,0,0.46,7.86,TRUE
1343,123,43,1,Financial Services,Alexandria / Gamal Abd El Nasir St,135,15000,111.11,0,0,1.27,10,TRUE
1344,123,43,2,Food & Beverage,Alexandria / Gamal Abd El Nasir St,135,15000,111.11,0,0,1.27,10,TRUE
1345,123,43,3,Food & Beverage,Alexandria / Gamal Abd El Nasir St,135,15000,111.11,0,0,1.27,10,TRUE
1346,123,43,4,Food & Beverage,Alexandria / Gamal Abd El Nasir St,135,15000,111.11,0,0,1.27,10,TRUE
1347,123,43,5,Food & Beverage,Alexandria / Gamal Abd El Nasir St,135,15000,111.11,0,0,1.27,10,TRUE
1348,123,43,6,Health & Fitness,Alexandria / Gamal Abd El Nasir St,135,15000,111.11,0,0,1.27,10,TRUE
1349,123,43,7,Healthcare,Alexandria / Gamal Abd El Nasir St,135,15000,111.11,5,5,1.27,7.7,TRUE
1350,123,43,8,Healthcare,Alexandria / Gamal Abd El Nasir St,135,15000,111.11,5,5,1.27,7.7,TRUE
1351,123,43,9,Retail,Alexandria / Gamal Abd El Nasir St,135,15000,111.11,0,0,1.27,10,TRUE
1352,123,43,10,Retail,Alexandria / Gamal Abd El Nasir St,135,15000,111.11,0,0,1.27,10,TRUE
1353,123,43,11,Tourism & Hospitality,Alexandria / Gamal Abd El Nasir St,135,15000,111.11,0,0,1.27,10,TRUE
1354,124,43,1,Financial Services,Alexandria / Gamal Abd El Nasir St,60,10000,166.67,0,0,1.15,10,TRUE
1355,124,43,2,Food & Beverage,Alexandria / Gamal Abd El Nasir St,60,10000,166.67,0,0,1.15,10,TRUE
1356,124,43,3,Food & Beverage,Alexandria / Gamal Abd El Nasir St,60,10000,166.67,0,0,1.15,10,TRUE
1357,124,43,4,Food & Beverage,Alexandria / Gamal Abd El Nasir St,60,10000,166.67,0,0,1.15,10,TRUE
1358,124,43,5,Food & Beverage,Alexandria / Gamal Abd El Nasir St,60,10000,166.67,0,0,1.15,10,TRUE
1359,124,43,6,Health & Fitness,Alexandria / Gamal Abd El Nasir St,60,10000,166.67,0,0,1.15,10,TRUE
1360,124,43,7,Healthcare,Alexandria / Gamal Abd El Nasir St,60,10000,166.67,5,5,1.15,7.7,TRUE
1361,124,43,8,Healthcare,Alexandria / Gamal Abd El Nasir St,60,10000,166.67,5,5,1.15,7.7,TRUE
1362,124,43,9,Retail,Alexandria / Gamal Abd El Nasir St,60,10000,166.67,0,0,1.15,10,TRUE
1363,124,43,10,Retail,Alexandria / Gamal Abd El Nasir St,60,10000,166.67,0,0,1.15,10,TRUE
1364,124,43,11,Tourism & Hospitality,Alexandria / Gamal Abd El Nasir St,60,10000,166.67,0,0,1.15,10,TRUE
1365,125,43,1,Financial Services,Alexandria / Gamal Abd El Nasir St,110,25000,227.27,0,0,1.03,10,TRUE
1366,125,43,2,Food & Beverage,Alexandria / Gamal Abd El Nasir St,110,25000,227.27,0,0,1.03,10,TRUE
1367,125,43,3,Food & Beverage,Alexandria / Gamal Abd El Nasir St,110,25000,227.27,0,0,1.03,10,TRUE
1368,125,43,4,Food & Beverage,Alexandria / Gamal Abd El Nasir St,110,25000,227.27,0,0,1.03,10,TRUE
1369,125,43,5,Food & Beverage,Alexandria / Gamal Abd El Nasir St,110,25000,227.27,0,0,1.03,10,TRUE
1370,125,43,6,Health & Fitness,Alexandria / Gamal Abd El Nasir St,110,25000,227.27,0,0,1.03,10,TRUE
1371,125,43,7,Healthcare,Alexandria / Gamal Abd El Nasir St,110,25000,227.27,5,5,1.03,7.7,TRUE
1372,125,43,8,Healthcare,Alexandria / Gamal Abd El Nasir St,110,25000,227.27,5,5,1.03,7.7,TRUE
1373,125,43,9,Retail,Alexandria / Gamal Abd El Nasir St,110,25000,227.27,0,0,1.03,10,TRUE
1374,125,43,10,Retail,Alexandria / Gamal Abd El Nasir St,110,25000,227.27,0,0,1.03,10,TRUE
1375,125,43,11,Tourism & Hospitality,Alexandria / Gamal Abd El Nasir St,110,25000,227.27,0,0,1.03,10,TRUE
1376,126,43,1,Financial Services,Alexandria / Gamal Abd El Nasir St,130,14000,107.69,0,0,1.28,10,TRUE
1377,126,43,2,Food & Beverage,Alexandria / Gamal Abd El Nasir St,130,14000,107.69,0,0,1.28,10,TRUE
1378,126,43,3,Food & Beverage,Alexandria / Gamal Abd El Nasir St,130,14000,107.69,0,0,1.28,10,TRUE
1379,126,43,4,Food & Beverage,Alexandria / Gamal Abd El Nasir St,130,14000,107.69,0,0,1.28,10,TRUE
1380,126,43,5,Food & Beverage,Alexandria / Gamal Abd El Nasir St,130,14000,107.69,0,0,1.28,10,TRUE
1381,126,43,6,Health & Fitness,Alexandria / Gamal Abd El Nasir St,130,14000,107.69,0,0,1.28,10,TRUE
1382,126,43,7,Healthcare,Alexandria / Gamal Abd El Nasir St,130,14000,107.69,5,5,1.28,7.7,TRUE
1383,126,43,8,Healthcare,Alexandria / Gamal Abd El Nasir St,130,14000,107.69,5,5,1.28,7.7,TRUE
1384,126,43,9,Retail,Alexandria / Gamal Abd El Nasir St,130,14000,107.69,0,0,1.28,10,TRUE
1385,126,43,10,Retail,Alexandria / Gamal Abd El Nasir St,130,14000,107.69,0,0,1.28,10,TRUE
1386,126,43,11,Tourism & Hospitality,Alexandria / Gamal Abd El Nasir St,130,14000,107.69,0,0,1.28,10,TRUE
1387,127,43,1,Financial Services,Alexandria / Gamal Abd El Nasir St,60,9000,150,0,0,1.19,10,TRUE
1388,127,43,2,Food & Beverage,Alexandria / Gamal Abd El Nasir St,60,9000,150,0,0,1.19,10,TRUE
1389,127,43,3,Food & Beverage,Alexandria / Gamal Abd El Nasir St,60,9000,150,0,0,1.19,10,TRUE
1390,127,43,4,Food & Beverage,Alexandria / Gamal Abd El Nasir St,60,9000,150,0,0,1.19,10,TRUE
1391,127,43,5,Food & Beverage,Alexandria / Gamal Abd El Nasir St,60,9000,150,0,0,1.19,10,TRUE
1392,127,43,6,Health & Fitness,Alexandria / Gamal Abd El Nasir St,60,9000,150,0,0,1.19,10,TRUE
1393,127,43,7,Healthcare,Alexandria / Gamal Abd El Nasir St,60,9000,150,5,5,1.19,7.7,TRUE
1394,127,43,8,Healthcare,Alexandria / Gamal Abd El Nasir St,60,9000,150,5,5,1.19,7.7,TRUE
1395,127,43,9,Retail,Alexandria / Gamal Abd El Nasir St,60,9000,150,0,0,1.19,10,TRUE
1396,127,43,10,Retail,Alexandria / Gamal Abd El Nasir St,60,9000,150,0,0,1.19,10,TRUE
1397,127,43,11,Tourism & Hospitality,Alexandria / Gamal Abd El Nasir St,60,9000,150,0,0,1.19,10,TRUE
1398,128,43,1,Financial Services,Alexandria / Gamal Abd El Nasir St,120,13000,108.33,0,0,1.28,10,TRUE
1399,128,43,2,Food & Beverage,Alexandria / Gamal Abd El Nasir St,120,13000,108.33,0,0,1.28,10,TRUE
1400,128,43,3,Food & Beverage,Alexandria / Gamal Abd El Nasir St,120,13000,108.33,0,0,1.28,10,TRUE
1401,128,43,4,Food & Beverage,Alexandria / Gamal Abd El Nasir St,120,13000,108.33,0,0,1.28,10,TRUE
1402,128,43,5,Food & Beverage,Alexandria / Gamal Abd El Nasir St,120,13000,108.33,0,0,1.28,10,TRUE
1403,128,43,6,Health & Fitness,Alexandria / Gamal Abd El Nasir St,120,13000,108.33,0,0,1.28,10,TRUE
1404,128,43,7,Healthcare,Alexandria / Gamal Abd El Nasir St,120,13000,108.33,5,5,1.28,7.7,TRUE
1405,128,43,8,Healthcare,Alexandria / Gamal Abd El Nasir St,120,13000,108.33,5,5,1.28,7.7,TRUE
1406,128,43,9,Retail,Alexandria / Gamal Abd El Nasir St,120,13000,108.33,0,0,1.28,10,TRUE
1407,128,43,10,Retail,Alexandria / Gamal Abd El Nasir St,120,13000,108.33,0,0,1.28,10,TRUE
1408,128,43,11,Tourism & Hospitality,Alexandria / Gamal Abd El Nasir St,120,13000,108.33,0,0,1.28,10,TRUE
1409,129,43,1,Financial Services,Alexandria / Gamal Abd El Nasir St,100,25000,250,0,0,0.98,9.93,TRUE
1410,129,43,2,Food & Beverage,Alexandria / Gamal Abd El Nasir St,100,25000,250,0,0,0.98,9.93,TRUE
1411,129,43,3,Food & Beverage,Alexandria / Gamal Abd El Nasir St,100,25000,250,0,0,0.98,9.93,TRUE
1412,129,43,4,Food & Beverage,Alexandria / Gamal Abd El Nasir St,100,25000,250,0,0,0.98,9.93,TRUE
1413,129,43,5,Food & Beverage,Alexandria / Gamal Abd El Nasir St,100,25000,250,0,0,0.98,9.93,TRUE
1414,129,43,6,Health & Fitness,Alexandria / Gamal Abd El Nasir St,100,25000,250,0,0,0.98,9.93,TRUE
1415,129,43,7,Healthcare,Alexandria / Gamal Abd El Nasir St,100,25000,250,5,5,0.98,7.63,TRUE
1416,129,43,8,Healthcare,Alexandria / Gamal Abd El Nasir St,100,25000,250,5,5,0.98,7.63,TRUE
1417,129,43,9,Retail,Alexandria / Gamal Abd El Nasir St,100,25000,250,0,0,0.98,9.93,TRUE
1418,129,43,10,Retail,Alexandria / Gamal Abd El Nasir St,100,25000,250,0,0,0.98,9.93,TRUE
1419,129,43,11,Tourism & Hospitality,Alexandria / Gamal Abd El Nasir St,100,25000,250,0,0,0.98,9.93,TRUE
1420,130,43,1,Financial Services,Alexandria / Gamal Abd El Nasir St,180,35000,194.44,0,0,1.1,10,TRUE
1421,130,43,2,Food & Beverage,Alexandria / Gamal Abd El Nasir St,180,35000,194.44,0,0,1.1,10,TRUE
1422,130,43,3,Food & Beverage,Alexandria / Gamal Abd El Nasir St,180,35000,194.44,0,0,1.1,10,TRUE
1423,130,43,4,Food & Beverage,Alexandria / Gamal Abd El Nasir St,180,35000,194.44,0,0,1.1,10,TRUE
1424,130,43,5,Food & Beverage,Alexandria / Gamal Abd El Nasir St,180,35000,194.44,0,0,1.1,10,TRUE
1425,130,43,6,Health & Fitness,Alexandria / Gamal Abd El Nasir St,180,35000,194.44,0,0,1.1,10,TRUE
1426,130,43,7,Healthcare,Alexandria / Gamal Abd El Nasir St,180,35000,194.44,5,5,1.1,7.7,TRUE
1427,130,43,8,Healthcare,Alexandria / Gamal Abd El Nasir St,180,35000,194.44,5,5,1.1,7.7,TRUE
1428,130,43,9,Retail,Alexandria / Gamal Abd El Nasir St,180,35000,194.44,0,0,1.1,10,TRUE
1429,130,43,10,Retail,Alexandria / Gamal Abd El Nasir St,180,35000,194.44,0,0,1.1,10,TRUE
1430,130,43,11,Tourism & Hospitality,Alexandria / Gamal Abd El Nasir St,180,35000,194.44,0,0,1.1,10,TRUE
1431,131,43,1,Financial Services,Alexandria / Gamal Abd El Nasir St,100,10000,100,0,0,1.29,10,TRUE
1432,131,43,2,Food & Beverage,Alexandria / Gamal Abd El Nasir St,100,10000,100,0,0,1.29,10,TRUE
1433,131,43,3,Food & Beverage,Alexandria / Gamal Abd El Nasir St,100,10000,100,0,0,1.29,10,TRUE
1434,131,43,4,Food & Beverage,Alexandria / Gamal Abd El Nasir St,100,10000,100,0,0,1.29,10,TRUE
1435,131,43,5,Food & Beverage,Alexandria / Gamal Abd El Nasir St,100,10000,100,0,0,1.29,10,TRUE
1436,131,43,6,Health & Fitness,Alexandria / Gamal Abd El Nasir St,100,10000,100,0,0,1.29,10,TRUE
1437,131,43,7,Healthcare,Alexandria / Gamal Abd El Nasir St,100,10000,100,5,5,1.29,7.7,TRUE
1438,131,43,8,Healthcare,Alexandria / Gamal Abd El Nasir St,100,10000,100,5,5,1.29,7.7,TRUE
1439,131,43,9,Retail,Alexandria / Gamal Abd El Nasir St,100,10000,100,0,0,1.29,10,TRUE
1440,131,43,10,Retail,Alexandria / Gamal Abd El Nasir St,100,10000,100,0,0,1.29,10,TRUE
1441,131,43,11,Tourism & Hospitality,Alexandria / Gamal Abd El Nasir St,100,10000,100,0,0,1.29,10,TRUE
1442,132,43,1,Financial Services,Alexandria / Gamal Abd El Nasir St,70,5000,71.43,0,0,1.35,10,TRUE
1443,132,43,2,Food & Beverage,Alexandria / Gamal Abd El Nasir St,70,5000,71.43,0,0,1.35,10,TRUE
1444,132,43,3,Food & Beverage,Alexandria / Gamal Abd El Nasir St,70,5000,71.43,0,0,1.35,10,TRUE
1445,132,43,4,Food & Beverage,Alexandria / Gamal Abd El Nasir St,70,5000,71.43,0,0,1.35,10,TRUE
1446,132,43,5,Food & Beverage,Alexandria / Gamal Abd El Nasir St,70,5000,71.43,0,0,1.35,10,TRUE
1447,132,43,6,Health & Fitness,Alexandria / Gamal Abd El Nasir St,70,5000,71.43,0,0,1.35,10,TRUE
1448,132,43,7,Healthcare,Alexandria / Gamal Abd El Nasir St,70,5000,71.43,5,5,1.35,7.7,TRUE
1449,132,43,8,Healthcare,Alexandria / Gamal Abd El Nasir St,70,5000,71.43,5,5,1.35,7.7,TRUE
1450,132,43,9,Retail,Alexandria / Gamal Abd El Nasir St,70,5000,71.43,0,0,1.35,10,TRUE
1451,132,43,10,Retail,Alexandria / Gamal Abd El Nasir St,70,5000,71.43,0,0,1.35,10,TRUE
1452,132,43,11,Tourism & Hospitality,Alexandria / Gamal Abd El Nasir St,70,5000,71.43,0,0,1.35,10,TRUE
1453,133,43,1,Financial Services,Alexandria / Gamal Abd El Nasir St,110,15000,136.36,0,0,1.22,10,TRUE
1454,133,43,2,Food & Beverage,Alexandria / Gamal Abd El Nasir St,110,15000,136.36,0,0,1.22,10,TRUE
1455,133,43,3,Food & Beverage,Alexandria / Gamal Abd El Nasir St,110,15000,136.36,0,0,1.22,10,TRUE
1456,133,43,4,Food & Beverage,Alexandria / Gamal Abd El Nasir St,110,15000,136.36,0,0,1.22,10,TRUE
1457,133,43,5,Food & Beverage,Alexandria / Gamal Abd El Nasir St,110,15000,136.36,0,0,1.22,10,TRUE
1458,133,43,6,Health & Fitness,Alexandria / Gamal Abd El Nasir St,110,15000,136.36,0,0,1.22,10,TRUE
1459,133,43,7,Healthcare,Alexandria / Gamal Abd El Nasir St,110,15000,136.36,5,5,1.22,7.7,TRUE
1460,133,43,8,Healthcare,Alexandria / Gamal Abd El Nasir St,110,15000,136.36,5,5,1.22,7.7,TRUE
1461,133,43,9,Retail,Alexandria / Gamal Abd El Nasir St,110,15000,136.36,0,0,1.22,10,TRUE
1462,133,43,10,Retail,Alexandria / Gamal Abd El Nasir St,110,15000,136.36,0,0,1.22,10,TRUE
1463,133,43,11,Tourism & Hospitality,Alexandria / Gamal Abd El Nasir St,110,15000,136.36,0,0,1.22,10,TRUE
1464,134,43,1,Financial Services,Alexandria / Gamal Abd El Nasir St,100,13000,130,0,0,1.23,10,TRUE
1465,134,43,2,Food & Beverage,Alexandria / Gamal Abd El Nasir St,100,13000,130,0,0,1.23,10,TRUE
1466,134,43,3,Food & Beverage,Alexandria / Gamal Abd El Nasir St,100,13000,130,0,0,1.23,10,TRUE
1467,134,43,4,Food & Beverage,Alexandria / Gamal Abd El Nasir St,100,13000,130,0,0,1.23,10,TRUE
1468,134,43,5,Food & Beverage,Alexandria / Gamal Abd El Nasir St,100,13000,130,0,0,1.23,10,TRUE
1469,134,43,6,Health & Fitness,Alexandria / Gamal Abd El Nasir St,100,13000,130,0,0,1.23,10,TRUE
1470,134,43,7,Healthcare,Alexandria / Gamal Abd El Nasir St,100,13000,130,5,5,1.23,7.7,TRUE
1471,134,43,8,Healthcare,Alexandria / Gamal Abd El Nasir St,100,13000,130,5,5,1.23,7.7,TRUE
1472,134,43,9,Retail,Alexandria / Gamal Abd El Nasir St,100,13000,130,0,0,1.23,10,TRUE
1473,134,43,10,Retail,Alexandria / Gamal Abd El Nasir St,100,13000,130,0,0,1.23,10,TRUE
1474,134,43,11,Tourism & Hospitality,Alexandria / Gamal Abd El Nasir St,100,13000,130,0,0,1.23,10,TRUE
1475,135,43,1,Financial Services,Alexandria / Gamal Abd El Nasir St,90,10000,111.11,0,0,1.27,10,TRUE
1476,135,43,2,Food & Beverage,Alexandria / Gamal Abd El Nasir St,90,10000,111.11,0,0,1.27,10,TRUE
1477,135,43,3,Food & Beverage,Alexandria / Gamal Abd El Nasir St,90,10000,111.11,0,0,1.27,10,TRUE
1478,135,43,4,Food & Beverage,Alexandria / Gamal Abd El Nasir St,90,10000,111.11,0,0,1.27,10,TRUE
1479,135,43,5,Food & Beverage,Alexandria / Gamal Abd El Nasir St,90,10000,111.11,0,0,1.27,10,TRUE
1480,135,43,6,Health & Fitness,Alexandria / Gamal Abd El Nasir St,90,10000,111.11,0,0,1.27,10,TRUE
1481,135,43,7,Healthcare,Alexandria / Gamal Abd El Nasir St,90,10000,111.11,5,5,1.27,7.7,TRUE
1482,135,43,8,Healthcare,Alexandria / Gamal Abd El Nasir St,90,10000,111.11,5,5,1.27,7.7,TRUE
1483,135,43,9,Retail,Alexandria / Gamal Abd El Nasir St,90,10000,111.11,0,0,1.27,10,TRUE
1484,135,43,10,Retail,Alexandria / Gamal Abd El Nasir St,90,10000,111.11,0,0,1.27,10,TRUE
1485,135,43,11,Tourism & Hospitality,Alexandria / Gamal Abd El Nasir St,90,10000,111.11,0,0,1.27,10,TRUE
1486,136,43,1,Financial Services,Alexandria / Gamal Abd El Nasir St,100,40000,400,0,0,0.67,8.69,TRUE
1487,136,43,2,Food & Beverage,Alexandria / Gamal Abd El Nasir St,100,40000,400,0,0,0.67,8.69,TRUE
1488,136,43,3,Food & Beverage,Alexandria / Gamal Abd El Nasir St,100,40000,400,0,0,0.67,8.69,TRUE
1489,136,43,4,Food & Beverage,Alexandria / Gamal Abd El Nasir St,100,40000,400,0,0,0.67,8.69,TRUE
1490,136,43,5,Food & Beverage,Alexandria / Gamal Abd El Nasir St,100,40000,400,0,0,0.67,8.69,TRUE
1491,136,43,6,Health & Fitness,Alexandria / Gamal Abd El Nasir St,100,40000,400,0,0,0.67,8.69,TRUE
1492,136,43,7,Healthcare,Alexandria / Gamal Abd El Nasir St,100,40000,400,5,5,0.67,6.39,TRUE
1493,136,43,8,Healthcare,Alexandria / Gamal Abd El Nasir St,100,40000,400,5,5,0.67,6.39,TRUE
1494,136,43,9,Retail,Alexandria / Gamal Abd El Nasir St,100,40000,400,0,0,0.67,8.69,TRUE
1495,136,43,10,Retail,Alexandria / Gamal Abd El Nasir St,100,40000,400,0,0,0.67,8.69,TRUE
1496,136,43,11,Tourism & Hospitality,Alexandria / Gamal Abd El Nasir St,100,40000,400,0,0,0.67,8.69,TRUE
1497,137,43,1,Financial Services,Alexandria / Gamal Abd El Nasir St,100,12000,120,0,0,1.25,10,TRUE
1498,137,43,2,Food & Beverage,Alexandria / Gamal Abd El Nasir St,100,12000,120,0,0,1.25,10,TRUE
1499,137,43,3,Food & Beverage,Alexandria / Gamal Abd El Nasir St,100,12000,120,0,0,1.25,10,TRUE
1500,137,43,4,Food & Beverage,Alexandria / Gamal Abd El Nasir St,100,12000,120,0,0,1.25,10,TRUE
1501,137,43,5,Food & Beverage,Alexandria / Gamal Abd El Nasir St,100,12000,120,0,0,1.25,10,TRUE
1502,137,43,6,Health & Fitness,Alexandria / Gamal Abd El Nasir St,100,12000,120,0,0,1.25,10,TRUE
1503,137,43,7,Healthcare,Alexandria / Gamal Abd El Nasir St,100,12000,120,5,5,1.25,7.7,TRUE
1504,137,43,8,Healthcare,Alexandria / Gamal Abd El Nasir St,100,12000,120,5,5,1.25,7.7,TRUE
1505,137,43,9,Retail,Alexandria / Gamal Abd El Nasir St,100,12000,120,0,0,1.25,10,TRUE
1506,137,43,10,Retail,Alexandria / Gamal Abd El Nasir St,100,12000,120,0,0,1.25,10,TRUE
1507,137,43,11,Tourism & Hospitality,Alexandria / Gamal Abd El Nasir St,100,12000,120,0,0,1.25,10,TRUE
1508,138,43,1,Financial Services,Alexandria / Gamal Abd El Nasir St,50,7500,150,0,0,1.19,10,TRUE
1509,138,43,2,Food & Beverage,Alexandria / Gamal Abd El Nasir St,50,7500,150,0,0,1.19,10,TRUE
1510,138,43,3,Food & Beverage,Alexandria / Gamal Abd El Nasir St,50,7500,150,0,0,1.19,10,TRUE
1511,138,43,4,Food & Beverage,Alexandria / Gamal Abd El Nasir St,50,7500,150,0,0,1.19,10,TRUE
1512,138,43,5,Food & Beverage,Alexandria / Gamal Abd El Nasir St,50,7500,150,0,0,1.19,10,TRUE
1513,138,43,6,Health & Fitness,Alexandria / Gamal Abd El Nasir St,50,7500,150,0,0,1.19,10,TRUE
1514,138,43,7,Healthcare,Alexandria / Gamal Abd El Nasir St,50,7500,150,5,5,1.19,7.7,TRUE
1515,138,43,8,Healthcare,Alexandria / Gamal Abd El Nasir St,50,7500,150,5,5,1.19,7.7,TRUE
1516,138,43,9,Retail,Alexandria / Gamal Abd El Nasir St,50,7500,150,0,0,1.19,10,TRUE
1517,138,43,10,Retail,Alexandria / Gamal Abd El Nasir St,50,7500,150,0,0,1.19,10,TRUE
1518,138,43,11,Tourism & Hospitality,Alexandria / Gamal Abd El Nasir St,50,7500,150,0,0,1.19,10,TRUE
1519,139,43,1,Financial Services,Alexandria / Gamal Abdel Nasser St.,250,85000,340,0,0,0.8,9.18,TRUE
1520,139,43,2,Food & Beverage,Alexandria / Gamal Abdel Nasser St.,250,85000,340,0,0,0.8,9.18,TRUE
1521,139,43,3,Food & Beverage,Alexandria / Gamal Abdel Nasser St.,250,85000,340,0,0,0.8,9.18,TRUE
1522,139,43,4,Food & Beverage,Alexandria / Gamal Abdel Nasser St.,250,85000,340,0,0,0.8,9.18,TRUE
1523,139,43,5,Food & Beverage,Alexandria / Gamal Abdel Nasser St.,250,85000,340,0,0,0.8,9.18,TRUE
1524,139,43,6,Health & Fitness,Alexandria / Gamal Abdel Nasser St.,250,85000,340,0,0,0.8,9.18,TRUE
1525,139,43,7,Healthcare,Alexandria / Gamal Abdel Nasser St.,250,85000,340,5,5,0.8,6.88,TRUE
1526,139,43,8,Healthcare,Alexandria / Gamal Abdel Nasser St.,250,85000,340,5,5,0.8,6.88,TRUE
1527,139,43,9,Retail,Alexandria / Gamal Abdel Nasser St.,250,85000,340,0,0,0.8,9.18,TRUE
1528,139,43,10,Retail,Alexandria / Gamal Abdel Nasser St.,250,85000,340,0,0,0.8,9.18,TRUE
1529,139,43,11,Tourism & Hospitality,Alexandria / Gamal Abdel Nasser St.,250,85000,340,0,0,0.8,9.18,TRUE
1530,140,43,1,Financial Services,Alexandria / Gamal Abdel Nasser St.,83,12000,144.58,0,0,1.2,10,TRUE
1531,140,43,2,Food & Beverage,Alexandria / Gamal Abdel Nasser St.,83,12000,144.58,0,0,1.2,10,TRUE
1532,140,43,3,Food & Beverage,Alexandria / Gamal Abdel Nasser St.,83,12000,144.58,0,0,1.2,10,TRUE
1533,140,43,4,Food & Beverage,Alexandria / Gamal Abdel Nasser St.,83,12000,144.58,0,0,1.2,10,TRUE
1534,140,43,5,Food & Beverage,Alexandria / Gamal Abdel Nasser St.,83,12000,144.58,0,0,1.2,10,TRUE
1535,140,43,6,Health & Fitness,Alexandria / Gamal Abdel Nasser St.,83,12000,144.58,0,0,1.2,10,TRUE
1536,140,43,7,Healthcare,Alexandria / Gamal Abdel Nasser St.,83,12000,144.58,5,5,1.2,7.7,TRUE
1537,140,43,8,Healthcare,Alexandria / Gamal Abdel Nasser St.,83,12000,144.58,5,5,1.2,7.7,TRUE
1538,140,43,9,Retail,Alexandria / Gamal Abdel Nasser St.,83,12000,144.58,0,0,1.2,10,TRUE
1539,140,43,10,Retail,Alexandria / Gamal Abdel Nasser St.,83,12000,144.58,0,0,1.2,10,TRUE
1540,140,43,11,Tourism & Hospitality,Alexandria / Gamal Abdel Nasser St.,83,12000,144.58,0,0,1.2,10,TRUE
1541,141,43,1,Financial Services,Alexandria / Gamal Abdel Nasser St.,55,30000,545.45,0,0,0.37,7.48,TRUE
1542,141,43,2,Food & Beverage,Alexandria / Gamal Abdel Nasser St.,55,30000,545.45,0,0,0.37,7.48,TRUE
1543,141,43,3,Food & Beverage,Alexandria / Gamal Abdel Nasser St.,55,30000,545.45,0,0,0.37,7.48,TRUE
1544,141,43,4,Food & Beverage,Alexandria / Gamal Abdel Nasser St.,55,30000,545.45,0,0,0.37,7.48,TRUE
1545,141,43,5,Food & Beverage,Alexandria / Gamal Abdel Nasser St.,55,30000,545.45,0,0,0.37,7.48,TRUE
1546,141,43,6,Health & Fitness,Alexandria / Gamal Abdel Nasser St.,55,30000,545.45,0,0,0.37,7.48,TRUE
1547,141,43,7,Healthcare,Alexandria / Gamal Abdel Nasser St.,55,30000,545.45,5,5,0.37,5.18,FALSE
1548,141,43,8,Healthcare,Alexandria / Gamal Abdel Nasser St.,55,30000,545.45,5,5,0.37,5.18,FALSE
1549,141,43,9,Retail,Alexandria / Gamal Abdel Nasser St.,55,30000,545.45,0,0,0.37,7.48,TRUE
1550,141,43,10,Retail,Alexandria / Gamal Abdel Nasser St.,55,30000,545.45,0,0,0.37,7.48,TRUE
1551,141,43,11,Tourism & Hospitality,Alexandria / Gamal Abdel Nasser St.,55,30000,545.45,0,0,0.37,7.48,TRUE
1552,142,43,1,Financial Services,Alexandria / Gamal Abdel Nasser St.,60,12000,200,0,0,1.09,10,TRUE
1553,142,43,2,Food & Beverage,Alexandria / Gamal Abdel Nasser St.,60,12000,200,0,0,1.09,10,TRUE
1554,142,43,3,Food & Beverage,Alexandria / Gamal Abdel Nasser St.,60,12000,200,0,0,1.09,10,TRUE
1555,142,43,4,Food & Beverage,Alexandria / Gamal Abdel Nasser St.,60,12000,200,0,0,1.09,10,TRUE
1556,142,43,5,Food & Beverage,Alexandria / Gamal Abdel Nasser St.,60,12000,200,0,0,1.09,10,TRUE
1557,142,43,6,Health & Fitness,Alexandria / Gamal Abdel Nasser St.,60,12000,200,0,0,1.09,10,TRUE
1558,142,43,7,Healthcare,Alexandria / Gamal Abdel Nasser St.,60,12000,200,5,5,1.09,7.7,TRUE
1559,142,43,8,Healthcare,Alexandria / Gamal Abdel Nasser St.,60,12000,200,5,5,1.09,7.7,TRUE
1560,142,43,9,Retail,Alexandria / Gamal Abdel Nasser St.,60,12000,200,0,0,1.09,10,TRUE
1561,142,43,10,Retail,Alexandria / Gamal Abdel Nasser St.,60,12000,200,0,0,1.09,10,TRUE
1562,142,43,11,Tourism & Hospitality,Alexandria / Gamal Abdel Nasser St.,60,12000,200,0,0,1.09,10,TRUE
1563,143,43,1,Financial Services,Alexandria / Gamal Abdel Nasser St.,200,39000,195,0,0,1.1,10,TRUE
1564,143,43,2,Food & Beverage,Alexandria / Gamal Abdel Nasser St.,200,39000,195,0,0,1.1,10,TRUE
1565,143,43,3,Food & Beverage,Alexandria / Gamal Abdel Nasser St.,200,39000,195,0,0,1.1,10,TRUE
1566,143,43,4,Food & Beverage,Alexandria / Gamal Abdel Nasser St.,200,39000,195,0,0,1.1,10,TRUE
1567,143,43,5,Food & Beverage,Alexandria / Gamal Abdel Nasser St.,200,39000,195,0,0,1.1,10,TRUE
1568,143,43,6,Health & Fitness,Alexandria / Gamal Abdel Nasser St.,200,39000,195,0,0,1.1,10,TRUE
1569,143,43,7,Healthcare,Alexandria / Gamal Abdel Nasser St.,200,39000,195,5,5,1.1,7.7,TRUE
1570,143,43,8,Healthcare,Alexandria / Gamal Abdel Nasser St.,200,39000,195,5,5,1.1,7.7,TRUE
1571,143,43,9,Retail,Alexandria / Gamal Abdel Nasser St.,200,39000,195,0,0,1.1,10,TRUE
1572,143,43,10,Retail,Alexandria / Gamal Abdel Nasser St.,200,39000,195,0,0,1.1,10,TRUE
1573,143,43,11,Tourism & Hospitality,Alexandria / Gamal Abdel Nasser St.,200,39000,195,0,0,1.1,10,TRUE
1574,144,43,1,Financial Services,Alexandria / Gamal Abdel Nasser St.,240,70000,291.67,0,0,0.9,9.58,TRUE
1575,144,43,2,Food & Beverage,Alexandria / Gamal Abdel Nasser St.,240,70000,291.67,0,0,0.9,9.58,TRUE
1576,144,43,3,Food & Beverage,Alexandria / Gamal Abdel Nasser St.,240,70000,291.67,0,0,0.9,9.58,TRUE
1577,144,43,4,Food & Beverage,Alexandria / Gamal Abdel Nasser St.,240,70000,291.67,0,0,0.9,9.58,TRUE
1578,144,43,5,Food & Beverage,Alexandria / Gamal Abdel Nasser St.,240,70000,291.67,0,0,0.9,9.58,TRUE
1579,144,43,6,Health & Fitness,Alexandria / Gamal Abdel Nasser St.,240,70000,291.67,0,0,0.9,9.58,TRUE
1580,144,43,7,Healthcare,Alexandria / Gamal Abdel Nasser St.,240,70000,291.67,5,5,0.9,7.28,TRUE
1581,144,43,8,Healthcare,Alexandria / Gamal Abdel Nasser St.,240,70000,291.67,5,5,0.9,7.28,TRUE
1582,144,43,9,Retail,Alexandria / Gamal Abdel Nasser St.,240,70000,291.67,0,0,0.9,9.58,TRUE
1583,144,43,10,Retail,Alexandria / Gamal Abdel Nasser St.,240,70000,291.67,0,0,0.9,9.58,TRUE
1584,144,43,11,Tourism & Hospitality,Alexandria / Gamal Abdel Nasser St.,240,70000,291.67,0,0,0.9,9.58,TRUE
1585,145,43,1,Financial Services,Alexandria / Gamal Abdel Nasser St.,80,12000,150,0,0,1.19,10,TRUE
1586,145,43,2,Food & Beverage,Alexandria / Gamal Abdel Nasser St.,80,12000,150,0,0,1.19,10,TRUE
1587,145,43,3,Food & Beverage,Alexandria / Gamal Abdel Nasser St.,80,12000,150,0,0,1.19,10,TRUE
1588,145,43,4,Food & Beverage,Alexandria / Gamal Abdel Nasser St.,80,12000,150,0,0,1.19,10,TRUE
1589,145,43,5,Food & Beverage,Alexandria / Gamal Abdel Nasser St.,80,12000,150,0,0,1.19,10,TRUE
1590,145,43,6,Health & Fitness,Alexandria / Gamal Abdel Nasser St.,80,12000,150,0,0,1.19,10,TRUE
1591,145,43,7,Healthcare,Alexandria / Gamal Abdel Nasser St.,80,12000,150,5,5,1.19,7.7,TRUE
1592,145,43,8,Healthcare,Alexandria / Gamal Abdel Nasser St.,80,12000,150,5,5,1.19,7.7,TRUE
1593,145,43,9,Retail,Alexandria / Gamal Abdel Nasser St.,80,12000,150,0,0,1.19,10,TRUE
1594,145,43,10,Retail,Alexandria / Gamal Abdel Nasser St.,80,12000,150,0,0,1.19,10,TRUE
1595,145,43,11,Tourism & Hospitality,Alexandria / Gamal Abdel Nasser St.,80,12000,150,0,0,1.19,10,TRUE
1596,146,43,1,Financial Services,Alexandria / Gamal Abdel Nasser St.,100,10000,100,0,0,1.29,10,TRUE
1597,146,43,2,Food & Beverage,Alexandria / Gamal Abdel Nasser St.,100,10000,100,0,0,1.29,10,TRUE
1598,146,43,3,Food & Beverage,Alexandria / Gamal Abdel Nasser St.,100,10000,100,0,0,1.29,10,TRUE
1599,146,43,4,Food & Beverage,Alexandria / Gamal Abdel Nasser St.,100,10000,100,0,0,1.29,10,TRUE
1600,146,43,5,Food & Beverage,Alexandria / Gamal Abdel Nasser St.,100,10000,100,0,0,1.29,10,TRUE
1601,146,43,6,Health & Fitness,Alexandria / Gamal Abdel Nasser St.,100,10000,100,0,0,1.29,10,TRUE
1602,146,43,7,Healthcare,Alexandria / Gamal Abdel Nasser St.,100,10000,100,5,5,1.29,7.7,TRUE
1603,146,43,8,Healthcare,Alexandria / Gamal Abdel Nasser St.,100,10000,100,5,5,1.29,7.7,TRUE
1604,146,43,9,Retail,Alexandria / Gamal Abdel Nasser St.,100,10000,100,0,0,1.29,10,TRUE
1605,146,43,10,Retail,Alexandria / Gamal Abdel Nasser St.,100,10000,100,0,0,1.29,10,TRUE
1606,146,43,11,Tourism & Hospitality,Alexandria / Gamal Abdel Nasser St.,100,10000,100,0,0,1.29,10,TRUE
1607,147,43,1,Financial Services,Alexandria / Gamal Abdel Nasser St.,240,100000,416.67,0,0,0.64,8.55,TRUE
1608,147,43,2,Food & Beverage,Alexandria / Gamal Abdel Nasser St.,240,100000,416.67,0,0,0.64,8.55,TRUE
1609,147,43,3,Food & Beverage,Alexandria / Gamal Abdel Nasser St.,240,100000,416.67,0,0,0.64,8.55,TRUE
1610,147,43,4,Food & Beverage,Alexandria / Gamal Abdel Nasser St.,240,100000,416.67,0,0,0.64,8.55,TRUE
1611,147,43,5,Food & Beverage,Alexandria / Gamal Abdel Nasser St.,240,100000,416.67,0,0,0.64,8.55,TRUE
1612,147,43,6,Health & Fitness,Alexandria / Gamal Abdel Nasser St.,240,100000,416.67,0,0,0.64,8.55,TRUE
1613,147,43,7,Healthcare,Alexandria / Gamal Abdel Nasser St.,240,100000,416.67,5,5,0.64,6.25,TRUE
1614,147,43,8,Healthcare,Alexandria / Gamal Abdel Nasser St.,240,100000,416.67,5,5,0.64,6.25,TRUE
1615,147,43,9,Retail,Alexandria / Gamal Abdel Nasser St.,240,100000,416.67,0,0,0.64,8.55,TRUE
1616,147,43,10,Retail,Alexandria / Gamal Abdel Nasser St.,240,100000,416.67,0,0,0.64,8.55,TRUE
1617,147,43,11,Tourism & Hospitality,Alexandria / Gamal Abdel Nasser St.,240,100000,416.67,0,0,0.64,8.55,TRUE
1618,148,43,1,Financial Services,Alexandria / Gamal Abdel Nasser St.,150,6000,40,0,0,1.42,10,TRUE
1619,148,43,2,Food & Beverage,Alexandria / Gamal Abdel Nasser St.,150,6000,40,0,0,1.42,10,TRUE
1620,148,43,3,Food & Beverage,Alexandria / Gamal Abdel Nasser St.,150,6000,40,0,0,1.42,10,TRUE
1621,148,43,4,Food & Beverage,Alexandria / Gamal Abdel Nasser St.,150,6000,40,0,0,1.42,10,TRUE
1622,148,43,5,Food & Beverage,Alexandria / Gamal Abdel Nasser St.,150,6000,40,0,0,1.42,10,TRUE
1623,148,43,6,Health & Fitness,Alexandria / Gamal Abdel Nasser St.,150,6000,40,0,0,1.42,10,TRUE
1624,148,43,7,Healthcare,Alexandria / Gamal Abdel Nasser St.,150,6000,40,5,5,1.42,7.7,TRUE
1625,148,43,8,Healthcare,Alexandria / Gamal Abdel Nasser St.,150,6000,40,5,5,1.42,7.7,TRUE
1626,148,43,9,Retail,Alexandria / Gamal Abdel Nasser St.,150,6000,40,0,0,1.42,10,TRUE
1627,148,43,10,Retail,Alexandria / Gamal Abdel Nasser St.,150,6000,40,0,0,1.42,10,TRUE
1628,148,43,11,Tourism & Hospitality,Alexandria / Gamal Abdel Nasser St.,150,6000,40,0,0,1.42,10,TRUE
1629,149,43,1,Financial Services,Alexandria / Gamal Abdel Nasser St.,60,25000,416.67,0,0,0.64,8.55,TRUE
1630,149,43,2,Food & Beverage,Alexandria / Gamal Abdel Nasser St.,60,25000,416.67,0,0,0.64,8.55,TRUE
1631,149,43,3,Food & Beverage,Alexandria / Gamal Abdel Nasser St.,60,25000,416.67,0,0,0.64,8.55,TRUE
1632,149,43,4,Food & Beverage,Alexandria / Gamal Abdel Nasser St.,60,25000,416.67,0,0,0.64,8.55,TRUE
1633,149,43,5,Food & Beverage,Alexandria / Gamal Abdel Nasser St.,60,25000,416.67,0,0,0.64,8.55,TRUE
1634,149,43,6,Health & Fitness,Alexandria / Gamal Abdel Nasser St.,60,25000,416.67,0,0,0.64,8.55,TRUE
1635,149,43,7,Healthcare,Alexandria / Gamal Abdel Nasser St.,60,25000,416.67,5,5,0.64,6.25,TRUE
1636,149,43,8,Healthcare,Alexandria / Gamal Abdel Nasser St.,60,25000,416.67,5,5,0.64,6.25,TRUE
1637,149,43,9,Retail,Alexandria / Gamal Abdel Nasser St.,60,25000,416.67,0,0,0.64,8.55,TRUE
1638,149,43,10,Retail,Alexandria / Gamal Abdel Nasser St.,60,25000,416.67,0,0,0.64,8.55,TRUE
1639,149,43,11,Tourism & Hospitality,Alexandria / Gamal Abdel Nasser St.,60,25000,416.67,0,0,0.64,8.55,TRUE
1640,150,43,1,Financial Services,Alexandria / Gamal Abdel Nasser St.,120,10000,83.33,0,0,1.33,10,TRUE
1641,150,43,2,Food & Beverage,Alexandria / Gamal Abdel Nasser St.,120,10000,83.33,0,0,1.33,10,TRUE
1642,150,43,3,Food & Beverage,Alexandria / Gamal Abdel Nasser St.,120,10000,83.33,0,0,1.33,10,TRUE
1643,150,43,4,Food & Beverage,Alexandria / Gamal Abdel Nasser St.,120,10000,83.33,0,0,1.33,10,TRUE
1644,150,43,5,Food & Beverage,Alexandria / Gamal Abdel Nasser St.,120,10000,83.33,0,0,1.33,10,TRUE
1645,150,43,6,Health & Fitness,Alexandria / Gamal Abdel Nasser St.,120,10000,83.33,0,0,1.33,10,TRUE
1646,150,43,7,Healthcare,Alexandria / Gamal Abdel Nasser St.,120,10000,83.33,5,5,1.33,7.7,TRUE
1647,150,43,8,Healthcare,Alexandria / Gamal Abdel Nasser St.,120,10000,83.33,5,5,1.33,7.7,TRUE
1648,150,43,9,Retail,Alexandria / Gamal Abdel Nasser St.,120,10000,83.33,0,0,1.33,10,TRUE
1649,150,43,10,Retail,Alexandria / Gamal Abdel Nasser St.,120,10000,83.33,0,0,1.33,10,TRUE
1650,150,43,11,Tourism & Hospitality,Alexandria / Gamal Abdel Nasser St.,120,10000,83.33,0,0,1.33,10,TRUE
1651,151,43,1,Financial Services,Alexandria / Gamal Abdel Nasser St.,120,15000,125,0,0,1.24,10,TRUE
1652,151,43,2,Food & Beverage,Alexandria / Gamal Abdel Nasser St.,120,15000,125,0,0,1.24,10,TRUE
1653,151,43,3,Food & Beverage,Alexandria / Gamal Abdel Nasser St.,120,15000,125,0,0,1.24,10,TRUE
1654,151,43,4,Food & Beverage,Alexandria / Gamal Abdel Nasser St.,120,15000,125,0,0,1.24,10,TRUE
1655,151,43,5,Food & Beverage,Alexandria / Gamal Abdel Nasser St.,120,15000,125,0,0,1.24,10,TRUE
1656,151,43,6,Health & Fitness,Alexandria / Gamal Abdel Nasser St.,120,15000,125,0,0,1.24,10,TRUE
1657,151,43,7,Healthcare,Alexandria / Gamal Abdel Nasser St.,120,15000,125,5,5,1.24,7.7,TRUE
1658,151,43,8,Healthcare,Alexandria / Gamal Abdel Nasser St.,120,15000,125,5,5,1.24,7.7,TRUE
1659,151,43,9,Retail,Alexandria / Gamal Abdel Nasser St.,120,15000,125,0,0,1.24,10,TRUE
1660,151,43,10,Retail,Alexandria / Gamal Abdel Nasser St.,120,15000,125,0,0,1.24,10,TRUE
1661,151,43,11,Tourism & Hospitality,Alexandria / Gamal Abdel Nasser St.,120,15000,125,0,0,1.24,10,TRUE
1662,152,43,1,Financial Services,Alexandria / Gamal Abdel Nasser St.,150,17000,113.33,0,0,1.27,10,TRUE
1663,152,43,2,Food & Beverage,Alexandria / Gamal Abdel Nasser St.,150,17000,113.33,0,0,1.27,10,TRUE
1664,152,43,3,Food & Beverage,Alexandria / Gamal Abdel Nasser St.,150,17000,113.33,0,0,1.27,10,TRUE
1665,152,43,4,Food & Beverage,Alexandria / Gamal Abdel Nasser St.,150,17000,113.33,0,0,1.27,10,TRUE
1666,152,43,5,Food & Beverage,Alexandria / Gamal Abdel Nasser St.,150,17000,113.33,0,0,1.27,10,TRUE
1667,152,43,6,Health & Fitness,Alexandria / Gamal Abdel Nasser St.,150,17000,113.33,0,0,1.27,10,TRUE
1668,152,43,7,Healthcare,Alexandria / Gamal Abdel Nasser St.,150,17000,113.33,5,5,1.27,7.7,TRUE
1669,152,43,8,Healthcare,Alexandria / Gamal Abdel Nasser St.,150,17000,113.33,5,5,1.27,7.7,TRUE
1670,152,43,9,Retail,Alexandria / Gamal Abdel Nasser St.,150,17000,113.33,0,0,1.27,10,TRUE
1671,152,43,10,Retail,Alexandria / Gamal Abdel Nasser St.,150,17000,113.33,0,0,1.27,10,TRUE
1672,152,43,11,Tourism & Hospitality,Alexandria / Gamal Abdel Nasser St.,150,17000,113.33,0,0,1.27,10,TRUE
1673,153,43,1,Financial Services,Alexandria / Gamal Abdel Nasser St.,240,90000,375,0,0,0.72,8.89,TRUE
1674,153,43,2,Food & Beverage,Alexandria / Gamal Abdel Nasser St.,240,90000,375,0,0,0.72,8.89,TRUE
1675,153,43,3,Food & Beverage,Alexandria / Gamal Abdel Nasser St.,240,90000,375,0,0,0.72,8.89,TRUE
1676,153,43,4,Food & Beverage,Alexandria / Gamal Abdel Nasser St.,240,90000,375,0,0,0.72,8.89,TRUE
1677,153,43,5,Food & Beverage,Alexandria / Gamal Abdel Nasser St.,240,90000,375,0,0,0.72,8.89,TRUE
1678,153,43,6,Health & Fitness,Alexandria / Gamal Abdel Nasser St.,240,90000,375,0,0,0.72,8.89,TRUE
1679,153,43,7,Healthcare,Alexandria / Gamal Abdel Nasser St.,240,90000,375,5,5,0.72,6.59,TRUE
1680,153,43,8,Healthcare,Alexandria / Gamal Abdel Nasser St.,240,90000,375,5,5,0.72,6.59,TRUE
1681,153,43,9,Retail,Alexandria / Gamal Abdel Nasser St.,240,90000,375,0,0,0.72,8.89,TRUE
1682,153,43,10,Retail,Alexandria / Gamal Abdel Nasser St.,240,90000,375,0,0,0.72,8.89,TRUE
1683,153,43,11,Tourism & Hospitality,Alexandria / Gamal Abdel Nasser St.,240,90000,375,0,0,0.72,8.89,TRUE
1684,154,43,1,Financial Services,Alexandria / Gamal Abdel Nasser St.,120,12000,100,0,0,1.29,10,TRUE
1685,154,43,2,Food & Beverage,Alexandria / Gamal Abdel Nasser St.,120,12000,100,0,0,1.29,10,TRUE
1686,154,43,3,Food & Beverage,Alexandria / Gamal Abdel Nasser St.,120,12000,100,0,0,1.29,10,TRUE
1687,154,43,4,Food & Beverage,Alexandria / Gamal Abdel Nasser St.,120,12000,100,0,0,1.29,10,TRUE
1688,154,43,5,Food & Beverage,Alexandria / Gamal Abdel Nasser St.,120,12000,100,0,0,1.29,10,TRUE
1689,154,43,6,Health & Fitness,Alexandria / Gamal Abdel Nasser St.,120,12000,100,0,0,1.29,10,TRUE
1690,154,43,7,Healthcare,Alexandria / Gamal Abdel Nasser St.,120,12000,100,5,5,1.29,7.7,TRUE
1691,154,43,8,Healthcare,Alexandria / Gamal Abdel Nasser St.,120,12000,100,5,5,1.29,7.7,TRUE
1692,154,43,9,Retail,Alexandria / Gamal Abdel Nasser St.,120,12000,100,0,0,1.29,10,TRUE
1693,154,43,10,Retail,Alexandria / Gamal Abdel Nasser St.,120,12000,100,0,0,1.29,10,TRUE
1694,154,43,11,Tourism & Hospitality,Alexandria / Gamal Abdel Nasser St.,120,12000,100,0,0,1.29,10,TRUE
1695,155,43,1,Financial Services,Alexandria / Gamal Abdel Nasser St.,60,5000,83.33,0,0,1.33,10,TRUE
1696,155,43,2,Food & Beverage,Alexandria / Gamal Abdel Nasser St.,60,5000,83.33,0,0,1.33,10,TRUE
1697,155,43,3,Food & Beverage,Alexandria / Gamal Abdel Nasser St.,60,5000,83.33,0,0,1.33,10,TRUE
1698,155,43,4,Food & Beverage,Alexandria / Gamal Abdel Nasser St.,60,5000,83.33,0,0,1.33,10,TRUE
1699,155,43,5,Food & Beverage,Alexandria / Gamal Abdel Nasser St.,60,5000,83.33,0,0,1.33,10,TRUE
1700,155,43,6,Health & Fitness,Alexandria / Gamal Abdel Nasser St.,60,5000,83.33,0,0,1.33,10,TRUE
1701,155,43,7,Healthcare,Alexandria / Gamal Abdel Nasser St.,60,5000,83.33,5,5,1.33,7.7,TRUE
1702,155,43,8,Healthcare,Alexandria / Gamal Abdel Nasser St.,60,5000,83.33,5,5,1.33,7.7,TRUE
1703,155,43,9,Retail,Alexandria / Gamal Abdel Nasser St.,60,5000,83.33,0,0,1.33,10,TRUE
1704,155,43,10,Retail,Alexandria / Gamal Abdel Nasser St.,60,5000,83.33,0,0,1.33,10,TRUE
1705,155,43,11,Tourism & Hospitality,Alexandria / Gamal Abdel Nasser St.,60,5000,83.33,0,0,1.33,10,TRUE
1706,156,46,1,Financial Services,Alexandria / Khaled Ibn El Waleed St.,200,50000,250,0,2,1.03,10,TRUE
1707,156,46,2,Food & Beverage,Alexandria / Khaled Ibn El Waleed St.,200,50000,250,0,2,1.03,10,TRUE
1708,156,46,3,Food & Beverage,Alexandria / Khaled Ibn El Waleed St.,200,50000,250,0,2,1.03,10,TRUE
1709,156,46,4,Food & Beverage,Alexandria / Khaled Ibn El Waleed St.,200,50000,250,0,2,1.03,10,TRUE
1710,156,46,5,Food & Beverage,Alexandria / Khaled Ibn El Waleed St.,200,50000,250,0,2,1.03,10,TRUE
1711,156,46,6,Health & Fitness,Alexandria / Khaled Ibn El Waleed St.,200,50000,250,1,2,1.03,9.7,TRUE
1712,156,46,7,Healthcare,Alexandria / Khaled Ibn El Waleed St.,200,50000,250,8,15,1.03,5.47,FALSE
1713,156,46,8,Healthcare,Alexandria / Khaled Ibn El Waleed St.,200,50000,250,8,15,1.03,5.47,FALSE
1714,156,46,9,Retail,Alexandria / Khaled Ibn El Waleed St.,200,50000,250,0,0,1.03,10,TRUE
1715,156,46,10,Retail,Alexandria / Khaled Ibn El Waleed St.,200,50000,250,0,0,1.03,10,TRUE
1716,156,46,11,Tourism & Hospitality,Alexandria / Khaled Ibn El Waleed St.,200,50000,250,0,1,1.03,10,TRUE
1717,157,46,1,Financial Services,Alexandria / Khaled Ibn El Waleed St.,90,14000,155.56,0,2,1.21,10,TRUE
1718,157,46,2,Food & Beverage,Alexandria / Khaled Ibn El Waleed St.,90,14000,155.56,0,2,1.21,10,TRUE
1719,157,46,3,Food & Beverage,Alexandria / Khaled Ibn El Waleed St.,90,14000,155.56,0,2,1.21,10,TRUE
1720,157,46,4,Food & Beverage,Alexandria / Khaled Ibn El Waleed St.,90,14000,155.56,0,2,1.21,10,TRUE
1721,157,46,5,Food & Beverage,Alexandria / Khaled Ibn El Waleed St.,90,14000,155.56,0,2,1.21,10,TRUE
1722,157,46,6,Health & Fitness,Alexandria / Khaled Ibn El Waleed St.,90,14000,155.56,1,2,1.21,9.7,TRUE
1723,157,46,7,Healthcare,Alexandria / Khaled Ibn El Waleed St.,90,14000,155.56,8,15,1.21,5.47,FALSE
1724,157,46,8,Healthcare,Alexandria / Khaled Ibn El Waleed St.,90,14000,155.56,8,15,1.21,5.47,FALSE
1725,157,46,9,Retail,Alexandria / Khaled Ibn El Waleed St.,90,14000,155.56,0,0,1.21,10,TRUE
1726,157,46,10,Retail,Alexandria / Khaled Ibn El Waleed St.,90,14000,155.56,0,0,1.21,10,TRUE
1727,157,46,11,Tourism & Hospitality,Alexandria / Khaled Ibn El Waleed St.,90,14000,155.56,0,1,1.21,10,TRUE
1728,158,46,1,Financial Services,Alexandria / Khaled Ibn El Waleed St.,148,45000,304.05,0,2,0.92,9.69,TRUE
1729,158,46,2,Food & Beverage,Alexandria / Khaled Ibn El Waleed St.,148,45000,304.05,0,2,0.92,9.69,TRUE
1730,158,46,3,Food & Beverage,Alexandria / Khaled Ibn El Waleed St.,148,45000,304.05,0,2,0.92,9.69,TRUE
1731,158,46,4,Food & Beverage,Alexandria / Khaled Ibn El Waleed St.,148,45000,304.05,0,2,0.92,9.69,TRUE
1732,158,46,5,Food & Beverage,Alexandria / Khaled Ibn El Waleed St.,148,45000,304.05,0,2,0.92,9.69,TRUE
1733,158,46,6,Health & Fitness,Alexandria / Khaled Ibn El Waleed St.,148,45000,304.05,1,2,0.92,9.39,TRUE
1734,158,46,7,Healthcare,Alexandria / Khaled Ibn El Waleed St.,148,45000,304.05,8,15,0.92,5.16,FALSE
1735,158,46,8,Healthcare,Alexandria / Khaled Ibn El Waleed St.,148,45000,304.05,8,15,0.92,5.16,FALSE
1736,158,46,9,Retail,Alexandria / Khaled Ibn El Waleed St.,148,45000,304.05,0,0,0.92,9.69,TRUE
1737,158,46,10,Retail,Alexandria / Khaled Ibn El Waleed St.,148,45000,304.05,0,0,0.92,9.69,TRUE
1738,158,46,11,Tourism & Hospitality,Alexandria / Khaled Ibn El Waleed St.,148,45000,304.05,0,1,0.92,9.69,TRUE
1739,159,46,1,Financial Services,Alexandria / Khaled Ibn El Waleed St.,180,50000,277.78,0,2,0.97,9.89,TRUE
1740,159,46,2,Food & Beverage,Alexandria / Khaled Ibn El Waleed St.,180,50000,277.78,0,2,0.97,9.89,TRUE
1741,159,46,3,Food & Beverage,Alexandria / Khaled Ibn El Waleed St.,180,50000,277.78,0,2,0.97,9.89,TRUE
1742,159,46,4,Food & Beverage,Alexandria / Khaled Ibn El Waleed St.,180,50000,277.78,0,2,0.97,9.89,TRUE
1743,159,46,5,Food & Beverage,Alexandria / Khaled Ibn El Waleed St.,180,50000,277.78,0,2,0.97,9.89,TRUE
1744,159,46,6,Health & Fitness,Alexandria / Khaled Ibn El Waleed St.,180,50000,277.78,1,2,0.97,9.59,TRUE
1745,159,46,7,Healthcare,Alexandria / Khaled Ibn El Waleed St.,180,50000,277.78,8,15,0.97,5.36,FALSE
1746,159,46,8,Healthcare,Alexandria / Khaled Ibn El Waleed St.,180,50000,277.78,8,15,0.97,5.36,FALSE
1747,159,46,9,Retail,Alexandria / Khaled Ibn El Waleed St.,180,50000,277.78,0,0,0.97,9.89,TRUE
1748,159,46,10,Retail,Alexandria / Khaled Ibn El Waleed St.,180,50000,277.78,0,0,0.97,9.89,TRUE
1749,159,46,11,Tourism & Hospitality,Alexandria / Khaled Ibn El Waleed St.,180,50000,277.78,0,1,0.97,9.89,TRUE
1750,160,46,1,Financial Services,Alexandria / Khaled Ibn El Waleed St.,150,30000,200,0,2,1.12,10,TRUE
1751,160,46,2,Food & Beverage,Alexandria / Khaled Ibn El Waleed St.,150,30000,200,0,2,1.12,10,TRUE
1752,160,46,3,Food & Beverage,Alexandria / Khaled Ibn El Waleed St.,150,30000,200,0,2,1.12,10,TRUE
1753,160,46,4,Food & Beverage,Alexandria / Khaled Ibn El Waleed St.,150,30000,200,0,2,1.12,10,TRUE
1754,160,46,5,Food & Beverage,Alexandria / Khaled Ibn El Waleed St.,150,30000,200,0,2,1.12,10,TRUE
1755,160,46,6,Health & Fitness,Alexandria / Khaled Ibn El Waleed St.,150,30000,200,1,2,1.12,9.7,TRUE
1756,160,46,7,Healthcare,Alexandria / Khaled Ibn El Waleed St.,150,30000,200,8,15,1.12,5.47,FALSE
1757,160,46,8,Healthcare,Alexandria / Khaled Ibn El Waleed St.,150,30000,200,8,15,1.12,5.47,FALSE
1758,160,46,9,Retail,Alexandria / Khaled Ibn El Waleed St.,150,30000,200,0,0,1.12,10,TRUE
1759,160,46,10,Retail,Alexandria / Khaled Ibn El Waleed St.,150,30000,200,0,0,1.12,10,TRUE
1760,160,46,11,Tourism & Hospitality,Alexandria / Khaled Ibn El Waleed St.,150,30000,200,0,1,1.12,10,TRUE
1761,161,22,1,Financial Services,Alexandria / Kornesh El-Maamoura St,140,135000,964.29,0,0,0.57,8.3,TRUE
1762,161,22,2,Food & Beverage,Alexandria / Kornesh El-Maamoura St,140,135000,964.29,0,0,0.57,8.3,TRUE
1763,161,22,3,Food & Beverage,Alexandria / Kornesh El-Maamoura St,140,135000,964.29,0,0,0.57,8.3,TRUE
1764,161,22,4,Food & Beverage,Alexandria / Kornesh El-Maamoura St,140,135000,964.29,0,0,0.57,8.3,TRUE
1765,161,22,5,Food & Beverage,Alexandria / Kornesh El-Maamoura St,140,135000,964.29,0,0,0.57,8.3,TRUE
1766,161,22,6,Health & Fitness,Alexandria / Kornesh El-Maamoura St,140,135000,964.29,0,0,0.57,8.3,TRUE
1767,161,22,7,Healthcare,Alexandria / Kornesh El-Maamoura St,140,135000,964.29,3,3,0.57,6.9,TRUE
1768,161,22,8,Healthcare,Alexandria / Kornesh El-Maamoura St,140,135000,964.29,3,3,0.57,6.9,TRUE
1769,161,22,9,Retail,Alexandria / Kornesh El-Maamoura St,140,135000,964.29,0,0,0.57,8.3,TRUE
1770,161,22,10,Retail,Alexandria / Kornesh El-Maamoura St,140,135000,964.29,0,0,0.57,8.3,TRUE
1771,161,22,11,Tourism & Hospitality,Alexandria / Kornesh El-Maamoura St,140,135000,964.29,1,2,0.57,8,TRUE
1772,162,14,1,Financial Services,Alexandria / La Jetee St.,65,20000,307.69,2,2,0.97,9.28,TRUE
1773,162,14,2,Food & Beverage,Alexandria / La Jetee St.,65,20000,307.69,8,24,0.97,5.15,FALSE
1774,162,14,3,Food & Beverage,Alexandria / La Jetee St.,65,20000,307.69,8,24,0.97,5.15,FALSE
1775,162,14,4,Food & Beverage,Alexandria / La Jetee St.,65,20000,307.69,8,24,0.97,5.15,FALSE
1776,162,14,5,Food & Beverage,Alexandria / La Jetee St.,65,20000,307.69,8,24,0.97,5.15,FALSE
1777,162,14,6,Health & Fitness,Alexandria / La Jetee St.,65,20000,307.69,0,0,0.97,9.88,TRUE
1778,162,14,7,Healthcare,Alexandria / La Jetee St.,65,20000,307.69,6,6,0.97,7.75,TRUE
1779,162,14,8,Healthcare,Alexandria / La Jetee St.,65,20000,307.69,6,6,0.97,7.75,TRUE
1780,162,14,9,Retail,Alexandria / La Jetee St.,65,20000,307.69,2,2,0.97,9.28,TRUE
1781,162,14,10,Retail,Alexandria / La Jetee St.,65,20000,307.69,2,2,0.97,9.28,TRUE
1782,162,14,11,Tourism & Hospitality,Alexandria / La Jetee St.,65,20000,307.69,1,1,0.97,9.58,TRUE
1783,163,14,1,Financial Services,Alexandria / La Jetee St.,125,20000,160,2,2,1.22,9.4,TRUE
1784,163,14,2,Food & Beverage,Alexandria / La Jetee St.,125,20000,160,8,24,1.22,5.27,FALSE
1785,163,14,3,Food & Beverage,Alexandria / La Jetee St.,125,20000,160,8,24,1.22,5.27,FALSE
1786,163,14,4,Food & Beverage,Alexandria / La Jetee St.,125,20000,160,8,24,1.22,5.27,FALSE
1787,163,14,5,Food & Beverage,Alexandria / La Jetee St.,125,20000,160,8,24,1.22,5.27,FALSE
1788,163,14,6,Health & Fitness,Alexandria / La Jetee St.,125,20000,160,0,0,1.22,10,TRUE
1789,163,14,7,Healthcare,Alexandria / La Jetee St.,125,20000,160,6,6,1.22,7.87,TRUE
1790,163,14,8,Healthcare,Alexandria / La Jetee St.,125,20000,160,6,6,1.22,7.87,TRUE
1791,163,14,9,Retail,Alexandria / La Jetee St.,125,20000,160,2,2,1.22,9.4,TRUE
1792,163,14,10,Retail,Alexandria / La Jetee St.,125,20000,160,2,2,1.22,9.4,TRUE
1793,163,14,11,Tourism & Hospitality,Alexandria / La Jetee St.,125,20000,160,1,1,1.22,9.7,TRUE
1794,164,14,1,Financial Services,Alexandria / La Jetee St.,100,15000,150,2,2,1.24,9.4,TRUE
1795,164,14,2,Food & Beverage,Alexandria / La Jetee St.,100,15000,150,8,24,1.24,5.27,FALSE
1796,164,14,3,Food & Beverage,Alexandria / La Jetee St.,100,15000,150,8,24,1.24,5.27,FALSE
1797,164,14,4,Food & Beverage,Alexandria / La Jetee St.,100,15000,150,8,24,1.24,5.27,FALSE
1798,164,14,5,Food & Beverage,Alexandria / La Jetee St.,100,15000,150,8,24,1.24,5.27,FALSE
1799,164,14,6,Health & Fitness,Alexandria / La Jetee St.,100,15000,150,0,0,1.24,10,TRUE
1800,164,14,7,Healthcare,Alexandria / La Jetee St.,100,15000,150,6,6,1.24,7.87,TRUE
1801,164,14,8,Healthcare,Alexandria / La Jetee St.,100,15000,150,6,6,1.24,7.87,TRUE
1802,164,14,9,Retail,Alexandria / La Jetee St.,100,15000,150,2,2,1.24,9.4,TRUE
1803,164,14,10,Retail,Alexandria / La Jetee St.,100,15000,150,2,2,1.24,9.4,TRUE
1804,164,14,11,Tourism & Hospitality,Alexandria / La Jetee St.,100,15000,150,1,1,1.24,9.7,TRUE
1805,165,37,1,Financial Services,Alexandria / Miami,70,10000,142.86,0,0,1.16,10,TRUE
1806,165,37,2,Food & Beverage,Alexandria / Miami,70,10000,142.86,0,0,1.16,10,TRUE
1807,165,37,3,Food & Beverage,Alexandria / Miami,70,10000,142.86,0,0,1.16,10,TRUE
1808,165,37,4,Food & Beverage,Alexandria / Miami,70,10000,142.86,0,0,1.16,10,TRUE
1809,165,37,5,Food & Beverage,Alexandria / Miami,70,10000,142.86,0,0,1.16,10,TRUE
1810,165,37,6,Health & Fitness,Alexandria / Miami,70,10000,142.86,0,0,1.16,10,TRUE
1811,165,37,7,Healthcare,Alexandria / Miami,70,10000,142.86,1,5,1.16,8.7,TRUE
1812,165,37,8,Healthcare,Alexandria / Miami,70,10000,142.86,1,5,1.16,8.7,TRUE
1813,165,37,9,Retail,Alexandria / Miami,70,10000,142.86,0,0,1.16,10,TRUE
1814,165,37,10,Retail,Alexandria / Miami,70,10000,142.86,0,0,1.16,10,TRUE
1815,165,37,11,Tourism & Hospitality,Alexandria / Miami,70,10000,142.86,0,0,1.16,10,TRUE
1816,166,37,1,Financial Services,Alexandria / Miami,60,15000,250,0,0,0.9,9.59,TRUE
1817,166,37,2,Food & Beverage,Alexandria / Miami,60,15000,250,0,0,0.9,9.59,TRUE
1818,166,37,3,Food & Beverage,Alexandria / Miami,60,15000,250,0,0,0.9,9.59,TRUE
1819,166,37,4,Food & Beverage,Alexandria / Miami,60,15000,250,0,0,0.9,9.59,TRUE
1820,166,37,5,Food & Beverage,Alexandria / Miami,60,15000,250,0,0,0.9,9.59,TRUE
1821,166,37,6,Health & Fitness,Alexandria / Miami,60,15000,250,0,0,0.9,9.59,TRUE
1822,166,37,7,Healthcare,Alexandria / Miami,60,15000,250,1,5,0.9,8.29,TRUE
1823,166,37,8,Healthcare,Alexandria / Miami,60,15000,250,1,5,0.9,8.29,TRUE
1824,166,37,9,Retail,Alexandria / Miami,60,15000,250,0,0,0.9,9.59,TRUE
1825,166,37,10,Retail,Alexandria / Miami,60,15000,250,0,0,0.9,9.59,TRUE
1826,166,37,11,Tourism & Hospitality,Alexandria / Miami,60,15000,250,0,0,0.9,9.59,TRUE
1827,167,38,1,Financial Services,Alexandria / Mohammed Al Eqbal St.,80,25000,312.5,3,8,0.94,8,TRUE
1828,167,38,2,Food & Beverage,Alexandria / Mohammed Al Eqbal St.,80,25000,312.5,3,11,0.94,7.42,TRUE
1829,167,38,3,Food & Beverage,Alexandria / Mohammed Al Eqbal St.,80,25000,312.5,3,11,0.94,7.42,TRUE
1830,167,38,4,Food & Beverage,Alexandria / Mohammed Al Eqbal St.,80,25000,312.5,3,11,0.94,7.42,TRUE
1831,167,38,5,Food & Beverage,Alexandria / Mohammed Al Eqbal St.,80,25000,312.5,3,11,0.94,7.42,TRUE
1832,167,38,6,Health & Fitness,Alexandria / Mohammed Al Eqbal St.,80,25000,312.5,0,2,0.94,9.78,TRUE
1833,167,38,7,Healthcare,Alexandria / Mohammed Al Eqbal St.,80,25000,312.5,8,10,0.94,6.08,TRUE
1834,167,38,8,Healthcare,Alexandria / Mohammed Al Eqbal St.,80,25000,312.5,8,10,0.94,6.08,TRUE
1835,167,38,9,Retail,Alexandria / Mohammed Al Eqbal St.,80,25000,312.5,3,5,0.94,8.88,TRUE
1836,167,38,10,Retail,Alexandria / Mohammed Al Eqbal St.,80,25000,312.5,3,5,0.94,8.88,TRUE
1837,167,38,11,Tourism & Hospitality,Alexandria / Mohammed Al Eqbal St.,80,25000,312.5,2,2,0.94,9.18,TRUE
1838,168,38,1,Financial Services,Alexandria / Mohammed Al Eqbal St.,80,20000,250,3,8,1.06,8.22,TRUE
1839,168,38,2,Food & Beverage,Alexandria / Mohammed Al Eqbal St.,80,20000,250,3,11,1.06,7.65,TRUE
1840,168,38,3,Food & Beverage,Alexandria / Mohammed Al Eqbal St.,80,20000,250,3,11,1.06,7.65,TRUE
1841,168,38,4,Food & Beverage,Alexandria / Mohammed Al Eqbal St.,80,20000,250,3,11,1.06,7.65,TRUE
1842,168,38,5,Food & Beverage,Alexandria / Mohammed Al Eqbal St.,80,20000,250,3,11,1.06,7.65,TRUE
1843,168,38,6,Health & Fitness,Alexandria / Mohammed Al Eqbal St.,80,20000,250,0,2,1.06,10,TRUE
1844,168,38,7,Healthcare,Alexandria / Mohammed Al Eqbal St.,80,20000,250,8,10,1.06,6.3,TRUE
1845,168,38,8,Healthcare,Alexandria / Mohammed Al Eqbal St.,80,20000,250,8,10,1.06,6.3,TRUE
1846,168,38,9,Retail,Alexandria / Mohammed Al Eqbal St.,80,20000,250,3,5,1.06,9.1,TRUE
1847,168,38,10,Retail,Alexandria / Mohammed Al Eqbal St.,80,20000,250,3,5,1.06,9.1,TRUE
1848,168,38,11,Tourism & Hospitality,Alexandria / Mohammed Al Eqbal St.,80,20000,250,2,2,1.06,9.4,TRUE
1849,169,20,1,Financial Services,Alexandria / Mohammed Darwish El-Deeb St.,85,120000,1411.76,0,0,0.26,7.04,TRUE
1850,169,20,2,Food & Beverage,Alexandria / Mohammed Darwish El-Deeb St.,85,120000,1411.76,0,3,0.26,7.04,TRUE
1851,169,20,3,Food & Beverage,Alexandria / Mohammed Darwish El-Deeb St.,85,120000,1411.76,0,3,0.26,7.04,TRUE
1852,169,20,4,Food & Beverage,Alexandria / Mohammed Darwish El-Deeb St.,85,120000,1411.76,0,3,0.26,7.04,TRUE
1853,169,20,5,Food & Beverage,Alexandria / Mohammed Darwish El-Deeb St.,85,120000,1411.76,0,3,0.26,7.04,TRUE
1854,169,20,6,Health & Fitness,Alexandria / Mohammed Darwish El-Deeb St.,85,120000,1411.76,0,0,0.26,7.04,TRUE
1855,169,20,7,Healthcare,Alexandria / Mohammed Darwish El-Deeb St.,85,120000,1411.76,7,11,0.26,3.94,FALSE
1856,169,20,8,Healthcare,Alexandria / Mohammed Darwish El-Deeb St.,85,120000,1411.76,7,11,0.26,3.94,FALSE
1857,169,20,9,Retail,Alexandria / Mohammed Darwish El-Deeb St.,85,120000,1411.76,0,1,0.26,7.04,TRUE
1858,169,20,10,Retail,Alexandria / Mohammed Darwish El-Deeb St.,85,120000,1411.76,0,1,0.26,7.04,TRUE
1859,169,20,11,Tourism & Hospitality,Alexandria / Mohammed Darwish El-Deeb St.,85,120000,1411.76,0,0,0.26,7.04,TRUE
1860,170,31,1,Financial Services,Alexandria / Mohammed Fawzi Moaz St.,250,250000,1000,1,8,1,8.95,TRUE
1861,170,31,2,Food & Beverage,Alexandria / Mohammed Fawzi Moaz St.,250,250000,1000,5,22,1,6.32,TRUE
1862,170,31,3,Food & Beverage,Alexandria / Mohammed Fawzi Moaz St.,250,250000,1000,5,22,1,6.32,TRUE
1863,170,31,4,Food & Beverage,Alexandria / Mohammed Fawzi Moaz St.,250,250000,1000,5,22,1,6.32,TRUE
1864,170,31,5,Food & Beverage,Alexandria / Mohammed Fawzi Moaz St.,250,250000,1000,5,22,1,6.32,TRUE
1865,170,31,6,Health & Fitness,Alexandria / Mohammed Fawzi Moaz St.,250,250000,1000,1,1,1,9.7,TRUE
1866,170,31,7,Healthcare,Alexandria / Mohammed Fawzi Moaz St.,250,250000,1000,7,20,1,5.8,FALSE
1867,170,31,8,Healthcare,Alexandria / Mohammed Fawzi Moaz St.,250,250000,1000,7,20,1,5.8,FALSE
1868,170,31,9,Retail,Alexandria / Mohammed Fawzi Moaz St.,250,250000,1000,5,10,1,7.3,TRUE
1869,170,31,10,Retail,Alexandria / Mohammed Fawzi Moaz St.,250,250000,1000,5,10,1,7.3,TRUE
1870,170,31,11,Tourism & Hospitality,Alexandria / Mohammed Fawzi Moaz St.,250,250000,1000,0,3,1,10,TRUE
1871,171,40,1,Financial Services,Alexandria / Mostafa Fahmy St,700,95000,135.71,1,7,1.25,8.41,TRUE
1872,171,40,2,Food & Beverage,Alexandria / Mostafa Fahmy St,700,95000,135.71,2,8,1.25,7.9,TRUE
1873,171,40,3,Food & Beverage,Alexandria / Mostafa Fahmy St,700,95000,135.71,2,8,1.25,7.9,TRUE
1874,171,40,4,Food & Beverage,Alexandria / Mostafa Fahmy St,700,95000,135.71,2,8,1.25,7.9,TRUE
1875,171,40,5,Food & Beverage,Alexandria / Mostafa Fahmy St,700,95000,135.71,2,8,1.25,7.9,TRUE
1876,171,40,6,Health & Fitness,Alexandria / Mostafa Fahmy St,700,95000,135.71,0,1,1.25,10,TRUE
1877,171,40,7,Healthcare,Alexandria / Mostafa Fahmy St,700,95000,135.71,19,31,1.25,4.39,FALSE
1878,171,40,8,Healthcare,Alexandria / Mostafa Fahmy St,700,95000,135.71,19,31,1.25,4.39,FALSE
1879,171,40,9,Retail,Alexandria / Mostafa Fahmy St,700,95000,135.71,1,5,1.25,9.1,TRUE
1880,171,40,10,Retail,Alexandria / Mostafa Fahmy St,700,95000,135.71,1,5,1.25,9.1,TRUE
1881,171,40,11,Tourism & Hospitality,Alexandria / Mostafa Fahmy St,700,95000,135.71,0,2,1.25,10,TRUE
1882,172,20,1,Financial Services,Alexandria / New El Hadra,150,15000,100,0,0,1.41,10,TRUE
1883,172,20,2,Food & Beverage,Alexandria / New El Hadra,150,15000,100,0,3,1.41,10,TRUE
1884,172,20,3,Food & Beverage,Alexandria / New El Hadra,150,15000,100,0,3,1.41,10,TRUE
1885,172,20,4,Food & Beverage,Alexandria / New El Hadra,150,15000,100,0,3,1.41,10,TRUE
1886,172,20,5,Food & Beverage,Alexandria / New El Hadra,150,15000,100,0,3,1.41,10,TRUE
1887,172,20,6,Health & Fitness,Alexandria / New El Hadra,150,15000,100,0,0,1.41,10,TRUE
1888,172,20,7,Healthcare,Alexandria / New El Hadra,150,15000,100,7,11,1.41,6.9,TRUE
1889,172,20,8,Healthcare,Alexandria / New El Hadra,150,15000,100,7,11,1.41,6.9,TRUE
1890,172,20,9,Retail,Alexandria / New El Hadra,150,15000,100,0,1,1.41,10,TRUE
1891,172,20,10,Retail,Alexandria / New El Hadra,150,15000,100,0,1,1.41,10,TRUE
1892,172,20,11,Tourism & Hospitality,Alexandria / New El Hadra,150,15000,100,0,0,1.41,10,TRUE
1893,173,20,1,Financial Services,Alexandria / New El Hadra,150,12000,80,0,0,1.43,10,TRUE
1894,173,20,2,Food & Beverage,Alexandria / New El Hadra,150,12000,80,0,3,1.43,10,TRUE
1895,173,20,3,Food & Beverage,Alexandria / New El Hadra,150,12000,80,0,3,1.43,10,TRUE
1896,173,20,4,Food & Beverage,Alexandria / New El Hadra,150,12000,80,0,3,1.43,10,TRUE
1897,173,20,5,Food & Beverage,Alexandria / New El Hadra,150,12000,80,0,3,1.43,10,TRUE
1898,173,20,6,Health & Fitness,Alexandria / New El Hadra,150,12000,80,0,0,1.43,10,TRUE
1899,173,20,7,Healthcare,Alexandria / New El Hadra,150,12000,80,7,11,1.43,6.9,TRUE
1900,173,20,8,Healthcare,Alexandria / New El Hadra,150,12000,80,7,11,1.43,6.9,TRUE
1901,173,20,9,Retail,Alexandria / New El Hadra,150,12000,80,0,1,1.43,10,TRUE
1902,173,20,10,Retail,Alexandria / New El Hadra,150,12000,80,0,1,1.43,10,TRUE
1903,173,20,11,Tourism & Hospitality,Alexandria / New El Hadra,150,12000,80,0,0,1.43,10,TRUE
1904,174,5,1,Financial Services,Alexandria / Riad St,310,210000,677.42,19,48,0.72,3.3,FALSE
1905,174,5,2,Food & Beverage,Alexandria / Riad St,310,210000,677.42,100,141,0.72,3.03,FALSE
1906,174,5,3,Food & Beverage,Alexandria / Riad St,310,210000,677.42,100,141,0.72,3.03,FALSE
1907,174,5,4,Food & Beverage,Alexandria / Riad St,310,210000,677.42,100,141,0.72,3.03,FALSE
1908,174,5,5,Food & Beverage,Alexandria / Riad St,310,210000,677.42,100,141,0.72,3.03,FALSE
1909,174,5,6,Health & Fitness,Alexandria / Riad St,310,210000,677.42,1,1,0.72,8.59,TRUE
1910,174,5,7,Healthcare,Alexandria / Riad St,310,210000,677.42,35,65,0.72,3.19,FALSE
1911,174,5,8,Healthcare,Alexandria / Riad St,310,210000,677.42,35,65,0.72,3.19,FALSE
1912,174,5,9,Retail,Alexandria / Riad St,310,210000,677.42,164,173,0.72,3,FALSE
1913,174,5,10,Retail,Alexandria / Riad St,310,210000,677.42,164,173,0.72,3,FALSE
1914,174,5,11,Tourism & Hospitality,Alexandria / Riad St,310,210000,677.42,20,29,0.72,3.58,FALSE
1915,175,40,1,Financial Services,Alexandria / Roushdy Basha St.,60,25000,416.67,1,7,0.75,7.4,TRUE
1916,175,40,2,Food & Beverage,Alexandria / Roushdy Basha St.,60,25000,416.67,2,8,0.75,6.88,TRUE
1917,175,40,3,Food & Beverage,Alexandria / Roushdy Basha St.,60,25000,416.67,2,8,0.75,6.88,TRUE
1918,175,40,4,Food & Beverage,Alexandria / Roushdy Basha St.,60,25000,416.67,2,8,0.75,6.88,TRUE
1919,175,40,5,Food & Beverage,Alexandria / Roushdy Basha St.,60,25000,416.67,2,8,0.75,6.88,TRUE
1920,175,40,6,Health & Fitness,Alexandria / Roushdy Basha St.,60,25000,416.67,0,1,0.75,8.98,TRUE
1921,175,40,7,Healthcare,Alexandria / Roushdy Basha St.,60,25000,416.67,19,31,0.75,3.37,FALSE
1922,175,40,8,Healthcare,Alexandria / Roushdy Basha St.,60,25000,416.67,19,31,0.75,3.37,FALSE
1923,175,40,9,Retail,Alexandria / Roushdy Basha St.,60,25000,416.67,1,5,0.75,8.08,TRUE
1924,175,40,10,Retail,Alexandria / Roushdy Basha St.,60,25000,416.67,1,5,0.75,8.08,TRUE
1925,175,40,11,Tourism & Hospitality,Alexandria / Roushdy Basha St.,60,25000,416.67,0,2,0.75,8.98,TRUE
1926,176,16,1,Financial Services,Alexandria / Saad Zaghloul St.,100,100000,1000,9,43,0.83,4.1,FALSE
1927,176,16,2,Food & Beverage,Alexandria / Saad Zaghloul St.,100,100000,1000,30,132,0.83,3.48,FALSE
1928,176,16,3,Food & Beverage,Alexandria / Saad Zaghloul St.,100,100000,1000,30,132,0.83,3.48,FALSE
1929,176,16,4,Food & Beverage,Alexandria / Saad Zaghloul St.,100,100000,1000,30,132,0.83,3.48,FALSE
1930,176,16,5,Food & Beverage,Alexandria / Saad Zaghloul St.,100,100000,1000,30,132,0.83,3.48,FALSE
1931,176,16,6,Health & Fitness,Alexandria / Saad Zaghloul St.,100,100000,1000,0,2,0.83,9.33,TRUE
1932,176,16,7,Healthcare,Alexandria / Saad Zaghloul St.,100,100000,1000,16,58,0.83,3.68,FALSE
1933,176,16,8,Healthcare,Alexandria / Saad Zaghloul St.,100,100000,1000,16,58,0.83,3.68,FALSE
1934,176,16,9,Retail,Alexandria / Saad Zaghloul St.,100,100000,1000,22,169,0.83,3.45,FALSE
1935,176,16,10,Retail,Alexandria / Saad Zaghloul St.,100,100000,1000,22,169,0.83,3.45,FALSE
1936,176,16,11,Tourism & Hospitality,Alexandria / Saad Zaghloul St.,100,100000,1000,0,19,0.83,7.39,TRUE
1937,177,46,1,Financial Services,Alexandria / Salah Salem St.,183,45000,245.9,0,2,1.03,10,TRUE
1938,177,46,2,Food & Beverage,Alexandria / Salah Salem St.,183,45000,245.9,0,2,1.03,10,TRUE
1939,177,46,3,Food & Beverage,Alexandria / Salah Salem St.,183,45000,245.9,0,2,1.03,10,TRUE
1940,177,46,4,Food & Beverage,Alexandria / Salah Salem St.,183,45000,245.9,0,2,1.03,10,TRUE
1941,177,46,5,Food & Beverage,Alexandria / Salah Salem St.,183,45000,245.9,0,2,1.03,10,TRUE
1942,177,46,6,Health & Fitness,Alexandria / Salah Salem St.,183,45000,245.9,1,2,1.03,9.7,TRUE
1943,177,46,7,Healthcare,Alexandria / Salah Salem St.,183,45000,245.9,8,15,1.03,5.47,FALSE
1944,177,46,8,Healthcare,Alexandria / Salah Salem St.,183,45000,245.9,8,15,1.03,5.47,FALSE
1945,177,46,9,Retail,Alexandria / Salah Salem St.,183,45000,245.9,0,0,1.03,10,TRUE
1946,177,46,10,Retail,Alexandria / Salah Salem St.,183,45000,245.9,0,0,1.03,10,TRUE
1947,177,46,11,Tourism & Hospitality,Alexandria / Salah Salem St.,183,45000,245.9,0,1,1.03,10,TRUE
1948,178,46,1,Financial Services,Alexandria / Salah Salem St.,194,80000,412.37,0,2,0.72,8.87,TRUE
1949,178,46,2,Food & Beverage,Alexandria / Salah Salem St.,194,80000,412.37,0,2,0.72,8.87,TRUE
1950,178,46,3,Food & Beverage,Alexandria / Salah Salem St.,194,80000,412.37,0,2,0.72,8.87,TRUE
1951,178,46,4,Food & Beverage,Alexandria / Salah Salem St.,194,80000,412.37,0,2,0.72,8.87,TRUE
1952,178,46,5,Food & Beverage,Alexandria / Salah Salem St.,194,80000,412.37,0,2,0.72,8.87,TRUE
1953,178,46,6,Health & Fitness,Alexandria / Salah Salem St.,194,80000,412.37,1,2,0.72,8.57,TRUE
1954,178,46,7,Healthcare,Alexandria / Salah Salem St.,194,80000,412.37,8,15,0.72,4.34,FALSE
1955,178,46,8,Healthcare,Alexandria / Salah Salem St.,194,80000,412.37,8,15,0.72,4.34,FALSE
1956,178,46,9,Retail,Alexandria / Salah Salem St.,194,80000,412.37,0,0,0.72,8.87,TRUE
1957,178,46,10,Retail,Alexandria / Salah Salem St.,194,80000,412.37,0,0,0.72,8.87,TRUE
1958,178,46,11,Tourism & Hospitality,Alexandria / Salah Salem St.,194,80000,412.37,0,1,0.72,8.87,TRUE
1959,179,14,1,Financial Services,Alexandria / Sant Giyn St.,138,75000,543.48,2,2,0.56,7.66,TRUE
1960,179,14,2,Food & Beverage,Alexandria / Sant Giyn St.,138,75000,543.48,8,24,0.56,3.52,FALSE
1961,179,14,3,Food & Beverage,Alexandria / Sant Giyn St.,138,75000,543.48,8,24,0.56,3.52,FALSE
1962,179,14,4,Food & Beverage,Alexandria / Sant Giyn St.,138,75000,543.48,8,24,0.56,3.52,FALSE
1963,179,14,5,Food & Beverage,Alexandria / Sant Giyn St.,138,75000,543.48,8,24,0.56,3.52,FALSE
1964,179,14,6,Health & Fitness,Alexandria / Sant Giyn St.,138,75000,543.48,0,0,0.56,8.26,TRUE
1965,179,14,7,Healthcare,Alexandria / Sant Giyn St.,138,75000,543.48,6,6,0.56,6.12,TRUE
1966,179,14,8,Healthcare,Alexandria / Sant Giyn St.,138,75000,543.48,6,6,0.56,6.12,TRUE
1967,179,14,9,Retail,Alexandria / Sant Giyn St.,138,75000,543.48,2,2,0.56,7.66,TRUE
1968,179,14,10,Retail,Alexandria / Sant Giyn St.,138,75000,543.48,2,2,0.56,7.66,TRUE
1969,179,14,11,Tourism & Hospitality,Alexandria / Sant Giyn St.,138,75000,543.48,1,1,0.56,7.96,TRUE
1970,180,22,1,Financial Services,Alexandria / Shatee El Nakheel,450,35000,77.78,0,0,1.43,10,TRUE
1971,180,22,2,Food & Beverage,Alexandria / Shatee El Nakheel,450,35000,77.78,0,0,1.43,10,TRUE
1972,180,22,3,Food & Beverage,Alexandria / Shatee El Nakheel,450,35000,77.78,0,0,1.43,10,TRUE
1973,180,22,4,Food & Beverage,Alexandria / Shatee El Nakheel,450,35000,77.78,0,0,1.43,10,TRUE
1974,180,22,5,Food & Beverage,Alexandria / Shatee El Nakheel,450,35000,77.78,0,0,1.43,10,TRUE
1975,180,22,6,Health & Fitness,Alexandria / Shatee El Nakheel,450,35000,77.78,0,0,1.43,10,TRUE
1976,180,22,7,Healthcare,Alexandria / Shatee El Nakheel,450,35000,77.78,3,3,1.43,8.6,TRUE
1977,180,22,8,Healthcare,Alexandria / Shatee El Nakheel,450,35000,77.78,3,3,1.43,8.6,TRUE
1978,180,22,9,Retail,Alexandria / Shatee El Nakheel,450,35000,77.78,0,0,1.43,10,TRUE
1979,180,22,10,Retail,Alexandria / Shatee El Nakheel,450,35000,77.78,0,0,1.43,10,TRUE
1980,180,22,11,Tourism & Hospitality,Alexandria / Shatee El Nakheel,450,35000,77.78,1,2,1.43,9.7,TRUE
1981,181,43,1,Financial Services,Alexandria / Sidi Bishr,70,8500,121.43,0,0,1.25,10,TRUE
1982,181,43,2,Food & Beverage,Alexandria / Sidi Bishr,70,8500,121.43,0,0,1.25,10,TRUE
1983,181,43,3,Food & Beverage,Alexandria / Sidi Bishr,70,8500,121.43,0,0,1.25,10,TRUE
1984,181,43,4,Food & Beverage,Alexandria / Sidi Bishr,70,8500,121.43,0,0,1.25,10,TRUE
1985,181,43,5,Food & Beverage,Alexandria / Sidi Bishr,70,8500,121.43,0,0,1.25,10,TRUE
1986,181,43,6,Health & Fitness,Alexandria / Sidi Bishr,70,8500,121.43,0,0,1.25,10,TRUE
1987,181,43,7,Healthcare,Alexandria / Sidi Bishr,70,8500,121.43,5,5,1.25,7.7,TRUE
1988,181,43,8,Healthcare,Alexandria / Sidi Bishr,70,8500,121.43,5,5,1.25,7.7,TRUE
1989,181,43,9,Retail,Alexandria / Sidi Bishr,70,8500,121.43,0,0,1.25,10,TRUE
1990,181,43,10,Retail,Alexandria / Sidi Bishr,70,8500,121.43,0,0,1.25,10,TRUE
1991,181,43,11,Tourism & Hospitality,Alexandria / Sidi Bishr,70,8500,121.43,0,0,1.25,10,TRUE
1992,182,43,1,Financial Services,Alexandria / Sidi Bishr,100,13000,130,0,0,1.23,10,TRUE
1993,182,43,2,Food & Beverage,Alexandria / Sidi Bishr,100,13000,130,0,0,1.23,10,TRUE
1994,182,43,3,Food & Beverage,Alexandria / Sidi Bishr,100,13000,130,0,0,1.23,10,TRUE
1995,182,43,4,Food & Beverage,Alexandria / Sidi Bishr,100,13000,130,0,0,1.23,10,TRUE
1996,182,43,5,Food & Beverage,Alexandria / Sidi Bishr,100,13000,130,0,0,1.23,10,TRUE
1997,182,43,6,Health & Fitness,Alexandria / Sidi Bishr,100,13000,130,0,0,1.23,10,TRUE
1998,182,43,7,Healthcare,Alexandria / Sidi Bishr,100,13000,130,5,5,1.23,7.7,TRUE
1999,182,43,8,Healthcare,Alexandria / Sidi Bishr,100,13000,130,5,5,1.23,7.7,TRUE
2000,182,43,9,Retail,Alexandria / Sidi Bishr,100,13000,130,0,0,1.23,10,TRUE
2001,182,43,10,Retail,Alexandria / Sidi Bishr,100,13000,130,0,0,1.23,10,TRUE
2002,182,43,11,Tourism & Hospitality,Alexandria / Sidi Bishr,100,13000,130,0,0,1.23,10,TRUE
2003,183,43,1,Financial Services,Alexandria / Sidi Bishr,60,5000,83.33,0,0,1.33,10,TRUE
2004,183,43,2,Food & Beverage,Alexandria / Sidi Bishr,60,5000,83.33,0,0,1.33,10,TRUE
2005,183,43,3,Food & Beverage,Alexandria / Sidi Bishr,60,5000,83.33,0,0,1.33,10,TRUE
2006,183,43,4,Food & Beverage,Alexandria / Sidi Bishr,60,5000,83.33,0,0,1.33,10,TRUE
2007,183,43,5,Food & Beverage,Alexandria / Sidi Bishr,60,5000,83.33,0,0,1.33,10,TRUE
2008,183,43,6,Health & Fitness,Alexandria / Sidi Bishr,60,5000,83.33,0,0,1.33,10,TRUE
2009,183,43,7,Healthcare,Alexandria / Sidi Bishr,60,5000,83.33,5,5,1.33,7.7,TRUE
2010,183,43,8,Healthcare,Alexandria / Sidi Bishr,60,5000,83.33,5,5,1.33,7.7,TRUE
2011,183,43,9,Retail,Alexandria / Sidi Bishr,60,5000,83.33,0,0,1.33,10,TRUE
2012,183,43,10,Retail,Alexandria / Sidi Bishr,60,5000,83.33,0,0,1.33,10,TRUE
2013,183,43,11,Tourism & Hospitality,Alexandria / Sidi Bishr,60,5000,83.33,0,0,1.33,10,TRUE
2014,184,43,1,Financial Services,Alexandria / Sidi Bishr,60,4500,75,0,0,1.34,10,TRUE
2015,184,43,2,Food & Beverage,Alexandria / Sidi Bishr,60,4500,75,0,0,1.34,10,TRUE
2016,184,43,3,Food & Beverage,Alexandria / Sidi Bishr,60,4500,75,0,0,1.34,10,TRUE
2017,184,43,4,Food & Beverage,Alexandria / Sidi Bishr,60,4500,75,0,0,1.34,10,TRUE
2018,184,43,5,Food & Beverage,Alexandria / Sidi Bishr,60,4500,75,0,0,1.34,10,TRUE
2019,184,43,6,Health & Fitness,Alexandria / Sidi Bishr,60,4500,75,0,0,1.34,10,TRUE
2020,184,43,7,Healthcare,Alexandria / Sidi Bishr,60,4500,75,5,5,1.34,7.7,TRUE
2021,184,43,8,Healthcare,Alexandria / Sidi Bishr,60,4500,75,5,5,1.34,7.7,TRUE
2022,184,43,9,Retail,Alexandria / Sidi Bishr,60,4500,75,0,0,1.34,10,TRUE
2023,184,43,10,Retail,Alexandria / Sidi Bishr,60,4500,75,0,0,1.34,10,TRUE
2024,184,43,11,Tourism & Hospitality,Alexandria / Sidi Bishr,60,4500,75,0,0,1.34,10,TRUE
2025,185,43,1,Financial Services,Alexandria / Sidi Bishr,70,40000,571.43,0,0,0.32,7.27,TRUE
2026,185,43,2,Food & Beverage,Alexandria / Sidi Bishr,70,40000,571.43,0,0,0.32,7.27,TRUE
2027,185,43,3,Food & Beverage,Alexandria / Sidi Bishr,70,40000,571.43,0,0,0.32,7.27,TRUE
2028,185,43,4,Food & Beverage,Alexandria / Sidi Bishr,70,40000,571.43,0,0,0.32,7.27,TRUE
2029,185,43,5,Food & Beverage,Alexandria / Sidi Bishr,70,40000,571.43,0,0,0.32,7.27,TRUE
2030,185,43,6,Health & Fitness,Alexandria / Sidi Bishr,70,40000,571.43,0,0,0.32,7.27,TRUE
2031,185,43,7,Healthcare,Alexandria / Sidi Bishr,70,40000,571.43,5,5,0.32,4.97,FALSE
2032,185,43,8,Healthcare,Alexandria / Sidi Bishr,70,40000,571.43,5,5,0.32,4.97,FALSE
2033,185,43,9,Retail,Alexandria / Sidi Bishr,70,40000,571.43,0,0,0.32,7.27,TRUE
2034,185,43,10,Retail,Alexandria / Sidi Bishr,70,40000,571.43,0,0,0.32,7.27,TRUE
2035,185,43,11,Tourism & Hospitality,Alexandria / Sidi Bishr,70,40000,571.43,0,0,0.32,7.27,TRUE
2036,186,43,1,Financial Services,Alexandria / Sidi Bishr,230,10000,43.48,0,0,1.41,10,TRUE
2037,186,43,2,Food & Beverage,Alexandria / Sidi Bishr,230,10000,43.48,0,0,1.41,10,TRUE
2038,186,43,3,Food & Beverage,Alexandria / Sidi Bishr,230,10000,43.48,0,0,1.41,10,TRUE
2039,186,43,4,Food & Beverage,Alexandria / Sidi Bishr,230,10000,43.48,0,0,1.41,10,TRUE
2040,186,43,5,Food & Beverage,Alexandria / Sidi Bishr,230,10000,43.48,0,0,1.41,10,TRUE
2041,186,43,6,Health & Fitness,Alexandria / Sidi Bishr,230,10000,43.48,0,0,1.41,10,TRUE
2042,186,43,7,Healthcare,Alexandria / Sidi Bishr,230,10000,43.48,5,5,1.41,7.7,TRUE
2043,186,43,8,Healthcare,Alexandria / Sidi Bishr,230,10000,43.48,5,5,1.41,7.7,TRUE
2044,186,43,9,Retail,Alexandria / Sidi Bishr,230,10000,43.48,0,0,1.41,10,TRUE
2045,186,43,10,Retail,Alexandria / Sidi Bishr,230,10000,43.48,0,0,1.41,10,TRUE
2046,186,43,11,Tourism & Hospitality,Alexandria / Sidi Bishr,230,10000,43.48,0,0,1.41,10,TRUE
2047,187,50,1,Financial Services,Alexandria / Victoria,50,20000,400,0,0,1.01,10,TRUE
2048,187,50,2,Food & Beverage,Alexandria / Victoria,50,20000,400,0,0,1.01,10,TRUE
2049,187,50,3,Food & Beverage,Alexandria / Victoria,50,20000,400,0,0,1.01,10,TRUE
2050,187,50,4,Food & Beverage,Alexandria / Victoria,50,20000,400,0,0,1.01,10,TRUE
2051,187,50,5,Food & Beverage,Alexandria / Victoria,50,20000,400,0,0,1.01,10,TRUE
2052,187,50,6,Health & Fitness,Alexandria / Victoria,50,20000,400,0,0,1.01,10,TRUE
2053,187,50,7,Healthcare,Alexandria / Victoria,50,20000,400,3,3,1.01,9.1,TRUE
2054,187,50,8,Healthcare,Alexandria / Victoria,50,20000,400,3,3,1.01,9.1,TRUE
2055,187,50,9,Retail,Alexandria / Victoria,50,20000,400,0,0,1.01,10,TRUE
2056,187,50,10,Retail,Alexandria / Victoria,50,20000,400,0,0,1.01,10,TRUE
2057,187,50,11,Tourism & Hospitality,Alexandria / Victoria,50,20000,400,0,0,1.01,10,TRUE
2058,188,50,1,Financial Services,Alexandria / Victoria,60,25000,416.67,0,0,0.98,9.94,TRUE
2059,188,50,2,Food & Beverage,Alexandria / Victoria,60,25000,416.67,0,0,0.98,9.94,TRUE
2060,188,50,3,Food & Beverage,Alexandria / Victoria,60,25000,416.67,0,0,0.98,9.94,TRUE
2061,188,50,4,Food & Beverage,Alexandria / Victoria,60,25000,416.67,0,0,0.98,9.94,TRUE
2062,188,50,5,Food & Beverage,Alexandria / Victoria,60,25000,416.67,0,0,0.98,9.94,TRUE
2063,188,50,6,Health & Fitness,Alexandria / Victoria,60,25000,416.67,0,0,0.98,9.94,TRUE
2064,188,50,7,Healthcare,Alexandria / Victoria,60,25000,416.67,3,3,0.98,9.04,TRUE
2065,188,50,8,Healthcare,Alexandria / Victoria,60,25000,416.67,3,3,0.98,9.04,TRUE
2066,188,50,9,Retail,Alexandria / Victoria,60,25000,416.67,0,0,0.98,9.94,TRUE
2067,188,50,10,Retail,Alexandria / Victoria,60,25000,416.67,0,0,0.98,9.94,TRUE
2068,188,50,11,Tourism & Hospitality,Alexandria / Victoria,60,25000,416.67,0,0,0.98,9.94,TRUE
2069,189,50,1,Financial Services,Alexandria / Victoria,55,25000,454.55,0,0,0.94,9.75,TRUE
2070,189,50,2,Food & Beverage,Alexandria / Victoria,55,25000,454.55,0,0,0.94,9.75,TRUE
2071,189,50,3,Food & Beverage,Alexandria / Victoria,55,25000,454.55,0,0,0.94,9.75,TRUE
2072,189,50,4,Food & Beverage,Alexandria / Victoria,55,25000,454.55,0,0,0.94,9.75,TRUE
2073,189,50,5,Food & Beverage,Alexandria / Victoria,55,25000,454.55,0,0,0.94,9.75,TRUE
2074,189,50,6,Health & Fitness,Alexandria / Victoria,55,25000,454.55,0,0,0.94,9.75,TRUE
2075,189,50,7,Healthcare,Alexandria / Victoria,55,25000,454.55,3,3,0.94,8.85,TRUE
2076,189,50,8,Healthcare,Alexandria / Victoria,55,25000,454.55,3,3,0.94,8.85,TRUE
2077,189,50,9,Retail,Alexandria / Victoria,55,25000,454.55,0,0,0.94,9.75,TRUE
2078,189,50,10,Retail,Alexandria / Victoria,55,25000,454.55,0,0,0.94,9.75,TRUE
2079,189,50,11,Tourism & Hospitality,Alexandria / Victoria,55,25000,454.55,0,0,0.94,9.75,TRUE
2080,190,50,1,Financial Services,Alexandria / Victoria,55,15000,272.73,0,0,1.16,10,TRUE
2081,190,50,2,Food & Beverage,Alexandria / Victoria,55,15000,272.73,0,0,1.16,10,TRUE
2082,190,50,3,Food & Beverage,Alexandria / Victoria,55,15000,272.73,0,0,1.16,10,TRUE
2083,190,50,4,Food & Beverage,Alexandria / Victoria,55,15000,272.73,0,0,1.16,10,TRUE
2084,190,50,5,Food & Beverage,Alexandria / Victoria,55,15000,272.73,0,0,1.16,10,TRUE
2085,190,50,6,Health & Fitness,Alexandria / Victoria,55,15000,272.73,0,0,1.16,10,TRUE
2086,190,50,7,Healthcare,Alexandria / Victoria,55,15000,272.73,3,3,1.16,9.1,TRUE
2087,190,50,8,Healthcare,Alexandria / Victoria,55,15000,272.73,3,3,1.16,9.1,TRUE
2088,190,50,9,Retail,Alexandria / Victoria,55,15000,272.73,0,0,1.16,10,TRUE
2089,190,50,10,Retail,Alexandria / Victoria,55,15000,272.73,0,0,1.16,10,TRUE
2090,190,50,11,Tourism & Hospitality,Alexandria / Victoria,55,15000,272.73,0,0,1.16,10,TRUE
2091,191,50,1,Financial Services,Alexandria / Victoria,60,26000,433.33,0,0,0.96,9.86,TRUE
2092,191,50,2,Food & Beverage,Alexandria / Victoria,60,26000,433.33,0,0,0.96,9.86,TRUE
2093,191,50,3,Food & Beverage,Alexandria / Victoria,60,26000,433.33,0,0,0.96,9.86,TRUE
2094,191,50,4,Food & Beverage,Alexandria / Victoria,60,26000,433.33,0,0,0.96,9.86,TRUE
2095,191,50,5,Food & Beverage,Alexandria / Victoria,60,26000,433.33,0,0,0.96,9.86,TRUE
2096,191,50,6,Health & Fitness,Alexandria / Victoria,60,26000,433.33,0,0,0.96,9.86,TRUE
2097,191,50,7,Healthcare,Alexandria / Victoria,60,26000,433.33,3,3,0.96,8.96,TRUE
2098,191,50,8,Healthcare,Alexandria / Victoria,60,26000,433.33,3,3,0.96,8.96,TRUE
2099,191,50,9,Retail,Alexandria / Victoria,60,26000,433.33,0,0,0.96,9.86,TRUE
2100,191,50,10,Retail,Alexandria / Victoria,60,26000,433.33,0,0,0.96,9.86,TRUE
2101,191,50,11,Tourism & Hospitality,Alexandria / Victoria,60,26000,433.33,0,0,0.96,9.86,TRUE
2102,192,5,1,Financial Services,Alexandria / Abd El-Salam Aref St,650,220000,338.46,19,48,1.11,4.42,FALSE
2103,192,5,2,Food & Beverage,Alexandria / Abd El-Salam Aref St,650,220000,338.46,100,141,1.11,4.14,FALSE
2104,192,5,3,Food & Beverage,Alexandria / Abd El-Salam Aref St,650,220000,338.46,100,141,1.11,4.14,FALSE
2105,192,5,4,Food & Beverage,Alexandria / Abd El-Salam Aref St,650,220000,338.46,100,141,1.11,4.14,FALSE
2106,192,5,5,Food & Beverage,Alexandria / Abd El-Salam Aref St,650,220000,338.46,100,141,1.11,4.14,FALSE
2107,192,5,6,Health & Fitness,Alexandria / Abd El-Salam Aref St,650,220000,338.46,1,1,1.11,9.7,TRUE
2108,192,5,7,Healthcare,Alexandria / Abd El-Salam Aref St,650,220000,338.46,35,65,1.11,4.31,FALSE
2109,192,5,8,Healthcare,Alexandria / Abd El-Salam Aref St,650,220000,338.46,35,65,1.11,4.31,FALSE
2110,192,5,9,Retail,Alexandria / Abd El-Salam Aref St,650,220000,338.46,164,173,1.11,4.12,FALSE
2111,192,5,10,Retail,Alexandria / Abd El-Salam Aref St,650,220000,338.46,164,173,1.11,4.12,FALSE
2112,192,5,11,Tourism & Hospitality,Alexandria / Abd El-Salam Aref St,650,220000,338.46,20,29,1.11,4.69,FALSE
2113,193,5,1,Financial Services,Alexandria / Abd El-Salam Aref St,200,65000,325,19,48,1.13,4.42,FALSE
2114,193,5,2,Food & Beverage,Alexandria / Abd El-Salam Aref St,200,65000,325,100,141,1.13,4.14,FALSE
2115,193,5,3,Food & Beverage,Alexandria / Abd El-Salam Aref St,200,65000,325,100,141,1.13,4.14,FALSE
2116,193,5,4,Food & Beverage,Alexandria / Abd El-Salam Aref St,200,65000,325,100,141,1.13,4.14,FALSE
2117,193,5,5,Food & Beverage,Alexandria / Abd El-Salam Aref St,200,65000,325,100,141,1.13,4.14,FALSE
2118,193,5,6,Health & Fitness,Alexandria / Abd El-Salam Aref St,200,65000,325,1,1,1.13,9.7,TRUE
2119,193,5,7,Healthcare,Alexandria / Abd El-Salam Aref St,200,65000,325,35,65,1.13,4.31,FALSE
2120,193,5,8,Healthcare,Alexandria / Abd El-Salam Aref St,200,65000,325,35,65,1.13,4.31,FALSE
2121,193,5,9,Retail,Alexandria / Abd El-Salam Aref St,200,65000,325,164,173,1.13,4.12,FALSE
2122,193,5,10,Retail,Alexandria / Abd El-Salam Aref St,200,65000,325,164,173,1.13,4.12,FALSE
2123,193,5,11,Tourism & Hospitality,Alexandria / Abd El-Salam Aref St,200,65000,325,20,29,1.13,4.69,FALSE
2124,194,5,1,Financial Services,Alexandria / Abdel Salam Aref St.,300,120000,400,19,48,1.04,4.42,FALSE
2125,194,5,2,Food & Beverage,Alexandria / Abdel Salam Aref St.,300,120000,400,100,141,1.04,4.14,FALSE
2126,194,5,3,Food & Beverage,Alexandria / Abdel Salam Aref St.,300,120000,400,100,141,1.04,4.14,FALSE
2127,194,5,4,Food & Beverage,Alexandria / Abdel Salam Aref St.,300,120000,400,100,141,1.04,4.14,FALSE
2128,194,5,5,Food & Beverage,Alexandria / Abdel Salam Aref St.,300,120000,400,100,141,1.04,4.14,FALSE
2129,194,5,6,Health & Fitness,Alexandria / Abdel Salam Aref St.,300,120000,400,1,1,1.04,9.7,TRUE
2130,194,5,7,Healthcare,Alexandria / Abdel Salam Aref St.,300,120000,400,35,65,1.04,4.31,FALSE
2131,194,5,8,Healthcare,Alexandria / Abdel Salam Aref St.,300,120000,400,35,65,1.04,4.31,FALSE
2132,194,5,9,Retail,Alexandria / Abdel Salam Aref St.,300,120000,400,164,173,1.04,4.12,FALSE
2133,194,5,10,Retail,Alexandria / Abdel Salam Aref St.,300,120000,400,164,173,1.04,4.12,FALSE
2134,194,5,11,Tourism & Hospitality,Alexandria / Abdel Salam Aref St.,300,120000,400,20,29,1.04,4.69,FALSE
2135,195,26,1,Financial Services,Alexandria / Ademon Fremon St.,825,412500,500,23,50,1,4.28,FALSE
2136,195,26,2,Food & Beverage,Alexandria / Ademon Fremon St.,825,412500,500,50,151,1,4.09,FALSE
2137,195,26,3,Food & Beverage,Alexandria / Ademon Fremon St.,825,412500,500,50,151,1,4.09,FALSE
2138,195,26,4,Food & Beverage,Alexandria / Ademon Fremon St.,825,412500,500,50,151,1,4.09,FALSE
2139,195,26,5,Food & Beverage,Alexandria / Ademon Fremon St.,825,412500,500,50,151,1,4.09,FALSE
2140,195,26,6,Health & Fitness,Alexandria / Ademon Fremon St.,825,412500,500,1,3,1,9.7,TRUE
2141,195,26,7,Healthcare,Alexandria / Ademon Fremon St.,825,412500,500,29,63,1,4.22,FALSE
2142,195,26,8,Healthcare,Alexandria / Ademon Fremon St.,825,412500,500,29,63,1,4.22,FALSE
2143,195,26,9,Retail,Alexandria / Ademon Fremon St.,825,412500,500,48,174,1,4.08,FALSE
2144,195,26,10,Retail,Alexandria / Ademon Fremon St.,825,412500,500,48,174,1,4.08,FALSE
2145,195,26,11,Tourism & Hospitality,Alexandria / Ademon Fremon St.,825,412500,500,0,27,1,7.52,TRUE
2146,196,13,1,Financial Services,Alexandria / Al Agamy,100,5500,55,0,0,1.12,10,TRUE
2147,196,13,2,Food & Beverage,Alexandria / Al Agamy,100,5500,55,0,0,1.12,10,TRUE
2148,196,13,3,Food & Beverage,Alexandria / Al Agamy,100,5500,55,0,0,1.12,10,TRUE
2149,196,13,4,Food & Beverage,Alexandria / Al Agamy,100,5500,55,0,0,1.12,10,TRUE
2150,196,13,5,Food & Beverage,Alexandria / Al Agamy,100,5500,55,0,0,1.12,10,TRUE
2151,196,13,6,Health & Fitness,Alexandria / Al Agamy,100,5500,55,0,0,1.12,10,TRUE
2152,196,13,7,Healthcare,Alexandria / Al Agamy,100,5500,55,0,0,1.12,10,TRUE
2153,196,13,8,Healthcare,Alexandria / Al Agamy,100,5500,55,0,0,1.12,10,TRUE
2154,196,13,9,Retail,Alexandria / Al Agamy,100,5500,55,0,0,1.12,10,TRUE
2155,196,13,10,Retail,Alexandria / Al Agamy,100,5500,55,0,0,1.12,10,TRUE
2156,196,13,11,Tourism & Hospitality,Alexandria / Al Agamy,100,5500,55,0,0,1.12,10,TRUE
2157,197,13,1,Financial Services,Alexandria / Al Agamy,100,12000,120,0,0,0.66,8.65,TRUE
2158,197,13,2,Food & Beverage,Alexandria / Al Agamy,100,12000,120,0,0,0.66,8.65,TRUE
2159,197,13,3,Food & Beverage,Alexandria / Al Agamy,100,12000,120,0,0,0.66,8.65,TRUE
2160,197,13,4,Food & Beverage,Alexandria / Al Agamy,100,12000,120,0,0,0.66,8.65,TRUE
2161,197,13,5,Food & Beverage,Alexandria / Al Agamy,100,12000,120,0,0,0.66,8.65,TRUE
2162,197,13,6,Health & Fitness,Alexandria / Al Agamy,100,12000,120,0,0,0.66,8.65,TRUE
2163,197,13,7,Healthcare,Alexandria / Al Agamy,100,12000,120,0,0,0.66,8.65,TRUE
2164,197,13,8,Healthcare,Alexandria / Al Agamy,100,12000,120,0,0,0.66,8.65,TRUE
2165,197,13,9,Retail,Alexandria / Al Agamy,100,12000,120,0,0,0.66,8.65,TRUE
2166,197,13,10,Retail,Alexandria / Al Agamy,100,12000,120,0,0,0.66,8.65,TRUE
2167,197,13,11,Tourism & Hospitality,Alexandria / Al Agamy,100,12000,120,0,0,0.66,8.65,TRUE
2168,198,13,1,Financial Services,Alexandria / Al Agamy,50,2000,40,0,0,1.22,10,TRUE
2169,198,13,2,Food & Beverage,Alexandria / Al Agamy,50,2000,40,0,0,1.22,10,TRUE
2170,198,13,3,Food & Beverage,Alexandria / Al Agamy,50,2000,40,0,0,1.22,10,TRUE
2171,198,13,4,Food & Beverage,Alexandria / Al Agamy,50,2000,40,0,0,1.22,10,TRUE
2172,198,13,5,Food & Beverage,Alexandria / Al Agamy,50,2000,40,0,0,1.22,10,TRUE
2173,198,13,6,Health & Fitness,Alexandria / Al Agamy,50,2000,40,0,0,1.22,10,TRUE
2174,198,13,7,Healthcare,Alexandria / Al Agamy,50,2000,40,0,0,1.22,10,TRUE
2175,198,13,8,Healthcare,Alexandria / Al Agamy,50,2000,40,0,0,1.22,10,TRUE
2176,198,13,9,Retail,Alexandria / Al Agamy,50,2000,40,0,0,1.22,10,TRUE
2177,198,13,10,Retail,Alexandria / Al Agamy,50,2000,40,0,0,1.22,10,TRUE
2178,198,13,11,Tourism & Hospitality,Alexandria / Al Agamy,50,2000,40,0,0,1.22,10,TRUE
2179,199,20,1,Financial Services,Alexandria / Al Moaaskar Al Romani St.,56,25000,446.43,0,0,1.11,10,TRUE
2180,199,20,2,Food & Beverage,Alexandria / Al Moaaskar Al Romani St.,56,25000,446.43,0,3,1.11,10,TRUE
2181,199,20,3,Food & Beverage,Alexandria / Al Moaaskar Al Romani St.,56,25000,446.43,0,3,1.11,10,TRUE
2182,199,20,4,Food & Beverage,Alexandria / Al Moaaskar Al Romani St.,56,25000,446.43,0,3,1.11,10,TRUE
2183,199,20,5,Food & Beverage,Alexandria / Al Moaaskar Al Romani St.,56,25000,446.43,0,3,1.11,10,TRUE
2184,199,20,6,Health & Fitness,Alexandria / Al Moaaskar Al Romani St.,56,25000,446.43,0,0,1.11,10,TRUE
2185,199,20,7,Healthcare,Alexandria / Al Moaaskar Al Romani St.,56,25000,446.43,7,11,1.11,6.9,TRUE
2186,199,20,8,Healthcare,Alexandria / Al Moaaskar Al Romani St.,56,25000,446.43,7,11,1.11,6.9,TRUE
2187,199,20,9,Retail,Alexandria / Al Moaaskar Al Romani St.,56,25000,446.43,0,1,1.11,10,TRUE
2188,199,20,10,Retail,Alexandria / Al Moaaskar Al Romani St.,56,25000,446.43,0,1,1.11,10,TRUE
2189,199,20,11,Tourism & Hospitality,Alexandria / Al Moaaskar Al Romani St.,56,25000,446.43,0,0,1.11,10,TRUE
2190,200,20,1,Financial Services,Alexandria / Al Moaaskar Al Romani St.,185,150000,810.81,0,0,0.79,9.15,TRUE
2191,200,20,2,Food & Beverage,Alexandria / Al Moaaskar Al Romani St.,185,150000,810.81,0,3,0.79,9.15,TRUE
2192,200,20,3,Food & Beverage,Alexandria / Al Moaaskar Al Romani St.,185,150000,810.81,0,3,0.79,9.15,TRUE
2193,200,20,4,Food & Beverage,Alexandria / Al Moaaskar Al Romani St.,185,150000,810.81,0,3,0.79,9.15,TRUE
2194,200,20,5,Food & Beverage,Alexandria / Al Moaaskar Al Romani St.,185,150000,810.81,0,3,0.79,9.15,TRUE
2195,200,20,6,Health & Fitness,Alexandria / Al Moaaskar Al Romani St.,185,150000,810.81,0,0,0.79,9.15,TRUE
2196,200,20,7,Healthcare,Alexandria / Al Moaaskar Al Romani St.,185,150000,810.81,7,11,0.79,6.05,TRUE
2197,200,20,8,Healthcare,Alexandria / Al Moaaskar Al Romani St.,185,150000,810.81,7,11,0.79,6.05,TRUE
2198,200,20,9,Retail,Alexandria / Al Moaaskar Al Romani St.,185,150000,810.81,0,1,0.79,9.15,TRUE
2199,200,20,10,Retail,Alexandria / Al Moaaskar Al Romani St.,185,150000,810.81,0,1,0.79,9.15,TRUE
2200,200,20,11,Tourism & Hospitality,Alexandria / Al Moaaskar Al Romani St.,185,150000,810.81,0,0,0.79,9.15,TRUE
2201,201,16,1,Financial Services,Alexandria / El Azarita,100,50000,500,9,43,1.17,4.77,FALSE
2202,201,16,2,Food & Beverage,Alexandria / El Azarita,100,50000,500,30,132,1.17,4.15,FALSE
2203,201,16,3,Food & Beverage,Alexandria / El Azarita,100,50000,500,30,132,1.17,4.15,FALSE
2204,201,16,4,Food & Beverage,Alexandria / El Azarita,100,50000,500,30,132,1.17,4.15,FALSE
2205,201,16,5,Food & Beverage,Alexandria / El Azarita,100,50000,500,30,132,1.17,4.15,FALSE
2206,201,16,6,Health & Fitness,Alexandria / El Azarita,100,50000,500,0,2,1.17,10,TRUE
2207,201,16,7,Healthcare,Alexandria / El Azarita,100,50000,500,16,58,1.17,4.34,FALSE
2208,201,16,8,Healthcare,Alexandria / El Azarita,100,50000,500,16,58,1.17,4.34,FALSE
2209,201,16,9,Retail,Alexandria / El Azarita,100,50000,500,22,169,1.17,4.12,FALSE
2210,201,16,10,Retail,Alexandria / El Azarita,100,50000,500,22,169,1.17,4.12,FALSE
2211,201,16,11,Tourism & Hospitality,Alexandria / El Azarita,100,50000,500,0,19,1.17,8.05,TRUE
2212,202,43,1,Financial Services,Alexandria / El Gaish Road,70,45000,642.86,0,0,0.17,6.67,TRUE
2213,202,43,2,Food & Beverage,Alexandria / El Gaish Road,70,45000,642.86,0,0,0.17,6.67,TRUE
2214,202,43,3,Food & Beverage,Alexandria / El Gaish Road,70,45000,642.86,0,0,0.17,6.67,TRUE
2215,202,43,4,Food & Beverage,Alexandria / El Gaish Road,70,45000,642.86,0,0,0.17,6.67,TRUE
2216,202,43,5,Food & Beverage,Alexandria / El Gaish Road,70,45000,642.86,0,0,0.17,6.67,TRUE
2217,202,43,6,Health & Fitness,Alexandria / El Gaish Road,70,45000,642.86,0,0,0.17,6.67,TRUE
2218,202,43,7,Healthcare,Alexandria / El Gaish Road,70,45000,642.86,5,5,0.17,4.37,FALSE
2219,202,43,8,Healthcare,Alexandria / El Gaish Road,70,45000,642.86,5,5,0.17,4.37,FALSE
2220,202,43,9,Retail,Alexandria / El Gaish Road,70,45000,642.86,0,0,0.17,6.67,TRUE
2221,202,43,10,Retail,Alexandria / El Gaish Road,70,45000,642.86,0,0,0.17,6.67,TRUE
2222,202,43,11,Tourism & Hospitality,Alexandria / El Gaish Road,70,45000,642.86,0,0,0.17,6.67,TRUE
2223,203,43,1,Financial Services,Alexandria / El Gaish Road,85,13000,152.94,0,0,1.18,10,TRUE
2224,203,43,2,Food & Beverage,Alexandria / El Gaish Road,85,13000,152.94,0,0,1.18,10,TRUE
2225,203,43,3,Food & Beverage,Alexandria / El Gaish Road,85,13000,152.94,0,0,1.18,10,TRUE
2226,203,43,4,Food & Beverage,Alexandria / El Gaish Road,85,13000,152.94,0,0,1.18,10,TRUE
2227,203,43,5,Food & Beverage,Alexandria / El Gaish Road,85,13000,152.94,0,0,1.18,10,TRUE
2228,203,43,6,Health & Fitness,Alexandria / El Gaish Road,85,13000,152.94,0,0,1.18,10,TRUE
2229,203,43,7,Healthcare,Alexandria / El Gaish Road,85,13000,152.94,5,5,1.18,7.7,TRUE
2230,203,43,8,Healthcare,Alexandria / El Gaish Road,85,13000,152.94,5,5,1.18,7.7,TRUE
2231,203,43,9,Retail,Alexandria / El Gaish Road,85,13000,152.94,0,0,1.18,10,TRUE
2232,203,43,10,Retail,Alexandria / El Gaish Road,85,13000,152.94,0,0,1.18,10,TRUE
2233,203,43,11,Tourism & Hospitality,Alexandria / El Gaish Road,85,13000,152.94,0,0,1.18,10,TRUE
2234,204,43,1,Financial Services,Alexandria / El Gaish Road,125,120000,960,0,0,0,6,TRUE
2235,204,43,2,Food & Beverage,Alexandria / El Gaish Road,125,120000,960,0,0,0,6,TRUE
2236,204,43,3,Food & Beverage,Alexandria / El Gaish Road,125,120000,960,0,0,0,6,TRUE
2237,204,43,4,Food & Beverage,Alexandria / El Gaish Road,125,120000,960,0,0,0,6,TRUE
2238,204,43,5,Food & Beverage,Alexandria / El Gaish Road,125,120000,960,0,0,0,6,TRUE
2239,204,43,6,Health & Fitness,Alexandria / El Gaish Road,125,120000,960,0,0,0,6,TRUE
2240,204,43,7,Healthcare,Alexandria / El Gaish Road,125,120000,960,5,5,0,3.7,FALSE
2241,204,43,8,Healthcare,Alexandria / El Gaish Road,125,120000,960,5,5,0,3.7,FALSE
2242,204,43,9,Retail,Alexandria / El Gaish Road,125,120000,960,0,0,0,6,TRUE
2243,204,43,10,Retail,Alexandria / El Gaish Road,125,120000,960,0,0,0,6,TRUE
2244,204,43,11,Tourism & Hospitality,Alexandria / El Gaish Road,125,120000,960,0,0,0,6,TRUE
2245,205,43,1,Financial Services,Alexandria / El Gaish Road,115,25000,217.39,0,0,1.05,10,TRUE
2246,205,43,2,Food & Beverage,Alexandria / El Gaish Road,115,25000,217.39,0,0,1.05,10,TRUE
2247,205,43,3,Food & Beverage,Alexandria / El Gaish Road,115,25000,217.39,0,0,1.05,10,TRUE
2248,205,43,4,Food & Beverage,Alexandria / El Gaish Road,115,25000,217.39,0,0,1.05,10,TRUE
2249,205,43,5,Food & Beverage,Alexandria / El Gaish Road,115,25000,217.39,0,0,1.05,10,TRUE
2250,205,43,6,Health & Fitness,Alexandria / El Gaish Road,115,25000,217.39,0,0,1.05,10,TRUE
2251,205,43,7,Healthcare,Alexandria / El Gaish Road,115,25000,217.39,5,5,1.05,7.7,TRUE
2252,205,43,8,Healthcare,Alexandria / El Gaish Road,115,25000,217.39,5,5,1.05,7.7,TRUE
2253,205,43,9,Retail,Alexandria / El Gaish Road,115,25000,217.39,0,0,1.05,10,TRUE
2254,205,43,10,Retail,Alexandria / El Gaish Road,115,25000,217.39,0,0,1.05,10,TRUE
2255,205,43,11,Tourism & Hospitality,Alexandria / El Gaish Road,115,25000,217.39,0,0,1.05,10,TRUE
2256,206,43,1,Financial Services,Alexandria / El Gaish Road,160,80000,500,0,0,0.46,7.86,TRUE
2257,206,43,2,Food & Beverage,Alexandria / El Gaish Road,160,80000,500,0,0,0.46,7.86,TRUE
2258,206,43,3,Food & Beverage,Alexandria / El Gaish Road,160,80000,500,0,0,0.46,7.86,TRUE
2259,206,43,4,Food & Beverage,Alexandria / El Gaish Road,160,80000,500,0,0,0.46,7.86,TRUE
2260,206,43,5,Food & Beverage,Alexandria / El Gaish Road,160,80000,500,0,0,0.46,7.86,TRUE
2261,206,43,6,Health & Fitness,Alexandria / El Gaish Road,160,80000,500,0,0,0.46,7.86,TRUE
2262,206,43,7,Healthcare,Alexandria / El Gaish Road,160,80000,500,5,5,0.46,5.56,FALSE
2263,206,43,8,Healthcare,Alexandria / El Gaish Road,160,80000,500,5,5,0.46,5.56,FALSE
2264,206,43,9,Retail,Alexandria / El Gaish Road,160,80000,500,0,0,0.46,7.86,TRUE
2265,206,43,10,Retail,Alexandria / El Gaish Road,160,80000,500,0,0,0.46,7.86,TRUE
2266,206,43,11,Tourism & Hospitality,Alexandria / El Gaish Road,160,80000,500,0,0,0.46,7.86,TRUE
2267,207,43,1,Financial Services,Alexandria / El Geish Rd.,470,350000,744.68,0,0,0,6,TRUE
2268,207,43,2,Food & Beverage,Alexandria / El Geish Rd.,470,350000,744.68,0,0,0,6,TRUE
2269,207,43,3,Food & Beverage,Alexandria / El Geish Rd.,470,350000,744.68,0,0,0,6,TRUE
2270,207,43,4,Food & Beverage,Alexandria / El Geish Rd.,470,350000,744.68,0,0,0,6,TRUE
2271,207,43,5,Food & Beverage,Alexandria / El Geish Rd.,470,350000,744.68,0,0,0,6,TRUE
2272,207,43,6,Health & Fitness,Alexandria / El Geish Rd.,470,350000,744.68,0,0,0,6,TRUE
2273,207,43,7,Healthcare,Alexandria / El Geish Rd.,470,350000,744.68,5,5,0,3.7,FALSE
2274,207,43,8,Healthcare,Alexandria / El Geish Rd.,470,350000,744.68,5,5,0,3.7,FALSE
2275,207,43,9,Retail,Alexandria / El Geish Rd.,470,350000,744.68,0,0,0,6,TRUE
2276,207,43,10,Retail,Alexandria / El Geish Rd.,470,350000,744.68,0,0,0,6,TRUE
2277,207,43,11,Tourism & Hospitality,Alexandria / El Geish Rd.,470,350000,744.68,0,0,0,6,TRUE
2278,208,43,1,Financial Services,Alexandria / El Geish Rd.,60,30000,500,0,0,0.46,7.86,TRUE
2279,208,43,2,Food & Beverage,Alexandria / El Geish Rd.,60,30000,500,0,0,0.46,7.86,TRUE
2280,208,43,3,Food & Beverage,Alexandria / El Geish Rd.,60,30000,500,0,0,0.46,7.86,TRUE
2281,208,43,4,Food & Beverage,Alexandria / El Geish Rd.,60,30000,500,0,0,0.46,7.86,TRUE
2282,208,43,5,Food & Beverage,Alexandria / El Geish Rd.,60,30000,500,0,0,0.46,7.86,TRUE
2283,208,43,6,Health & Fitness,Alexandria / El Geish Rd.,60,30000,500,0,0,0.46,7.86,TRUE
2284,208,43,7,Healthcare,Alexandria / El Geish Rd.,60,30000,500,5,5,0.46,5.56,FALSE
2285,208,43,8,Healthcare,Alexandria / El Geish Rd.,60,30000,500,5,5,0.46,5.56,FALSE
2286,208,43,9,Retail,Alexandria / El Geish Rd.,60,30000,500,0,0,0.46,7.86,TRUE
2287,208,43,10,Retail,Alexandria / El Geish Rd.,60,30000,500,0,0,0.46,7.86,TRUE
2288,208,43,11,Tourism & Hospitality,Alexandria / El Geish Rd.,60,30000,500,0,0,0.46,7.86,TRUE
2289,209,23,1,Financial Services,Alexandria / El Mandara,70,28000,400,2,4,0.7,7.45,TRUE
2290,209,23,2,Food & Beverage,Alexandria / El Mandara,70,28000,400,4,8,0.7,5.72,FALSE
2291,209,23,3,Food & Beverage,Alexandria / El Mandara,70,28000,400,4,8,0.7,5.72,FALSE
2292,209,23,4,Food & Beverage,Alexandria / El Mandara,70,28000,400,4,8,0.7,5.72,FALSE
2293,209,23,5,Food & Beverage,Alexandria / El Mandara,70,28000,400,4,8,0.7,5.72,FALSE
2294,209,23,6,Health & Fitness,Alexandria / El Mandara,70,28000,400,0,0,0.7,8.8,TRUE
2295,209,23,7,Healthcare,Alexandria / El Mandara,70,28000,400,3,4,0.7,7.15,TRUE
2296,209,23,8,Healthcare,Alexandria / El Mandara,70,28000,400,3,4,0.7,7.15,TRUE
2297,209,23,9,Retail,Alexandria / El Mandara,70,28000,400,1,4,0.7,7.75,TRUE
2298,209,23,10,Retail,Alexandria / El Mandara,70,28000,400,1,4,0.7,7.75,TRUE
2299,209,23,11,Tourism & Hospitality,Alexandria / El Mandara,70,28000,400,1,1,0.7,8.5,TRUE
2300,210,23,1,Financial Services,Alexandria / El Mandara Qebli,180,18000,100,2,4,1.3,8.65,TRUE
2301,210,23,2,Food & Beverage,Alexandria / El Mandara Qebli,180,18000,100,4,8,1.3,6.93,TRUE
2302,210,23,3,Food & Beverage,Alexandria / El Mandara Qebli,180,18000,100,4,8,1.3,6.93,TRUE
2303,210,23,4,Food & Beverage,Alexandria / El Mandara Qebli,180,18000,100,4,8,1.3,6.93,TRUE
2304,210,23,5,Food & Beverage,Alexandria / El Mandara Qebli,180,18000,100,4,8,1.3,6.93,TRUE
2305,210,23,6,Health & Fitness,Alexandria / El Mandara Qebli,180,18000,100,0,0,1.3,10,TRUE
2306,210,23,7,Healthcare,Alexandria / El Mandara Qebli,180,18000,100,3,4,1.3,8.35,TRUE
2307,210,23,8,Healthcare,Alexandria / El Mandara Qebli,180,18000,100,3,4,1.3,8.35,TRUE
2308,210,23,9,Retail,Alexandria / El Mandara Qebli,180,18000,100,1,4,1.3,8.95,TRUE
2309,210,23,10,Retail,Alexandria / El Mandara Qebli,180,18000,100,1,4,1.3,8.95,TRUE
2310,210,23,11,Tourism & Hospitality,Alexandria / El Mandara Qebli,180,18000,100,1,1,1.3,9.7,TRUE
2311,211,43,1,Financial Services,Alexandria / El-Gaish Rd,560,325000,580.36,0,0,0.3,7.19,TRUE
2312,211,43,2,Food & Beverage,Alexandria / El-Gaish Rd,560,325000,580.36,0,0,0.3,7.19,TRUE
2313,211,43,3,Food & Beverage,Alexandria / El-Gaish Rd,560,325000,580.36,0,0,0.3,7.19,TRUE
2314,211,43,4,Food & Beverage,Alexandria / El-Gaish Rd,560,325000,580.36,0,0,0.3,7.19,TRUE
2315,211,43,5,Food & Beverage,Alexandria / El-Gaish Rd,560,325000,580.36,0,0,0.3,7.19,TRUE
2316,211,43,6,Health & Fitness,Alexandria / El-Gaish Rd,560,325000,580.36,0,0,0.3,7.19,TRUE
2317,211,43,7,Healthcare,Alexandria / El-Gaish Rd,560,325000,580.36,5,5,0.3,4.89,FALSE
2318,211,43,8,Healthcare,Alexandria / El-Gaish Rd,560,325000,580.36,5,5,0.3,4.89,FALSE
2319,211,43,9,Retail,Alexandria / El-Gaish Rd,560,325000,580.36,0,0,0.3,7.19,TRUE
2320,211,43,10,Retail,Alexandria / El-Gaish Rd,560,325000,580.36,0,0,0.3,7.19,TRUE
2321,211,43,11,Tourism & Hospitality,Alexandria / El-Gaish Rd,560,325000,580.36,0,0,0.3,7.19,TRUE
2322,212,43,1,Financial Services,Alexandria / El-Gaish Rd,60,19000,316.67,0,0,0.84,9.38,TRUE
2323,212,43,2,Food & Beverage,Alexandria / El-Gaish Rd,60,19000,316.67,0,0,0.84,9.38,TRUE
2324,212,43,3,Food & Beverage,Alexandria / El-Gaish Rd,60,19000,316.67,0,0,0.84,9.38,TRUE
2325,212,43,4,Food & Beverage,Alexandria / El-Gaish Rd,60,19000,316.67,0,0,0.84,9.38,TRUE
2326,212,43,5,Food & Beverage,Alexandria / El-Gaish Rd,60,19000,316.67,0,0,0.84,9.38,TRUE
2327,212,43,6,Health & Fitness,Alexandria / El-Gaish Rd,60,19000,316.67,0,0,0.84,9.38,TRUE
2328,212,43,7,Healthcare,Alexandria / El-Gaish Rd,60,19000,316.67,5,5,0.84,7.08,TRUE
2329,212,43,8,Healthcare,Alexandria / El-Gaish Rd,60,19000,316.67,5,5,0.84,7.08,TRUE
2330,212,43,9,Retail,Alexandria / El-Gaish Rd,60,19000,316.67,0,0,0.84,9.38,TRUE
2331,212,43,10,Retail,Alexandria / El-Gaish Rd,60,19000,316.67,0,0,0.84,9.38,TRUE
2332,212,43,11,Tourism & Hospitality,Alexandria / El-Gaish Rd,60,19000,316.67,0,0,0.84,9.38,TRUE
2333,213,43,1,Financial Services,Alexandria / Gamal Abd El Nasir St,55,15000,272.73,0,0,0.94,9.74,TRUE
2334,213,43,2,Food & Beverage,Alexandria / Gamal Abd El Nasir St,55,15000,272.73,0,0,0.94,9.74,TRUE
2335,213,43,3,Food & Beverage,Alexandria / Gamal Abd El Nasir St,55,15000,272.73,0,0,0.94,9.74,TRUE
2336,213,43,4,Food & Beverage,Alexandria / Gamal Abd El Nasir St,55,15000,272.73,0,0,0.94,9.74,TRUE
2337,213,43,5,Food & Beverage,Alexandria / Gamal Abd El Nasir St,55,15000,272.73,0,0,0.94,9.74,TRUE
2338,213,43,6,Health & Fitness,Alexandria / Gamal Abd El Nasir St,55,15000,272.73,0,0,0.94,9.74,TRUE
2339,213,43,7,Healthcare,Alexandria / Gamal Abd El Nasir St,55,15000,272.73,5,5,0.94,7.44,TRUE
2340,213,43,8,Healthcare,Alexandria / Gamal Abd El Nasir St,55,15000,272.73,5,5,0.94,7.44,TRUE
2341,213,43,9,Retail,Alexandria / Gamal Abd El Nasir St,55,15000,272.73,0,0,0.94,9.74,TRUE
2342,213,43,10,Retail,Alexandria / Gamal Abd El Nasir St,55,15000,272.73,0,0,0.94,9.74,TRUE
2343,213,43,11,Tourism & Hospitality,Alexandria / Gamal Abd El Nasir St,55,15000,272.73,0,0,0.94,9.74,TRUE
2344,214,43,1,Financial Services,Alexandria / Gamal Abd El Nasir St,100,10000,100,0,0,1.29,10,TRUE
2345,214,43,2,Food & Beverage,Alexandria / Gamal Abd El Nasir St,100,10000,100,0,0,1.29,10,TRUE
2346,214,43,3,Food & Beverage,Alexandria / Gamal Abd El Nasir St,100,10000,100,0,0,1.29,10,TRUE
2347,214,43,4,Food & Beverage,Alexandria / Gamal Abd El Nasir St,100,10000,100,0,0,1.29,10,TRUE
2348,214,43,5,Food & Beverage,Alexandria / Gamal Abd El Nasir St,100,10000,100,0,0,1.29,10,TRUE
2349,214,43,6,Health & Fitness,Alexandria / Gamal Abd El Nasir St,100,10000,100,0,0,1.29,10,TRUE
2350,214,43,7,Healthcare,Alexandria / Gamal Abd El Nasir St,100,10000,100,5,5,1.29,7.7,TRUE
2351,214,43,8,Healthcare,Alexandria / Gamal Abd El Nasir St,100,10000,100,5,5,1.29,7.7,TRUE
2352,214,43,9,Retail,Alexandria / Gamal Abd El Nasir St,100,10000,100,0,0,1.29,10,TRUE
2353,214,43,10,Retail,Alexandria / Gamal Abd El Nasir St,100,10000,100,0,0,1.29,10,TRUE
2354,214,43,11,Tourism & Hospitality,Alexandria / Gamal Abd El Nasir St,100,10000,100,0,0,1.29,10,TRUE
2355,215,43,1,Financial Services,Alexandria / Gamal Abd El Nasir St,70,5000,71.43,0,0,1.35,10,TRUE
2356,215,43,2,Food & Beverage,Alexandria / Gamal Abd El Nasir St,70,5000,71.43,0,0,1.35,10,TRUE
2357,215,43,3,Food & Beverage,Alexandria / Gamal Abd El Nasir St,70,5000,71.43,0,0,1.35,10,TRUE
2358,215,43,4,Food & Beverage,Alexandria / Gamal Abd El Nasir St,70,5000,71.43,0,0,1.35,10,TRUE
2359,215,43,5,Food & Beverage,Alexandria / Gamal Abd El Nasir St,70,5000,71.43,0,0,1.35,10,TRUE
2360,215,43,6,Health & Fitness,Alexandria / Gamal Abd El Nasir St,70,5000,71.43,0,0,1.35,10,TRUE
2361,215,43,7,Healthcare,Alexandria / Gamal Abd El Nasir St,70,5000,71.43,5,5,1.35,7.7,TRUE
2362,215,43,8,Healthcare,Alexandria / Gamal Abd El Nasir St,70,5000,71.43,5,5,1.35,7.7,TRUE
2363,215,43,9,Retail,Alexandria / Gamal Abd El Nasir St,70,5000,71.43,0,0,1.35,10,TRUE
2364,215,43,10,Retail,Alexandria / Gamal Abd El Nasir St,70,5000,71.43,0,0,1.35,10,TRUE
2365,215,43,11,Tourism & Hospitality,Alexandria / Gamal Abd El Nasir St,70,5000,71.43,0,0,1.35,10,TRUE
2366,216,43,1,Financial Services,Alexandria / Gamal Abd El Nasir St,50,7000,140,0,0,1.21,10,TRUE
2367,216,43,2,Food & Beverage,Alexandria / Gamal Abd El Nasir St,50,7000,140,0,0,1.21,10,TRUE
2368,216,43,3,Food & Beverage,Alexandria / Gamal Abd El Nasir St,50,7000,140,0,0,1.21,10,TRUE
2369,216,43,4,Food & Beverage,Alexandria / Gamal Abd El Nasir St,50,7000,140,0,0,1.21,10,TRUE
2370,216,43,5,Food & Beverage,Alexandria / Gamal Abd El Nasir St,50,7000,140,0,0,1.21,10,TRUE
2371,216,43,6,Health & Fitness,Alexandria / Gamal Abd El Nasir St,50,7000,140,0,0,1.21,10,TRUE
2372,216,43,7,Healthcare,Alexandria / Gamal Abd El Nasir St,50,7000,140,5,5,1.21,7.7,TRUE
2373,216,43,8,Healthcare,Alexandria / Gamal Abd El Nasir St,50,7000,140,5,5,1.21,7.7,TRUE
2374,216,43,9,Retail,Alexandria / Gamal Abd El Nasir St,50,7000,140,0,0,1.21,10,TRUE
2375,216,43,10,Retail,Alexandria / Gamal Abd El Nasir St,50,7000,140,0,0,1.21,10,TRUE
2376,216,43,11,Tourism & Hospitality,Alexandria / Gamal Abd El Nasir St,50,7000,140,0,0,1.21,10,TRUE
2377,217,43,1,Financial Services,Alexandria / Gamal Abd El Nasir St,100,40000,400,0,0,0.67,8.69,TRUE
2378,217,43,2,Food & Beverage,Alexandria / Gamal Abd El Nasir St,100,40000,400,0,0,0.67,8.69,TRUE
2379,217,43,3,Food & Beverage,Alexandria / Gamal Abd El Nasir St,100,40000,400,0,0,0.67,8.69,TRUE
2380,217,43,4,Food & Beverage,Alexandria / Gamal Abd El Nasir St,100,40000,400,0,0,0.67,8.69,TRUE
2381,217,43,5,Food & Beverage,Alexandria / Gamal Abd El Nasir St,100,40000,400,0,0,0.67,8.69,TRUE
2382,217,43,6,Health & Fitness,Alexandria / Gamal Abd El Nasir St,100,40000,400,0,0,0.67,8.69,TRUE
2383,217,43,7,Healthcare,Alexandria / Gamal Abd El Nasir St,100,40000,400,5,5,0.67,6.39,TRUE
2384,217,43,8,Healthcare,Alexandria / Gamal Abd El Nasir St,100,40000,400,5,5,0.67,6.39,TRUE
2385,217,43,9,Retail,Alexandria / Gamal Abd El Nasir St,100,40000,400,0,0,0.67,8.69,TRUE
2386,217,43,10,Retail,Alexandria / Gamal Abd El Nasir St,100,40000,400,0,0,0.67,8.69,TRUE
2387,217,43,11,Tourism & Hospitality,Alexandria / Gamal Abd El Nasir St,100,40000,400,0,0,0.67,8.69,TRUE
2388,218,43,1,Financial Services,Alexandria / Gamal Abd El Nasir St,240,100000,416.67,0,0,0.64,8.55,TRUE
2389,218,43,2,Food & Beverage,Alexandria / Gamal Abd El Nasir St,240,100000,416.67,0,0,0.64,8.55,TRUE
2390,218,43,3,Food & Beverage,Alexandria / Gamal Abd El Nasir St,240,100000,416.67,0,0,0.64,8.55,TRUE
2391,218,43,4,Food & Beverage,Alexandria / Gamal Abd El Nasir St,240,100000,416.67,0,0,0.64,8.55,TRUE
2392,218,43,5,Food & Beverage,Alexandria / Gamal Abd El Nasir St,240,100000,416.67,0,0,0.64,8.55,TRUE
2393,218,43,6,Health & Fitness,Alexandria / Gamal Abd El Nasir St,240,100000,416.67,0,0,0.64,8.55,TRUE
2394,218,43,7,Healthcare,Alexandria / Gamal Abd El Nasir St,240,100000,416.67,5,5,0.64,6.25,TRUE
2395,218,43,8,Healthcare,Alexandria / Gamal Abd El Nasir St,240,100000,416.67,5,5,0.64,6.25,TRUE
2396,218,43,9,Retail,Alexandria / Gamal Abd El Nasir St,240,100000,416.67,0,0,0.64,8.55,TRUE
2397,218,43,10,Retail,Alexandria / Gamal Abd El Nasir St,240,100000,416.67,0,0,0.64,8.55,TRUE
2398,218,43,11,Tourism & Hospitality,Alexandria / Gamal Abd El Nasir St,240,100000,416.67,0,0,0.64,8.55,TRUE
2399,219,43,1,Financial Services,Alexandria / Gamal Abd El Nasir St,55,10000,181.82,0,0,1.12,10,TRUE
2400,219,43,2,Food & Beverage,Alexandria / Gamal Abd El Nasir St,55,10000,181.82,0,0,1.12,10,TRUE
2401,219,43,3,Food & Beverage,Alexandria / Gamal Abd El Nasir St,55,10000,181.82,0,0,1.12,10,TRUE
2402,219,43,4,Food & Beverage,Alexandria / Gamal Abd El Nasir St,55,10000,181.82,0,0,1.12,10,TRUE
2403,219,43,5,Food & Beverage,Alexandria / Gamal Abd El Nasir St,55,10000,181.82,0,0,1.12,10,TRUE
2404,219,43,6,Health & Fitness,Alexandria / Gamal Abd El Nasir St,55,10000,181.82,0,0,1.12,10,TRUE
2405,219,43,7,Healthcare,Alexandria / Gamal Abd El Nasir St,55,10000,181.82,5,5,1.12,7.7,TRUE
2406,219,43,8,Healthcare,Alexandria / Gamal Abd El Nasir St,55,10000,181.82,5,5,1.12,7.7,TRUE
2407,219,43,9,Retail,Alexandria / Gamal Abd El Nasir St,55,10000,181.82,0,0,1.12,10,TRUE
2408,219,43,10,Retail,Alexandria / Gamal Abd El Nasir St,55,10000,181.82,0,0,1.12,10,TRUE
2409,219,43,11,Tourism & Hospitality,Alexandria / Gamal Abd El Nasir St,55,10000,181.82,0,0,1.12,10,TRUE
2410,220,43,1,Financial Services,Alexandria / Gamal Abd El Nasir St,160,15000,93.75,0,0,1.31,10,TRUE
2411,220,43,2,Food & Beverage,Alexandria / Gamal Abd El Nasir St,160,15000,93.75,0,0,1.31,10,TRUE
2412,220,43,3,Food & Beverage,Alexandria / Gamal Abd El Nasir St,160,15000,93.75,0,0,1.31,10,TRUE
2413,220,43,4,Food & Beverage,Alexandria / Gamal Abd El Nasir St,160,15000,93.75,0,0,1.31,10,TRUE
2414,220,43,5,Food & Beverage,Alexandria / Gamal Abd El Nasir St,160,15000,93.75,0,0,1.31,10,TRUE
2415,220,43,6,Health & Fitness,Alexandria / Gamal Abd El Nasir St,160,15000,93.75,0,0,1.31,10,TRUE
2416,220,43,7,Healthcare,Alexandria / Gamal Abd El Nasir St,160,15000,93.75,5,5,1.31,7.7,TRUE
2417,220,43,8,Healthcare,Alexandria / Gamal Abd El Nasir St,160,15000,93.75,5,5,1.31,7.7,TRUE
2418,220,43,9,Retail,Alexandria / Gamal Abd El Nasir St,160,15000,93.75,0,0,1.31,10,TRUE
2419,220,43,10,Retail,Alexandria / Gamal Abd El Nasir St,160,15000,93.75,0,0,1.31,10,TRUE
2420,220,43,11,Tourism & Hospitality,Alexandria / Gamal Abd El Nasir St,160,15000,93.75,0,0,1.31,10,TRUE
2421,221,43,1,Financial Services,Alexandria / Gamal Abd El Nasir St,60,9000,150,0,0,1.19,10,TRUE
2422,221,43,2,Food & Beverage,Alexandria / Gamal Abd El Nasir St,60,9000,150,0,0,1.19,10,TRUE
2423,221,43,3,Food & Beverage,Alexandria / Gamal Abd El Nasir St,60,9000,150,0,0,1.19,10,TRUE
2424,221,43,4,Food & Beverage,Alexandria / Gamal Abd El Nasir St,60,9000,150,0,0,1.19,10,TRUE
2425,221,43,5,Food & Beverage,Alexandria / Gamal Abd El Nasir St,60,9000,150,0,0,1.19,10,TRUE
2426,221,43,6,Health & Fitness,Alexandria / Gamal Abd El Nasir St,60,9000,150,0,0,1.19,10,TRUE
2427,221,43,7,Healthcare,Alexandria / Gamal Abd El Nasir St,60,9000,150,5,5,1.19,7.7,TRUE
2428,221,43,8,Healthcare,Alexandria / Gamal Abd El Nasir St,60,9000,150,5,5,1.19,7.7,TRUE
2429,221,43,9,Retail,Alexandria / Gamal Abd El Nasir St,60,9000,150,0,0,1.19,10,TRUE
2430,221,43,10,Retail,Alexandria / Gamal Abd El Nasir St,60,9000,150,0,0,1.19,10,TRUE
2431,221,43,11,Tourism & Hospitality,Alexandria / Gamal Abd El Nasir St,60,9000,150,0,0,1.19,10,TRUE
2432,222,43,1,Financial Services,Alexandria / Gamal Abd El Nasir St,50,7500,150,0,0,1.19,10,TRUE
2433,222,43,2,Food & Beverage,Alexandria / Gamal Abd El Nasir St,50,7500,150,0,0,1.19,10,TRUE
2434,222,43,3,Food & Beverage,Alexandria / Gamal Abd El Nasir St,50,7500,150,0,0,1.19,10,TRUE
2435,222,43,4,Food & Beverage,Alexandria / Gamal Abd El Nasir St,50,7500,150,0,0,1.19,10,TRUE
2436,222,43,5,Food & Beverage,Alexandria / Gamal Abd El Nasir St,50,7500,150,0,0,1.19,10,TRUE
2437,222,43,6,Health & Fitness,Alexandria / Gamal Abd El Nasir St,50,7500,150,0,0,1.19,10,TRUE
2438,222,43,7,Healthcare,Alexandria / Gamal Abd El Nasir St,50,7500,150,5,5,1.19,7.7,TRUE
2439,222,43,8,Healthcare,Alexandria / Gamal Abd El Nasir St,50,7500,150,5,5,1.19,7.7,TRUE
2440,222,43,9,Retail,Alexandria / Gamal Abd El Nasir St,50,7500,150,0,0,1.19,10,TRUE
2441,222,43,10,Retail,Alexandria / Gamal Abd El Nasir St,50,7500,150,0,0,1.19,10,TRUE
2442,222,43,11,Tourism & Hospitality,Alexandria / Gamal Abd El Nasir St,50,7500,150,0,0,1.19,10,TRUE
2443,223,43,1,Financial Services,Alexandria / Gamal Abd El Nasir St,300,25000,83.33,0,0,1.33,10,TRUE
2444,223,43,2,Food & Beverage,Alexandria / Gamal Abd El Nasir St,300,25000,83.33,0,0,1.33,10,TRUE
2445,223,43,3,Food & Beverage,Alexandria / Gamal Abd El Nasir St,300,25000,83.33,0,0,1.33,10,TRUE
2446,223,43,4,Food & Beverage,Alexandria / Gamal Abd El Nasir St,300,25000,83.33,0,0,1.33,10,TRUE
2447,223,43,5,Food & Beverage,Alexandria / Gamal Abd El Nasir St,300,25000,83.33,0,0,1.33,10,TRUE
2448,223,43,6,Health & Fitness,Alexandria / Gamal Abd El Nasir St,300,25000,83.33,0,0,1.33,10,TRUE
2449,223,43,7,Healthcare,Alexandria / Gamal Abd El Nasir St,300,25000,83.33,5,5,1.33,7.7,TRUE
2450,223,43,8,Healthcare,Alexandria / Gamal Abd El Nasir St,300,25000,83.33,5,5,1.33,7.7,TRUE
2451,223,43,9,Retail,Alexandria / Gamal Abd El Nasir St,300,25000,83.33,0,0,1.33,10,TRUE
2452,223,43,10,Retail,Alexandria / Gamal Abd El Nasir St,300,25000,83.33,0,0,1.33,10,TRUE
2453,223,43,11,Tourism & Hospitality,Alexandria / Gamal Abd El Nasir St,300,25000,83.33,0,0,1.33,10,TRUE
2454,224,43,1,Financial Services,Alexandria / Gamal Abd El Nasir St,60,10000,166.67,0,0,1.15,10,TRUE
2455,224,43,2,Food & Beverage,Alexandria / Gamal Abd El Nasir St,60,10000,166.67,0,0,1.15,10,TRUE
2456,224,43,3,Food & Beverage,Alexandria / Gamal Abd El Nasir St,60,10000,166.67,0,0,1.15,10,TRUE
2457,224,43,4,Food & Beverage,Alexandria / Gamal Abd El Nasir St,60,10000,166.67,0,0,1.15,10,TRUE
2458,224,43,5,Food & Beverage,Alexandria / Gamal Abd El Nasir St,60,10000,166.67,0,0,1.15,10,TRUE
2459,224,43,6,Health & Fitness,Alexandria / Gamal Abd El Nasir St,60,10000,166.67,0,0,1.15,10,TRUE
2460,224,43,7,Healthcare,Alexandria / Gamal Abd El Nasir St,60,10000,166.67,5,5,1.15,7.7,TRUE
2461,224,43,8,Healthcare,Alexandria / Gamal Abd El Nasir St,60,10000,166.67,5,5,1.15,7.7,TRUE
2462,224,43,9,Retail,Alexandria / Gamal Abd El Nasir St,60,10000,166.67,0,0,1.15,10,TRUE
2463,224,43,10,Retail,Alexandria / Gamal Abd El Nasir St,60,10000,166.67,0,0,1.15,10,TRUE
2464,224,43,11,Tourism & Hospitality,Alexandria / Gamal Abd El Nasir St,60,10000,166.67,0,0,1.15,10,TRUE
2465,225,43,1,Financial Services,Alexandria / Gamal Abd El Nasir St,50,8000,160,0,0,1.17,10,TRUE
2466,225,43,2,Food & Beverage,Alexandria / Gamal Abd El Nasir St,50,8000,160,0,0,1.17,10,TRUE
2467,225,43,3,Food & Beverage,Alexandria / Gamal Abd El Nasir St,50,8000,160,0,0,1.17,10,TRUE
2468,225,43,4,Food & Beverage,Alexandria / Gamal Abd El Nasir St,50,8000,160,0,0,1.17,10,TRUE
2469,225,43,5,Food & Beverage,Alexandria / Gamal Abd El Nasir St,50,8000,160,0,0,1.17,10,TRUE
2470,225,43,6,Health & Fitness,Alexandria / Gamal Abd El Nasir St,50,8000,160,0,0,1.17,10,TRUE
2471,225,43,7,Healthcare,Alexandria / Gamal Abd El Nasir St,50,8000,160,5,5,1.17,7.7,TRUE
2472,225,43,8,Healthcare,Alexandria / Gamal Abd El Nasir St,50,8000,160,5,5,1.17,7.7,TRUE
2473,225,43,9,Retail,Alexandria / Gamal Abd El Nasir St,50,8000,160,0,0,1.17,10,TRUE
2474,225,43,10,Retail,Alexandria / Gamal Abd El Nasir St,50,8000,160,0,0,1.17,10,TRUE
2475,225,43,11,Tourism & Hospitality,Alexandria / Gamal Abd El Nasir St,50,8000,160,0,0,1.17,10,TRUE
2476,226,43,1,Financial Services,Alexandria / Gamal Abd El Nasir St,65,6000,92.31,0,0,1.31,10,TRUE
2477,226,43,2,Food & Beverage,Alexandria / Gamal Abd El Nasir St,65,6000,92.31,0,0,1.31,10,TRUE
2478,226,43,3,Food & Beverage,Alexandria / Gamal Abd El Nasir St,65,6000,92.31,0,0,1.31,10,TRUE
2479,226,43,4,Food & Beverage,Alexandria / Gamal Abd El Nasir St,65,6000,92.31,0,0,1.31,10,TRUE
2480,226,43,5,Food & Beverage,Alexandria / Gamal Abd El Nasir St,65,6000,92.31,0,0,1.31,10,TRUE
2481,226,43,6,Health & Fitness,Alexandria / Gamal Abd El Nasir St,65,6000,92.31,0,0,1.31,10,TRUE
2482,226,43,7,Healthcare,Alexandria / Gamal Abd El Nasir St,65,6000,92.31,5,5,1.31,7.7,TRUE
2483,226,43,8,Healthcare,Alexandria / Gamal Abd El Nasir St,65,6000,92.31,5,5,1.31,7.7,TRUE
2484,226,43,9,Retail,Alexandria / Gamal Abd El Nasir St,65,6000,92.31,0,0,1.31,10,TRUE
2485,226,43,10,Retail,Alexandria / Gamal Abd El Nasir St,65,6000,92.31,0,0,1.31,10,TRUE
2486,226,43,11,Tourism & Hospitality,Alexandria / Gamal Abd El Nasir St,65,6000,92.31,0,0,1.31,10,TRUE
2487,227,43,1,Financial Services,Alexandria / Gamal Abd El Nasir St,110,15000,136.36,0,0,1.22,10,TRUE
2488,227,43,2,Food & Beverage,Alexandria / Gamal Abd El Nasir St,110,15000,136.36,0,0,1.22,10,TRUE
2489,227,43,3,Food & Beverage,Alexandria / Gamal Abd El Nasir St,110,15000,136.36,0,0,1.22,10,TRUE
2490,227,43,4,Food & Beverage,Alexandria / Gamal Abd El Nasir St,110,15000,136.36,0,0,1.22,10,TRUE
2491,227,43,5,Food & Beverage,Alexandria / Gamal Abd El Nasir St,110,15000,136.36,0,0,1.22,10,TRUE
2492,227,43,6,Health & Fitness,Alexandria / Gamal Abd El Nasir St,110,15000,136.36,0,0,1.22,10,TRUE
2493,227,43,7,Healthcare,Alexandria / Gamal Abd El Nasir St,110,15000,136.36,5,5,1.22,7.7,TRUE
2494,227,43,8,Healthcare,Alexandria / Gamal Abd El Nasir St,110,15000,136.36,5,5,1.22,7.7,TRUE
2495,227,43,9,Retail,Alexandria / Gamal Abd El Nasir St,110,15000,136.36,0,0,1.22,10,TRUE
2496,227,43,10,Retail,Alexandria / Gamal Abd El Nasir St,110,15000,136.36,0,0,1.22,10,TRUE
2497,227,43,11,Tourism & Hospitality,Alexandria / Gamal Abd El Nasir St,110,15000,136.36,0,0,1.22,10,TRUE
2498,228,43,1,Financial Services,Alexandria / Gamal Abd El Nasir St,600,300000,500,0,0,0.46,7.86,TRUE
2499,228,43,2,Food & Beverage,Alexandria / Gamal Abd El Nasir St,600,300000,500,0,0,0.46,7.86,TRUE
2500,228,43,3,Food & Beverage,Alexandria / Gamal Abd El Nasir St,600,300000,500,0,0,0.46,7.86,TRUE
2501,228,43,4,Food & Beverage,Alexandria / Gamal Abd El Nasir St,600,300000,500,0,0,0.46,7.86,TRUE
2502,228,43,5,Food & Beverage,Alexandria / Gamal Abd El Nasir St,600,300000,500,0,0,0.46,7.86,TRUE
2503,228,43,6,Health & Fitness,Alexandria / Gamal Abd El Nasir St,600,300000,500,0,0,0.46,7.86,TRUE
2504,228,43,7,Healthcare,Alexandria / Gamal Abd El Nasir St,600,300000,500,5,5,0.46,5.56,FALSE
2505,228,43,8,Healthcare,Alexandria / Gamal Abd El Nasir St,600,300000,500,5,5,0.46,5.56,FALSE
2506,228,43,9,Retail,Alexandria / Gamal Abd El Nasir St,600,300000,500,0,0,0.46,7.86,TRUE
2507,228,43,10,Retail,Alexandria / Gamal Abd El Nasir St,600,300000,500,0,0,0.46,7.86,TRUE
2508,228,43,11,Tourism & Hospitality,Alexandria / Gamal Abd El Nasir St,600,300000,500,0,0,0.46,7.86,TRUE
2509,229,43,1,Financial Services,Alexandria / Gamal Abd El Nasir St,80,9500,118.75,0,0,1.25,10,TRUE
2510,229,43,2,Food & Beverage,Alexandria / Gamal Abd El Nasir St,80,9500,118.75,0,0,1.25,10,TRUE
2511,229,43,3,Food & Beverage,Alexandria / Gamal Abd El Nasir St,80,9500,118.75,0,0,1.25,10,TRUE
2512,229,43,4,Food & Beverage,Alexandria / Gamal Abd El Nasir St,80,9500,118.75,0,0,1.25,10,TRUE
2513,229,43,5,Food & Beverage,Alexandria / Gamal Abd El Nasir St,80,9500,118.75,0,0,1.25,10,TRUE
2514,229,43,6,Health & Fitness,Alexandria / Gamal Abd El Nasir St,80,9500,118.75,0,0,1.25,10,TRUE
2515,229,43,7,Healthcare,Alexandria / Gamal Abd El Nasir St,80,9500,118.75,5,5,1.25,7.7,TRUE
2516,229,43,8,Healthcare,Alexandria / Gamal Abd El Nasir St,80,9500,118.75,5,5,1.25,7.7,TRUE
2517,229,43,9,Retail,Alexandria / Gamal Abd El Nasir St,80,9500,118.75,0,0,1.25,10,TRUE
2518,229,43,10,Retail,Alexandria / Gamal Abd El Nasir St,80,9500,118.75,0,0,1.25,10,TRUE
2519,229,43,11,Tourism & Hospitality,Alexandria / Gamal Abd El Nasir St,80,9500,118.75,0,0,1.25,10,TRUE
2520,230,43,1,Financial Services,Alexandria / Gamal Abd El Nasir St,130,14000,107.69,0,0,1.28,10,TRUE
2521,230,43,2,Food & Beverage,Alexandria / Gamal Abd El Nasir St,130,14000,107.69,0,0,1.28,10,TRUE
2522,230,43,3,Food & Beverage,Alexandria / Gamal Abd El Nasir St,130,14000,107.69,0,0,1.28,10,TRUE
2523,230,43,4,Food & Beverage,Alexandria / Gamal Abd El Nasir St,130,14000,107.69,0,0,1.28,10,TRUE
2524,230,43,5,Food & Beverage,Alexandria / Gamal Abd El Nasir St,130,14000,107.69,0,0,1.28,10,TRUE
2525,230,43,6,Health & Fitness,Alexandria / Gamal Abd El Nasir St,130,14000,107.69,0,0,1.28,10,TRUE
2526,230,43,7,Healthcare,Alexandria / Gamal Abd El Nasir St,130,14000,107.69,5,5,1.28,7.7,TRUE
2527,230,43,8,Healthcare,Alexandria / Gamal Abd El Nasir St,130,14000,107.69,5,5,1.28,7.7,TRUE
2528,230,43,9,Retail,Alexandria / Gamal Abd El Nasir St,130,14000,107.69,0,0,1.28,10,TRUE
2529,230,43,10,Retail,Alexandria / Gamal Abd El Nasir St,130,14000,107.69,0,0,1.28,10,TRUE
2530,230,43,11,Tourism & Hospitality,Alexandria / Gamal Abd El Nasir St,130,14000,107.69,0,0,1.28,10,TRUE
2531,231,43,1,Financial Services,Alexandria / Gamal Abd El Nasir St,100,12000,120,0,0,1.25,10,TRUE
2532,231,43,2,Food & Beverage,Alexandria / Gamal Abd El Nasir St,100,12000,120,0,0,1.25,10,TRUE
2533,231,43,3,Food & Beverage,Alexandria / Gamal Abd El Nasir St,100,12000,120,0,0,1.25,10,TRUE
2534,231,43,4,Food & Beverage,Alexandria / Gamal Abd El Nasir St,100,12000,120,0,0,1.25,10,TRUE
2535,231,43,5,Food & Beverage,Alexandria / Gamal Abd El Nasir St,100,12000,120,0,0,1.25,10,TRUE
2536,231,43,6,Health & Fitness,Alexandria / Gamal Abd El Nasir St,100,12000,120,0,0,1.25,10,TRUE
2537,231,43,7,Healthcare,Alexandria / Gamal Abd El Nasir St,100,12000,120,5,5,1.25,7.7,TRUE
2538,231,43,8,Healthcare,Alexandria / Gamal Abd El Nasir St,100,12000,120,5,5,1.25,7.7,TRUE
2539,231,43,9,Retail,Alexandria / Gamal Abd El Nasir St,100,12000,120,0,0,1.25,10,TRUE
2540,231,43,10,Retail,Alexandria / Gamal Abd El Nasir St,100,12000,120,0,0,1.25,10,TRUE
2541,231,43,11,Tourism & Hospitality,Alexandria / Gamal Abd El Nasir St,100,12000,120,0,0,1.25,10,TRUE
2542,232,43,1,Financial Services,Alexandria / Gamal Abd El Nasir St,100,25000,250,0,0,0.98,9.93,TRUE
2543,232,43,2,Food & Beverage,Alexandria / Gamal Abd El Nasir St,100,25000,250,0,0,0.98,9.93,TRUE
2544,232,43,3,Food & Beverage,Alexandria / Gamal Abd El Nasir St,100,25000,250,0,0,0.98,9.93,TRUE
2545,232,43,4,Food & Beverage,Alexandria / Gamal Abd El Nasir St,100,25000,250,0,0,0.98,9.93,TRUE
2546,232,43,5,Food & Beverage,Alexandria / Gamal Abd El Nasir St,100,25000,250,0,0,0.98,9.93,TRUE
2547,232,43,6,Health & Fitness,Alexandria / Gamal Abd El Nasir St,100,25000,250,0,0,0.98,9.93,TRUE
2548,232,43,7,Healthcare,Alexandria / Gamal Abd El Nasir St,100,25000,250,5,5,0.98,7.63,TRUE
2549,232,43,8,Healthcare,Alexandria / Gamal Abd El Nasir St,100,25000,250,5,5,0.98,7.63,TRUE
2550,232,43,9,Retail,Alexandria / Gamal Abd El Nasir St,100,25000,250,0,0,0.98,9.93,TRUE
2551,232,43,10,Retail,Alexandria / Gamal Abd El Nasir St,100,25000,250,0,0,0.98,9.93,TRUE
2552,232,43,11,Tourism & Hospitality,Alexandria / Gamal Abd El Nasir St,100,25000,250,0,0,0.98,9.93,TRUE
2553,233,43,1,Financial Services,Alexandria / Gamal Abd El Nasir St,120,13000,108.33,0,0,1.28,10,TRUE
2554,233,43,2,Food & Beverage,Alexandria / Gamal Abd El Nasir St,120,13000,108.33,0,0,1.28,10,TRUE
2555,233,43,3,Food & Beverage,Alexandria / Gamal Abd El Nasir St,120,13000,108.33,0,0,1.28,10,TRUE
2556,233,43,4,Food & Beverage,Alexandria / Gamal Abd El Nasir St,120,13000,108.33,0,0,1.28,10,TRUE
2557,233,43,5,Food & Beverage,Alexandria / Gamal Abd El Nasir St,120,13000,108.33,0,0,1.28,10,TRUE
2558,233,43,6,Health & Fitness,Alexandria / Gamal Abd El Nasir St,120,13000,108.33,0,0,1.28,10,TRUE
2559,233,43,7,Healthcare,Alexandria / Gamal Abd El Nasir St,120,13000,108.33,5,5,1.28,7.7,TRUE
2560,233,43,8,Healthcare,Alexandria / Gamal Abd El Nasir St,120,13000,108.33,5,5,1.28,7.7,TRUE
2561,233,43,9,Retail,Alexandria / Gamal Abd El Nasir St,120,13000,108.33,0,0,1.28,10,TRUE
2562,233,43,10,Retail,Alexandria / Gamal Abd El Nasir St,120,13000,108.33,0,0,1.28,10,TRUE
2563,233,43,11,Tourism & Hospitality,Alexandria / Gamal Abd El Nasir St,120,13000,108.33,0,0,1.28,10,TRUE
2564,234,43,1,Financial Services,Alexandria / Gamal Abd El Nasir St,110,25000,227.27,0,0,1.03,10,TRUE
2565,234,43,2,Food & Beverage,Alexandria / Gamal Abd El Nasir St,110,25000,227.27,0,0,1.03,10,TRUE
2566,234,43,3,Food & Beverage,Alexandria / Gamal Abd El Nasir St,110,25000,227.27,0,0,1.03,10,TRUE
2567,234,43,4,Food & Beverage,Alexandria / Gamal Abd El Nasir St,110,25000,227.27,0,0,1.03,10,TRUE
2568,234,43,5,Food & Beverage,Alexandria / Gamal Abd El Nasir St,110,25000,227.27,0,0,1.03,10,TRUE
2569,234,43,6,Health & Fitness,Alexandria / Gamal Abd El Nasir St,110,25000,227.27,0,0,1.03,10,TRUE
2570,234,43,7,Healthcare,Alexandria / Gamal Abd El Nasir St,110,25000,227.27,5,5,1.03,7.7,TRUE
2571,234,43,8,Healthcare,Alexandria / Gamal Abd El Nasir St,110,25000,227.27,5,5,1.03,7.7,TRUE
2572,234,43,9,Retail,Alexandria / Gamal Abd El Nasir St,110,25000,227.27,0,0,1.03,10,TRUE
2573,234,43,10,Retail,Alexandria / Gamal Abd El Nasir St,110,25000,227.27,0,0,1.03,10,TRUE
2574,234,43,11,Tourism & Hospitality,Alexandria / Gamal Abd El Nasir St,110,25000,227.27,0,0,1.03,10,TRUE
2575,235,43,1,Financial Services,Alexandria / Gamal Abd El Nasir St,100,13000,130,0,0,1.23,10,TRUE
2576,235,43,2,Food & Beverage,Alexandria / Gamal Abd El Nasir St,100,13000,130,0,0,1.23,10,TRUE
2577,235,43,3,Food & Beverage,Alexandria / Gamal Abd El Nasir St,100,13000,130,0,0,1.23,10,TRUE
2578,235,43,4,Food & Beverage,Alexandria / Gamal Abd El Nasir St,100,13000,130,0,0,1.23,10,TRUE
2579,235,43,5,Food & Beverage,Alexandria / Gamal Abd El Nasir St,100,13000,130,0,0,1.23,10,TRUE
2580,235,43,6,Health & Fitness,Alexandria / Gamal Abd El Nasir St,100,13000,130,0,0,1.23,10,TRUE
2581,235,43,7,Healthcare,Alexandria / Gamal Abd El Nasir St,100,13000,130,5,5,1.23,7.7,TRUE
2582,235,43,8,Healthcare,Alexandria / Gamal Abd El Nasir St,100,13000,130,5,5,1.23,7.7,TRUE
2583,235,43,9,Retail,Alexandria / Gamal Abd El Nasir St,100,13000,130,0,0,1.23,10,TRUE
2584,235,43,10,Retail,Alexandria / Gamal Abd El Nasir St,100,13000,130,0,0,1.23,10,TRUE
2585,235,43,11,Tourism & Hospitality,Alexandria / Gamal Abd El Nasir St,100,13000,130,0,0,1.23,10,TRUE
2586,236,43,1,Financial Services,Alexandria / Gamal Abd El Nasir St,90,10000,111.11,0,0,1.27,10,TRUE
2587,236,43,2,Food & Beverage,Alexandria / Gamal Abd El Nasir St,90,10000,111.11,0,0,1.27,10,TRUE
2588,236,43,3,Food & Beverage,Alexandria / Gamal Abd El Nasir St,90,10000,111.11,0,0,1.27,10,TRUE
2589,236,43,4,Food & Beverage,Alexandria / Gamal Abd El Nasir St,90,10000,111.11,0,0,1.27,10,TRUE
2590,236,43,5,Food & Beverage,Alexandria / Gamal Abd El Nasir St,90,10000,111.11,0,0,1.27,10,TRUE
2591,236,43,6,Health & Fitness,Alexandria / Gamal Abd El Nasir St,90,10000,111.11,0,0,1.27,10,TRUE
2592,236,43,7,Healthcare,Alexandria / Gamal Abd El Nasir St,90,10000,111.11,5,5,1.27,7.7,TRUE
2593,236,43,8,Healthcare,Alexandria / Gamal Abd El Nasir St,90,10000,111.11,5,5,1.27,7.7,TRUE
2594,236,43,9,Retail,Alexandria / Gamal Abd El Nasir St,90,10000,111.11,0,0,1.27,10,TRUE
2595,236,43,10,Retail,Alexandria / Gamal Abd El Nasir St,90,10000,111.11,0,0,1.27,10,TRUE
2596,236,43,11,Tourism & Hospitality,Alexandria / Gamal Abd El Nasir St,90,10000,111.11,0,0,1.27,10,TRUE
2597,237,43,1,Financial Services,Alexandria / Gamal Abd El Nasir St,135,15000,111.11,0,0,1.27,10,TRUE
2598,237,43,2,Food & Beverage,Alexandria / Gamal Abd El Nasir St,135,15000,111.11,0,0,1.27,10,TRUE
2599,237,43,3,Food & Beverage,Alexandria / Gamal Abd El Nasir St,135,15000,111.11,0,0,1.27,10,TRUE
2600,237,43,4,Food & Beverage,Alexandria / Gamal Abd El Nasir St,135,15000,111.11,0,0,1.27,10,TRUE
2601,237,43,5,Food & Beverage,Alexandria / Gamal Abd El Nasir St,135,15000,111.11,0,0,1.27,10,TRUE
2602,237,43,6,Health & Fitness,Alexandria / Gamal Abd El Nasir St,135,15000,111.11,0,0,1.27,10,TRUE
2603,237,43,7,Healthcare,Alexandria / Gamal Abd El Nasir St,135,15000,111.11,5,5,1.27,7.7,TRUE
2604,237,43,8,Healthcare,Alexandria / Gamal Abd El Nasir St,135,15000,111.11,5,5,1.27,7.7,TRUE
2605,237,43,9,Retail,Alexandria / Gamal Abd El Nasir St,135,15000,111.11,0,0,1.27,10,TRUE
2606,237,43,10,Retail,Alexandria / Gamal Abd El Nasir St,135,15000,111.11,0,0,1.27,10,TRUE
2607,237,43,11,Tourism & Hospitality,Alexandria / Gamal Abd El Nasir St,135,15000,111.11,0,0,1.27,10,TRUE
2608,238,43,1,Financial Services,Alexandria / Gamal Abd El Nasir St,180,35000,194.44,0,0,1.1,10,TRUE
2609,238,43,2,Food & Beverage,Alexandria / Gamal Abd El Nasir St,180,35000,194.44,0,0,1.1,10,TRUE
2610,238,43,3,Food & Beverage,Alexandria / Gamal Abd El Nasir St,180,35000,194.44,0,0,1.1,10,TRUE
2611,238,43,4,Food & Beverage,Alexandria / Gamal Abd El Nasir St,180,35000,194.44,0,0,1.1,10,TRUE
2612,238,43,5,Food & Beverage,Alexandria / Gamal Abd El Nasir St,180,35000,194.44,0,0,1.1,10,TRUE
2613,238,43,6,Health & Fitness,Alexandria / Gamal Abd El Nasir St,180,35000,194.44,0,0,1.1,10,TRUE
2614,238,43,7,Healthcare,Alexandria / Gamal Abd El Nasir St,180,35000,194.44,5,5,1.1,7.7,TRUE
2615,238,43,8,Healthcare,Alexandria / Gamal Abd El Nasir St,180,35000,194.44,5,5,1.1,7.7,TRUE
2616,238,43,9,Retail,Alexandria / Gamal Abd El Nasir St,180,35000,194.44,0,0,1.1,10,TRUE
2617,238,43,10,Retail,Alexandria / Gamal Abd El Nasir St,180,35000,194.44,0,0,1.1,10,TRUE
2618,238,43,11,Tourism & Hospitality,Alexandria / Gamal Abd El Nasir St,180,35000,194.44,0,0,1.1,10,TRUE
2619,239,43,1,Financial Services,Alexandria / Gamal Abd El Nasir St,50,10000,200,0,0,1.09,10,TRUE
2620,239,43,2,Food & Beverage,Alexandria / Gamal Abd El Nasir St,50,10000,200,0,0,1.09,10,TRUE
2621,239,43,3,Food & Beverage,Alexandria / Gamal Abd El Nasir St,50,10000,200,0,0,1.09,10,TRUE
2622,239,43,4,Food & Beverage,Alexandria / Gamal Abd El Nasir St,50,10000,200,0,0,1.09,10,TRUE
2623,239,43,5,Food & Beverage,Alexandria / Gamal Abd El Nasir St,50,10000,200,0,0,1.09,10,TRUE
2624,239,43,6,Health & Fitness,Alexandria / Gamal Abd El Nasir St,50,10000,200,0,0,1.09,10,TRUE
2625,239,43,7,Healthcare,Alexandria / Gamal Abd El Nasir St,50,10000,200,5,5,1.09,7.7,TRUE
2626,239,43,8,Healthcare,Alexandria / Gamal Abd El Nasir St,50,10000,200,5,5,1.09,7.7,TRUE
2627,239,43,9,Retail,Alexandria / Gamal Abd El Nasir St,50,10000,200,0,0,1.09,10,TRUE
2628,239,43,10,Retail,Alexandria / Gamal Abd El Nasir St,50,10000,200,0,0,1.09,10,TRUE
2629,239,43,11,Tourism & Hospitality,Alexandria / Gamal Abd El Nasir St,50,10000,200,0,0,1.09,10,TRUE
2630,240,43,1,Financial Services,Alexandria / Gamal Abdel Nasser St.,83,12000,144.58,0,0,1.2,10,TRUE
2631,240,43,2,Food & Beverage,Alexandria / Gamal Abdel Nasser St.,83,12000,144.58,0,0,1.2,10,TRUE
2632,240,43,3,Food & Beverage,Alexandria / Gamal Abdel Nasser St.,83,12000,144.58,0,0,1.2,10,TRUE
2633,240,43,4,Food & Beverage,Alexandria / Gamal Abdel Nasser St.,83,12000,144.58,0,0,1.2,10,TRUE
2634,240,43,5,Food & Beverage,Alexandria / Gamal Abdel Nasser St.,83,12000,144.58,0,0,1.2,10,TRUE
2635,240,43,6,Health & Fitness,Alexandria / Gamal Abdel Nasser St.,83,12000,144.58,0,0,1.2,10,TRUE
2636,240,43,7,Healthcare,Alexandria / Gamal Abdel Nasser St.,83,12000,144.58,5,5,1.2,7.7,TRUE
2637,240,43,8,Healthcare,Alexandria / Gamal Abdel Nasser St.,83,12000,144.58,5,5,1.2,7.7,TRUE
2638,240,43,9,Retail,Alexandria / Gamal Abdel Nasser St.,83,12000,144.58,0,0,1.2,10,TRUE
2639,240,43,10,Retail,Alexandria / Gamal Abdel Nasser St.,83,12000,144.58,0,0,1.2,10,TRUE
2640,240,43,11,Tourism & Hospitality,Alexandria / Gamal Abdel Nasser St.,83,12000,144.58,0,0,1.2,10,TRUE
2641,241,43,1,Financial Services,Alexandria / Gamal Abdel Nasser St.,60,5000,83.33,0,0,1.33,10,TRUE
2642,241,43,2,Food & Beverage,Alexandria / Gamal Abdel Nasser St.,60,5000,83.33,0,0,1.33,10,TRUE
2643,241,43,3,Food & Beverage,Alexandria / Gamal Abdel Nasser St.,60,5000,83.33,0,0,1.33,10,TRUE
2644,241,43,4,Food & Beverage,Alexandria / Gamal Abdel Nasser St.,60,5000,83.33,0,0,1.33,10,TRUE
2645,241,43,5,Food & Beverage,Alexandria / Gamal Abdel Nasser St.,60,5000,83.33,0,0,1.33,10,TRUE
2646,241,43,6,Health & Fitness,Alexandria / Gamal Abdel Nasser St.,60,5000,83.33,0,0,1.33,10,TRUE
2647,241,43,7,Healthcare,Alexandria / Gamal Abdel Nasser St.,60,5000,83.33,5,5,1.33,7.7,TRUE
2648,241,43,8,Healthcare,Alexandria / Gamal Abdel Nasser St.,60,5000,83.33,5,5,1.33,7.7,TRUE
2649,241,43,9,Retail,Alexandria / Gamal Abdel Nasser St.,60,5000,83.33,0,0,1.33,10,TRUE
2650,241,43,10,Retail,Alexandria / Gamal Abdel Nasser St.,60,5000,83.33,0,0,1.33,10,TRUE
2651,241,43,11,Tourism & Hospitality,Alexandria / Gamal Abdel Nasser St.,60,5000,83.33,0,0,1.33,10,TRUE
2652,242,43,1,Financial Services,Alexandria / Gamal Abdel Nasser St.,150,17000,113.33,0,0,1.27,10,TRUE
2653,242,43,2,Food & Beverage,Alexandria / Gamal Abdel Nasser St.,150,17000,113.33,0,0,1.27,10,TRUE
2654,242,43,3,Food & Beverage,Alexandria / Gamal Abdel Nasser St.,150,17000,113.33,0,0,1.27,10,TRUE
2655,242,43,4,Food & Beverage,Alexandria / Gamal Abdel Nasser St.,150,17000,113.33,0,0,1.27,10,TRUE
2656,242,43,5,Food & Beverage,Alexandria / Gamal Abdel Nasser St.,150,17000,113.33,0,0,1.27,10,TRUE
2657,242,43,6,Health & Fitness,Alexandria / Gamal Abdel Nasser St.,150,17000,113.33,0,0,1.27,10,TRUE
2658,242,43,7,Healthcare,Alexandria / Gamal Abdel Nasser St.,150,17000,113.33,5,5,1.27,7.7,TRUE
2659,242,43,8,Healthcare,Alexandria / Gamal Abdel Nasser St.,150,17000,113.33,5,5,1.27,7.7,TRUE
2660,242,43,9,Retail,Alexandria / Gamal Abdel Nasser St.,150,17000,113.33,0,0,1.27,10,TRUE
2661,242,43,10,Retail,Alexandria / Gamal Abdel Nasser St.,150,17000,113.33,0,0,1.27,10,TRUE
2662,242,43,11,Tourism & Hospitality,Alexandria / Gamal Abdel Nasser St.,150,17000,113.33,0,0,1.27,10,TRUE
2663,243,43,1,Financial Services,Alexandria / Gamal Abdel Nasser St.,200,39000,195,0,0,1.1,10,TRUE
2664,243,43,2,Food & Beverage,Alexandria / Gamal Abdel Nasser St.,200,39000,195,0,0,1.1,10,TRUE
2665,243,43,3,Food & Beverage,Alexandria / Gamal Abdel Nasser St.,200,39000,195,0,0,1.1,10,TRUE
2666,243,43,4,Food & Beverage,Alexandria / Gamal Abdel Nasser St.,200,39000,195,0,0,1.1,10,TRUE
2667,243,43,5,Food & Beverage,Alexandria / Gamal Abdel Nasser St.,200,39000,195,0,0,1.1,10,TRUE
2668,243,43,6,Health & Fitness,Alexandria / Gamal Abdel Nasser St.,200,39000,195,0,0,1.1,10,TRUE
2669,243,43,7,Healthcare,Alexandria / Gamal Abdel Nasser St.,200,39000,195,5,5,1.1,7.7,TRUE
2670,243,43,8,Healthcare,Alexandria / Gamal Abdel Nasser St.,200,39000,195,5,5,1.1,7.7,TRUE
2671,243,43,9,Retail,Alexandria / Gamal Abdel Nasser St.,200,39000,195,0,0,1.1,10,TRUE
2672,243,43,10,Retail,Alexandria / Gamal Abdel Nasser St.,200,39000,195,0,0,1.1,10,TRUE
2673,243,43,11,Tourism & Hospitality,Alexandria / Gamal Abdel Nasser St.,200,39000,195,0,0,1.1,10,TRUE
2674,244,43,1,Financial Services,Alexandria / Gamal Abdel Nasser St.,150,6000,40,0,0,1.42,10,TRUE
2675,244,43,2,Food & Beverage,Alexandria / Gamal Abdel Nasser St.,150,6000,40,0,0,1.42,10,TRUE
2676,244,43,3,Food & Beverage,Alexandria / Gamal Abdel Nasser St.,150,6000,40,0,0,1.42,10,TRUE
2677,244,43,4,Food & Beverage,Alexandria / Gamal Abdel Nasser St.,150,6000,40,0,0,1.42,10,TRUE
2678,244,43,5,Food & Beverage,Alexandria / Gamal Abdel Nasser St.,150,6000,40,0,0,1.42,10,TRUE
2679,244,43,6,Health & Fitness,Alexandria / Gamal Abdel Nasser St.,150,6000,40,0,0,1.42,10,TRUE
2680,244,43,7,Healthcare,Alexandria / Gamal Abdel Nasser St.,150,6000,40,5,5,1.42,7.7,TRUE
2681,244,43,8,Healthcare,Alexandria / Gamal Abdel Nasser St.,150,6000,40,5,5,1.42,7.7,TRUE
2682,244,43,9,Retail,Alexandria / Gamal Abdel Nasser St.,150,6000,40,0,0,1.42,10,TRUE
2683,244,43,10,Retail,Alexandria / Gamal Abdel Nasser St.,150,6000,40,0,0,1.42,10,TRUE
2684,244,43,11,Tourism & Hospitality,Alexandria / Gamal Abdel Nasser St.,150,6000,40,0,0,1.42,10,TRUE
2685,245,43,1,Financial Services,Alexandria / Gamal Abdel Nasser St.,240,100000,416.67,0,0,0.64,8.55,TRUE
2686,245,43,2,Food & Beverage,Alexandria / Gamal Abdel Nasser St.,240,100000,416.67,0,0,0.64,8.55,TRUE
2687,245,43,3,Food & Beverage,Alexandria / Gamal Abdel Nasser St.,240,100000,416.67,0,0,0.64,8.55,TRUE
2688,245,43,4,Food & Beverage,Alexandria / Gamal Abdel Nasser St.,240,100000,416.67,0,0,0.64,8.55,TRUE
2689,245,43,5,Food & Beverage,Alexandria / Gamal Abdel Nasser St.,240,100000,416.67,0,0,0.64,8.55,TRUE
2690,245,43,6,Health & Fitness,Alexandria / Gamal Abdel Nasser St.,240,100000,416.67,0,0,0.64,8.55,TRUE
2691,245,43,7,Healthcare,Alexandria / Gamal Abdel Nasser St.,240,100000,416.67,5,5,0.64,6.25,TRUE
2692,245,43,8,Healthcare,Alexandria / Gamal Abdel Nasser St.,240,100000,416.67,5,5,0.64,6.25,TRUE
2693,245,43,9,Retail,Alexandria / Gamal Abdel Nasser St.,240,100000,416.67,0,0,0.64,8.55,TRUE
2694,245,43,10,Retail,Alexandria / Gamal Abdel Nasser St.,240,100000,416.67,0,0,0.64,8.55,TRUE
2695,245,43,11,Tourism & Hospitality,Alexandria / Gamal Abdel Nasser St.,240,100000,416.67,0,0,0.64,8.55,TRUE
2696,246,43,1,Financial Services,Alexandria / Gamal Abdel Nasser St.,60,25000,416.67,0,0,0.64,8.55,TRUE
2697,246,43,2,Food & Beverage,Alexandria / Gamal Abdel Nasser St.,60,25000,416.67,0,0,0.64,8.55,TRUE
2698,246,43,3,Food & Beverage,Alexandria / Gamal Abdel Nasser St.,60,25000,416.67,0,0,0.64,8.55,TRUE
2699,246,43,4,Food & Beverage,Alexandria / Gamal Abdel Nasser St.,60,25000,416.67,0,0,0.64,8.55,TRUE
2700,246,43,5,Food & Beverage,Alexandria / Gamal Abdel Nasser St.,60,25000,416.67,0,0,0.64,8.55,TRUE
2701,246,43,6,Health & Fitness,Alexandria / Gamal Abdel Nasser St.,60,25000,416.67,0,0,0.64,8.55,TRUE
2702,246,43,7,Healthcare,Alexandria / Gamal Abdel Nasser St.,60,25000,416.67,5,5,0.64,6.25,TRUE
2703,246,43,8,Healthcare,Alexandria / Gamal Abdel Nasser St.,60,25000,416.67,5,5,0.64,6.25,TRUE
2704,246,43,9,Retail,Alexandria / Gamal Abdel Nasser St.,60,25000,416.67,0,0,0.64,8.55,TRUE
2705,246,43,10,Retail,Alexandria / Gamal Abdel Nasser St.,60,25000,416.67,0,0,0.64,8.55,TRUE
2706,246,43,11,Tourism & Hospitality,Alexandria / Gamal Abdel Nasser St.,60,25000,416.67,0,0,0.64,8.55,TRUE
2707,247,43,1,Financial Services,Alexandria / Gamal Abdel Nasser St.,240,70000,291.67,0,0,0.9,9.58,TRUE
2708,247,43,2,Food & Beverage,Alexandria / Gamal Abdel Nasser St.,240,70000,291.67,0,0,0.9,9.58,TRUE
2709,247,43,3,Food & Beverage,Alexandria / Gamal Abdel Nasser St.,240,70000,291.67,0,0,0.9,9.58,TRUE
2710,247,43,4,Food & Beverage,Alexandria / Gamal Abdel Nasser St.,240,70000,291.67,0,0,0.9,9.58,TRUE
2711,247,43,5,Food & Beverage,Alexandria / Gamal Abdel Nasser St.,240,70000,291.67,0,0,0.9,9.58,TRUE
2712,247,43,6,Health & Fitness,Alexandria / Gamal Abdel Nasser St.,240,70000,291.67,0,0,0.9,9.58,TRUE
2713,247,43,7,Healthcare,Alexandria / Gamal Abdel Nasser St.,240,70000,291.67,5,5,0.9,7.28,TRUE
2714,247,43,8,Healthcare,Alexandria / Gamal Abdel Nasser St.,240,70000,291.67,5,5,0.9,7.28,TRUE
2715,247,43,9,Retail,Alexandria / Gamal Abdel Nasser St.,240,70000,291.67,0,0,0.9,9.58,TRUE
2716,247,43,10,Retail,Alexandria / Gamal Abdel Nasser St.,240,70000,291.67,0,0,0.9,9.58,TRUE
2717,247,43,11,Tourism & Hospitality,Alexandria / Gamal Abdel Nasser St.,240,70000,291.67,0,0,0.9,9.58,TRUE
2718,248,43,1,Financial Services,Alexandria / Gamal Abdel Nasser St.,80,12000,150,0,0,1.19,10,TRUE
2719,248,43,2,Food & Beverage,Alexandria / Gamal Abdel Nasser St.,80,12000,150,0,0,1.19,10,TRUE
2720,248,43,3,Food & Beverage,Alexandria / Gamal Abdel Nasser St.,80,12000,150,0,0,1.19,10,TRUE
2721,248,43,4,Food & Beverage,Alexandria / Gamal Abdel Nasser St.,80,12000,150,0,0,1.19,10,TRUE
2722,248,43,5,Food & Beverage,Alexandria / Gamal Abdel Nasser St.,80,12000,150,0,0,1.19,10,TRUE
2723,248,43,6,Health & Fitness,Alexandria / Gamal Abdel Nasser St.,80,12000,150,0,0,1.19,10,TRUE
2724,248,43,7,Healthcare,Alexandria / Gamal Abdel Nasser St.,80,12000,150,5,5,1.19,7.7,TRUE
2725,248,43,8,Healthcare,Alexandria / Gamal Abdel Nasser St.,80,12000,150,5,5,1.19,7.7,TRUE
2726,248,43,9,Retail,Alexandria / Gamal Abdel Nasser St.,80,12000,150,0,0,1.19,10,TRUE
2727,248,43,10,Retail,Alexandria / Gamal Abdel Nasser St.,80,12000,150,0,0,1.19,10,TRUE
2728,248,43,11,Tourism & Hospitality,Alexandria / Gamal Abdel Nasser St.,80,12000,150,0,0,1.19,10,TRUE
2729,249,43,1,Financial Services,Alexandria / Gamal Abdel Nasser St.,120,15000,125,0,0,1.24,10,TRUE
2730,249,43,2,Food & Beverage,Alexandria / Gamal Abdel Nasser St.,120,15000,125,0,0,1.24,10,TRUE
2731,249,43,3,Food & Beverage,Alexandria / Gamal Abdel Nasser St.,120,15000,125,0,0,1.24,10,TRUE
2732,249,43,4,Food & Beverage,Alexandria / Gamal Abdel Nasser St.,120,15000,125,0,0,1.24,10,TRUE
2733,249,43,5,Food & Beverage,Alexandria / Gamal Abdel Nasser St.,120,15000,125,0,0,1.24,10,TRUE
2734,249,43,6,Health & Fitness,Alexandria / Gamal Abdel Nasser St.,120,15000,125,0,0,1.24,10,TRUE
2735,249,43,7,Healthcare,Alexandria / Gamal Abdel Nasser St.,120,15000,125,5,5,1.24,7.7,TRUE
2736,249,43,8,Healthcare,Alexandria / Gamal Abdel Nasser St.,120,15000,125,5,5,1.24,7.7,TRUE
2737,249,43,9,Retail,Alexandria / Gamal Abdel Nasser St.,120,15000,125,0,0,1.24,10,TRUE
2738,249,43,10,Retail,Alexandria / Gamal Abdel Nasser St.,120,15000,125,0,0,1.24,10,TRUE
2739,249,43,11,Tourism & Hospitality,Alexandria / Gamal Abdel Nasser St.,120,15000,125,0,0,1.24,10,TRUE
2740,250,43,1,Financial Services,Alexandria / Gamal Abdel Nasser St.,120,10000,83.33,0,0,1.33,10,TRUE
2741,250,43,2,Food & Beverage,Alexandria / Gamal Abdel Nasser St.,120,10000,83.33,0,0,1.33,10,TRUE
2742,250,43,3,Food & Beverage,Alexandria / Gamal Abdel Nasser St.,120,10000,83.33,0,0,1.33,10,TRUE
2743,250,43,4,Food & Beverage,Alexandria / Gamal Abdel Nasser St.,120,10000,83.33,0,0,1.33,10,TRUE
2744,250,43,5,Food & Beverage,Alexandria / Gamal Abdel Nasser St.,120,10000,83.33,0,0,1.33,10,TRUE
2745,250,43,6,Health & Fitness,Alexandria / Gamal Abdel Nasser St.,120,10000,83.33,0,0,1.33,10,TRUE
2746,250,43,7,Healthcare,Alexandria / Gamal Abdel Nasser St.,120,10000,83.33,5,5,1.33,7.7,TRUE
2747,250,43,8,Healthcare,Alexandria / Gamal Abdel Nasser St.,120,10000,83.33,5,5,1.33,7.7,TRUE
2748,250,43,9,Retail,Alexandria / Gamal Abdel Nasser St.,120,10000,83.33,0,0,1.33,10,TRUE
2749,250,43,10,Retail,Alexandria / Gamal Abdel Nasser St.,120,10000,83.33,0,0,1.33,10,TRUE
2750,250,43,11,Tourism & Hospitality,Alexandria / Gamal Abdel Nasser St.,120,10000,83.33,0,0,1.33,10,TRUE
2751,251,43,1,Financial Services,Alexandria / Gamal Abdel Nasser St.,120,12000,100,0,0,1.29,10,TRUE
2752,251,43,2,Food & Beverage,Alexandria / Gamal Abdel Nasser St.,120,12000,100,0,0,1.29,10,TRUE
2753,251,43,3,Food & Beverage,Alexandria / Gamal Abdel Nasser St.,120,12000,100,0,0,1.29,10,TRUE
2754,251,43,4,Food & Beverage,Alexandria / Gamal Abdel Nasser St.,120,12000,100,0,0,1.29,10,TRUE
2755,251,43,5,Food & Beverage,Alexandria / Gamal Abdel Nasser St.,120,12000,100,0,0,1.29,10,TRUE
2756,251,43,6,Health & Fitness,Alexandria / Gamal Abdel Nasser St.,120,12000,100,0,0,1.29,10,TRUE
2757,251,43,7,Healthcare,Alexandria / Gamal Abdel Nasser St.,120,12000,100,5,5,1.29,7.7,TRUE
2758,251,43,8,Healthcare,Alexandria / Gamal Abdel Nasser St.,120,12000,100,5,5,1.29,7.7,TRUE
2759,251,43,9,Retail,Alexandria / Gamal Abdel Nasser St.,120,12000,100,0,0,1.29,10,TRUE
2760,251,43,10,Retail,Alexandria / Gamal Abdel Nasser St.,120,12000,100,0,0,1.29,10,TRUE
2761,251,43,11,Tourism & Hospitality,Alexandria / Gamal Abdel Nasser St.,120,12000,100,0,0,1.29,10,TRUE
2762,252,43,1,Financial Services,Alexandria / Gamal Abdel Nasser St.,250,85000,340,0,0,0.8,9.18,TRUE
2763,252,43,2,Food & Beverage,Alexandria / Gamal Abdel Nasser St.,250,85000,340,0,0,0.8,9.18,TRUE
2764,252,43,3,Food & Beverage,Alexandria / Gamal Abdel Nasser St.,250,85000,340,0,0,0.8,9.18,TRUE
2765,252,43,4,Food & Beverage,Alexandria / Gamal Abdel Nasser St.,250,85000,340,0,0,0.8,9.18,TRUE
2766,252,43,5,Food & Beverage,Alexandria / Gamal Abdel Nasser St.,250,85000,340,0,0,0.8,9.18,TRUE
2767,252,43,6,Health & Fitness,Alexandria / Gamal Abdel Nasser St.,250,85000,340,0,0,0.8,9.18,TRUE
2768,252,43,7,Healthcare,Alexandria / Gamal Abdel Nasser St.,250,85000,340,5,5,0.8,6.88,TRUE
2769,252,43,8,Healthcare,Alexandria / Gamal Abdel Nasser St.,250,85000,340,5,5,0.8,6.88,TRUE
2770,252,43,9,Retail,Alexandria / Gamal Abdel Nasser St.,250,85000,340,0,0,0.8,9.18,TRUE
2771,252,43,10,Retail,Alexandria / Gamal Abdel Nasser St.,250,85000,340,0,0,0.8,9.18,TRUE
2772,252,43,11,Tourism & Hospitality,Alexandria / Gamal Abdel Nasser St.,250,85000,340,0,0,0.8,9.18,TRUE
2773,253,43,1,Financial Services,Alexandria / Gamal Abdel Nasser St.,55,30000,545.45,0,0,0.37,7.48,TRUE
2774,253,43,2,Food & Beverage,Alexandria / Gamal Abdel Nasser St.,55,30000,545.45,0,0,0.37,7.48,TRUE
2775,253,43,3,Food & Beverage,Alexandria / Gamal Abdel Nasser St.,55,30000,545.45,0,0,0.37,7.48,TRUE
2776,253,43,4,Food & Beverage,Alexandria / Gamal Abdel Nasser St.,55,30000,545.45,0,0,0.37,7.48,TRUE
2777,253,43,5,Food & Beverage,Alexandria / Gamal Abdel Nasser St.,55,30000,545.45,0,0,0.37,7.48,TRUE
2778,253,43,6,Health & Fitness,Alexandria / Gamal Abdel Nasser St.,55,30000,545.45,0,0,0.37,7.48,TRUE
2779,253,43,7,Healthcare,Alexandria / Gamal Abdel Nasser St.,55,30000,545.45,5,5,0.37,5.18,FALSE
2780,253,43,8,Healthcare,Alexandria / Gamal Abdel Nasser St.,55,30000,545.45,5,5,0.37,5.18,FALSE
2781,253,43,9,Retail,Alexandria / Gamal Abdel Nasser St.,55,30000,545.45,0,0,0.37,7.48,TRUE
2782,253,43,10,Retail,Alexandria / Gamal Abdel Nasser St.,55,30000,545.45,0,0,0.37,7.48,TRUE
2783,253,43,11,Tourism & Hospitality,Alexandria / Gamal Abdel Nasser St.,55,30000,545.45,0,0,0.37,7.48,TRUE
2784,254,43,1,Financial Services,Alexandria / Gamal Abdel Nasser St.,60,12000,200,0,0,1.09,10,TRUE
2785,254,43,2,Food & Beverage,Alexandria / Gamal Abdel Nasser St.,60,12000,200,0,0,1.09,10,TRUE
2786,254,43,3,Food & Beverage,Alexandria / Gamal Abdel Nasser St.,60,12000,200,0,0,1.09,10,TRUE
2787,254,43,4,Food & Beverage,Alexandria / Gamal Abdel Nasser St.,60,12000,200,0,0,1.09,10,TRUE
2788,254,43,5,Food & Beverage,Alexandria / Gamal Abdel Nasser St.,60,12000,200,0,0,1.09,10,TRUE
2789,254,43,6,Health & Fitness,Alexandria / Gamal Abdel Nasser St.,60,12000,200,0,0,1.09,10,TRUE
2790,254,43,7,Healthcare,Alexandria / Gamal Abdel Nasser St.,60,12000,200,5,5,1.09,7.7,TRUE
2791,254,43,8,Healthcare,Alexandria / Gamal Abdel Nasser St.,60,12000,200,5,5,1.09,7.7,TRUE
2792,254,43,9,Retail,Alexandria / Gamal Abdel Nasser St.,60,12000,200,0,0,1.09,10,TRUE
2793,254,43,10,Retail,Alexandria / Gamal Abdel Nasser St.,60,12000,200,0,0,1.09,10,TRUE
2794,254,43,11,Tourism & Hospitality,Alexandria / Gamal Abdel Nasser St.,60,12000,200,0,0,1.09,10,TRUE
2795,255,43,1,Financial Services,Alexandria / Gamal Abdel Nasser St.,100,10000,100,0,0,1.29,10,TRUE
2796,255,43,2,Food & Beverage,Alexandria / Gamal Abdel Nasser St.,100,10000,100,0,0,1.29,10,TRUE
2797,255,43,3,Food & Beverage,Alexandria / Gamal Abdel Nasser St.,100,10000,100,0,0,1.29,10,TRUE
2798,255,43,4,Food & Beverage,Alexandria / Gamal Abdel Nasser St.,100,10000,100,0,0,1.29,10,TRUE
2799,255,43,5,Food & Beverage,Alexandria / Gamal Abdel Nasser St.,100,10000,100,0,0,1.29,10,TRUE
2800,255,43,6,Health & Fitness,Alexandria / Gamal Abdel Nasser St.,100,10000,100,0,0,1.29,10,TRUE
2801,255,43,7,Healthcare,Alexandria / Gamal Abdel Nasser St.,100,10000,100,5,5,1.29,7.7,TRUE
2802,255,43,8,Healthcare,Alexandria / Gamal Abdel Nasser St.,100,10000,100,5,5,1.29,7.7,TRUE
2803,255,43,9,Retail,Alexandria / Gamal Abdel Nasser St.,100,10000,100,0,0,1.29,10,TRUE
2804,255,43,10,Retail,Alexandria / Gamal Abdel Nasser St.,100,10000,100,0,0,1.29,10,TRUE
2805,255,43,11,Tourism & Hospitality,Alexandria / Gamal Abdel Nasser St.,100,10000,100,0,0,1.29,10,TRUE
2806,256,43,1,Financial Services,Alexandria / Gamal Abdel Nasser St.,240,90000,375,0,0,0.72,8.89,TRUE
2807,256,43,2,Food & Beverage,Alexandria / Gamal Abdel Nasser St.,240,90000,375,0,0,0.72,8.89,TRUE
2808,256,43,3,Food & Beverage,Alexandria / Gamal Abdel Nasser St.,240,90000,375,0,0,0.72,8.89,TRUE
2809,256,43,4,Food & Beverage,Alexandria / Gamal Abdel Nasser St.,240,90000,375,0,0,0.72,8.89,TRUE
2810,256,43,5,Food & Beverage,Alexandria / Gamal Abdel Nasser St.,240,90000,375,0,0,0.72,8.89,TRUE
2811,256,43,6,Health & Fitness,Alexandria / Gamal Abdel Nasser St.,240,90000,375,0,0,0.72,8.89,TRUE
2812,256,43,7,Healthcare,Alexandria / Gamal Abdel Nasser St.,240,90000,375,5,5,0.72,6.59,TRUE
2813,256,43,8,Healthcare,Alexandria / Gamal Abdel Nasser St.,240,90000,375,5,5,0.72,6.59,TRUE
2814,256,43,9,Retail,Alexandria / Gamal Abdel Nasser St.,240,90000,375,0,0,0.72,8.89,TRUE
2815,256,43,10,Retail,Alexandria / Gamal Abdel Nasser St.,240,90000,375,0,0,0.72,8.89,TRUE
2816,256,43,11,Tourism & Hospitality,Alexandria / Gamal Abdel Nasser St.,240,90000,375,0,0,0.72,8.89,TRUE
2817,257,46,1,Financial Services,Alexandria / Khaled Ibn El Waleed St.,90,14000,155.56,0,2,1.21,10,TRUE
2818,257,46,2,Food & Beverage,Alexandria / Khaled Ibn El Waleed St.,90,14000,155.56,0,2,1.21,10,TRUE
2819,257,46,3,Food & Beverage,Alexandria / Khaled Ibn El Waleed St.,90,14000,155.56,0,2,1.21,10,TRUE
2820,257,46,4,Food & Beverage,Alexandria / Khaled Ibn El Waleed St.,90,14000,155.56,0,2,1.21,10,TRUE
2821,257,46,5,Food & Beverage,Alexandria / Khaled Ibn El Waleed St.,90,14000,155.56,0,2,1.21,10,TRUE
2822,257,46,6,Health & Fitness,Alexandria / Khaled Ibn El Waleed St.,90,14000,155.56,1,2,1.21,9.7,TRUE
2823,257,46,7,Healthcare,Alexandria / Khaled Ibn El Waleed St.,90,14000,155.56,8,15,1.21,5.47,FALSE
2824,257,46,8,Healthcare,Alexandria / Khaled Ibn El Waleed St.,90,14000,155.56,8,15,1.21,5.47,FALSE
2825,257,46,9,Retail,Alexandria / Khaled Ibn El Waleed St.,90,14000,155.56,0,0,1.21,10,TRUE
2826,257,46,10,Retail,Alexandria / Khaled Ibn El Waleed St.,90,14000,155.56,0,0,1.21,10,TRUE
2827,257,46,11,Tourism & Hospitality,Alexandria / Khaled Ibn El Waleed St.,90,14000,155.56,0,1,1.21,10,TRUE
2828,258,46,1,Financial Services,Alexandria / Khaled Ibn El Waleed St.,200,50000,250,0,2,1.03,10,TRUE
2829,258,46,2,Food & Beverage,Alexandria / Khaled Ibn El Waleed St.,200,50000,250,0,2,1.03,10,TRUE
2830,258,46,3,Food & Beverage,Alexandria / Khaled Ibn El Waleed St.,200,50000,250,0,2,1.03,10,TRUE
2831,258,46,4,Food & Beverage,Alexandria / Khaled Ibn El Waleed St.,200,50000,250,0,2,1.03,10,TRUE
2832,258,46,5,Food & Beverage,Alexandria / Khaled Ibn El Waleed St.,200,50000,250,0,2,1.03,10,TRUE
2833,258,46,6,Health & Fitness,Alexandria / Khaled Ibn El Waleed St.,200,50000,250,1,2,1.03,9.7,TRUE
2834,258,46,7,Healthcare,Alexandria / Khaled Ibn El Waleed St.,200,50000,250,8,15,1.03,5.47,FALSE
2835,258,46,8,Healthcare,Alexandria / Khaled Ibn El Waleed St.,200,50000,250,8,15,1.03,5.47,FALSE
2836,258,46,9,Retail,Alexandria / Khaled Ibn El Waleed St.,200,50000,250,0,0,1.03,10,TRUE
2837,258,46,10,Retail,Alexandria / Khaled Ibn El Waleed St.,200,50000,250,0,0,1.03,10,TRUE
2838,258,46,11,Tourism & Hospitality,Alexandria / Khaled Ibn El Waleed St.,200,50000,250,0,1,1.03,10,TRUE
2839,259,46,1,Financial Services,Alexandria / Khaled Ibn El Waleed St.,150,30000,200,0,2,1.12,10,TRUE
2840,259,46,2,Food & Beverage,Alexandria / Khaled Ibn El Waleed St.,150,30000,200,0,2,1.12,10,TRUE
2841,259,46,3,Food & Beverage,Alexandria / Khaled Ibn El Waleed St.,150,30000,200,0,2,1.12,10,TRUE
2842,259,46,4,Food & Beverage,Alexandria / Khaled Ibn El Waleed St.,150,30000,200,0,2,1.12,10,TRUE
2843,259,46,5,Food & Beverage,Alexandria / Khaled Ibn El Waleed St.,150,30000,200,0,2,1.12,10,TRUE
2844,259,46,6,Health & Fitness,Alexandria / Khaled Ibn El Waleed St.,150,30000,200,1,2,1.12,9.7,TRUE
2845,259,46,7,Healthcare,Alexandria / Khaled Ibn El Waleed St.,150,30000,200,8,15,1.12,5.47,FALSE
2846,259,46,8,Healthcare,Alexandria / Khaled Ibn El Waleed St.,150,30000,200,8,15,1.12,5.47,FALSE
2847,259,46,9,Retail,Alexandria / Khaled Ibn El Waleed St.,150,30000,200,0,0,1.12,10,TRUE
2848,259,46,10,Retail,Alexandria / Khaled Ibn El Waleed St.,150,30000,200,0,0,1.12,10,TRUE
2849,259,46,11,Tourism & Hospitality,Alexandria / Khaled Ibn El Waleed St.,150,30000,200,0,1,1.12,10,TRUE
2850,260,46,1,Financial Services,Alexandria / Khaled Ibn El Waleed St.,180,50000,277.78,0,2,0.97,9.89,TRUE
2851,260,46,2,Food & Beverage,Alexandria / Khaled Ibn El Waleed St.,180,50000,277.78,0,2,0.97,9.89,TRUE
2852,260,46,3,Food & Beverage,Alexandria / Khaled Ibn El Waleed St.,180,50000,277.78,0,2,0.97,9.89,TRUE
2853,260,46,4,Food & Beverage,Alexandria / Khaled Ibn El Waleed St.,180,50000,277.78,0,2,0.97,9.89,TRUE
2854,260,46,5,Food & Beverage,Alexandria / Khaled Ibn El Waleed St.,180,50000,277.78,0,2,0.97,9.89,TRUE
2855,260,46,6,Health & Fitness,Alexandria / Khaled Ibn El Waleed St.,180,50000,277.78,1,2,0.97,9.59,TRUE
2856,260,46,7,Healthcare,Alexandria / Khaled Ibn El Waleed St.,180,50000,277.78,8,15,0.97,5.36,FALSE
2857,260,46,8,Healthcare,Alexandria / Khaled Ibn El Waleed St.,180,50000,277.78,8,15,0.97,5.36,FALSE
2858,260,46,9,Retail,Alexandria / Khaled Ibn El Waleed St.,180,50000,277.78,0,0,0.97,9.89,TRUE
2859,260,46,10,Retail,Alexandria / Khaled Ibn El Waleed St.,180,50000,277.78,0,0,0.97,9.89,TRUE
2860,260,46,11,Tourism & Hospitality,Alexandria / Khaled Ibn El Waleed St.,180,50000,277.78,0,1,0.97,9.89,TRUE
2861,261,46,1,Financial Services,Alexandria / Khaled Ibn El Waleed St.,148,45000,304.05,0,2,0.92,9.69,TRUE
2862,261,46,2,Food & Beverage,Alexandria / Khaled Ibn El Waleed St.,148,45000,304.05,0,2,0.92,9.69,TRUE
2863,261,46,3,Food & Beverage,Alexandria / Khaled Ibn El Waleed St.,148,45000,304.05,0,2,0.92,9.69,TRUE
2864,261,46,4,Food & Beverage,Alexandria / Khaled Ibn El Waleed St.,148,45000,304.05,0,2,0.92,9.69,TRUE
2865,261,46,5,Food & Beverage,Alexandria / Khaled Ibn El Waleed St.,148,45000,304.05,0,2,0.92,9.69,TRUE
2866,261,46,6,Health & Fitness,Alexandria / Khaled Ibn El Waleed St.,148,45000,304.05,1,2,0.92,9.39,TRUE
2867,261,46,7,Healthcare,Alexandria / Khaled Ibn El Waleed St.,148,45000,304.05,8,15,0.92,5.16,FALSE
2868,261,46,8,Healthcare,Alexandria / Khaled Ibn El Waleed St.,148,45000,304.05,8,15,0.92,5.16,FALSE
2869,261,46,9,Retail,Alexandria / Khaled Ibn El Waleed St.,148,45000,304.05,0,0,0.92,9.69,TRUE
2870,261,46,10,Retail,Alexandria / Khaled Ibn El Waleed St.,148,45000,304.05,0,0,0.92,9.69,TRUE
2871,261,46,11,Tourism & Hospitality,Alexandria / Khaled Ibn El Waleed St.,148,45000,304.05,0,1,0.92,9.69,TRUE
2872,262,22,1,Financial Services,Alexandria / Kornesh El-Maamoura St,140,135000,964.29,0,0,0.57,8.3,TRUE
2873,262,22,2,Food & Beverage,Alexandria / Kornesh El-Maamoura St,140,135000,964.29,0,0,0.57,8.3,TRUE
2874,262,22,3,Food & Beverage,Alexandria / Kornesh El-Maamoura St,140,135000,964.29,0,0,0.57,8.3,TRUE
2875,262,22,4,Food & Beverage,Alexandria / Kornesh El-Maamoura St,140,135000,964.29,0,0,0.57,8.3,TRUE
2876,262,22,5,Food & Beverage,Alexandria / Kornesh El-Maamoura St,140,135000,964.29,0,0,0.57,8.3,TRUE
2877,262,22,6,Health & Fitness,Alexandria / Kornesh El-Maamoura St,140,135000,964.29,0,0,0.57,8.3,TRUE
2878,262,22,7,Healthcare,Alexandria / Kornesh El-Maamoura St,140,135000,964.29,3,3,0.57,6.9,TRUE
2879,262,22,8,Healthcare,Alexandria / Kornesh El-Maamoura St,140,135000,964.29,3,3,0.57,6.9,TRUE
2880,262,22,9,Retail,Alexandria / Kornesh El-Maamoura St,140,135000,964.29,0,0,0.57,8.3,TRUE
2881,262,22,10,Retail,Alexandria / Kornesh El-Maamoura St,140,135000,964.29,0,0,0.57,8.3,TRUE
2882,262,22,11,Tourism & Hospitality,Alexandria / Kornesh El-Maamoura St,140,135000,964.29,1,2,0.57,8,TRUE
2883,263,14,1,Financial Services,Alexandria / La Jetee St.,65,20000,307.69,2,2,0.97,9.28,TRUE
2884,263,14,2,Food & Beverage,Alexandria / La Jetee St.,65,20000,307.69,8,24,0.97,5.15,FALSE
2885,263,14,3,Food & Beverage,Alexandria / La Jetee St.,65,20000,307.69,8,24,0.97,5.15,FALSE
2886,263,14,4,Food & Beverage,Alexandria / La Jetee St.,65,20000,307.69,8,24,0.97,5.15,FALSE
2887,263,14,5,Food & Beverage,Alexandria / La Jetee St.,65,20000,307.69,8,24,0.97,5.15,FALSE
2888,263,14,6,Health & Fitness,Alexandria / La Jetee St.,65,20000,307.69,0,0,0.97,9.88,TRUE
2889,263,14,7,Healthcare,Alexandria / La Jetee St.,65,20000,307.69,6,6,0.97,7.75,TRUE
2890,263,14,8,Healthcare,Alexandria / La Jetee St.,65,20000,307.69,6,6,0.97,7.75,TRUE
2891,263,14,9,Retail,Alexandria / La Jetee St.,65,20000,307.69,2,2,0.97,9.28,TRUE
2892,263,14,10,Retail,Alexandria / La Jetee St.,65,20000,307.69,2,2,0.97,9.28,TRUE
2893,263,14,11,Tourism & Hospitality,Alexandria / La Jetee St.,65,20000,307.69,1,1,0.97,9.58,TRUE
2894,264,14,1,Financial Services,Alexandria / La Jetee St.,125,20000,160,2,2,1.22,9.4,TRUE
2895,264,14,2,Food & Beverage,Alexandria / La Jetee St.,125,20000,160,8,24,1.22,5.27,FALSE
2896,264,14,3,Food & Beverage,Alexandria / La Jetee St.,125,20000,160,8,24,1.22,5.27,FALSE
2897,264,14,4,Food & Beverage,Alexandria / La Jetee St.,125,20000,160,8,24,1.22,5.27,FALSE
2898,264,14,5,Food & Beverage,Alexandria / La Jetee St.,125,20000,160,8,24,1.22,5.27,FALSE
2899,264,14,6,Health & Fitness,Alexandria / La Jetee St.,125,20000,160,0,0,1.22,10,TRUE
2900,264,14,7,Healthcare,Alexandria / La Jetee St.,125,20000,160,6,6,1.22,7.87,TRUE
2901,264,14,8,Healthcare,Alexandria / La Jetee St.,125,20000,160,6,6,1.22,7.87,TRUE
2902,264,14,9,Retail,Alexandria / La Jetee St.,125,20000,160,2,2,1.22,9.4,TRUE
2903,264,14,10,Retail,Alexandria / La Jetee St.,125,20000,160,2,2,1.22,9.4,TRUE
2904,264,14,11,Tourism & Hospitality,Alexandria / La Jetee St.,125,20000,160,1,1,1.22,9.7,TRUE
2905,265,14,1,Financial Services,Alexandria / La Jetee St.,100,15000,150,2,2,1.24,9.4,TRUE
2906,265,14,2,Food & Beverage,Alexandria / La Jetee St.,100,15000,150,8,24,1.24,5.27,FALSE
2907,265,14,3,Food & Beverage,Alexandria / La Jetee St.,100,15000,150,8,24,1.24,5.27,FALSE
2908,265,14,4,Food & Beverage,Alexandria / La Jetee St.,100,15000,150,8,24,1.24,5.27,FALSE
2909,265,14,5,Food & Beverage,Alexandria / La Jetee St.,100,15000,150,8,24,1.24,5.27,FALSE
2910,265,14,6,Health & Fitness,Alexandria / La Jetee St.,100,15000,150,0,0,1.24,10,TRUE
2911,265,14,7,Healthcare,Alexandria / La Jetee St.,100,15000,150,6,6,1.24,7.87,TRUE
2912,265,14,8,Healthcare,Alexandria / La Jetee St.,100,15000,150,6,6,1.24,7.87,TRUE
2913,265,14,9,Retail,Alexandria / La Jetee St.,100,15000,150,2,2,1.24,9.4,TRUE
2914,265,14,10,Retail,Alexandria / La Jetee St.,100,15000,150,2,2,1.24,9.4,TRUE
2915,265,14,11,Tourism & Hospitality,Alexandria / La Jetee St.,100,15000,150,1,1,1.24,9.7,TRUE
2916,266,37,1,Financial Services,Alexandria / Miami,70,10000,142.86,0,0,1.16,10,TRUE
2917,266,37,2,Food & Beverage,Alexandria / Miami,70,10000,142.86,0,0,1.16,10,TRUE
2918,266,37,3,Food & Beverage,Alexandria / Miami,70,10000,142.86,0,0,1.16,10,TRUE
2919,266,37,4,Food & Beverage,Alexandria / Miami,70,10000,142.86,0,0,1.16,10,TRUE
2920,266,37,5,Food & Beverage,Alexandria / Miami,70,10000,142.86,0,0,1.16,10,TRUE
2921,266,37,6,Health & Fitness,Alexandria / Miami,70,10000,142.86,0,0,1.16,10,TRUE
2922,266,37,7,Healthcare,Alexandria / Miami,70,10000,142.86,1,5,1.16,8.7,TRUE
2923,266,37,8,Healthcare,Alexandria / Miami,70,10000,142.86,1,5,1.16,8.7,TRUE
2924,266,37,9,Retail,Alexandria / Miami,70,10000,142.86,0,0,1.16,10,TRUE
2925,266,37,10,Retail,Alexandria / Miami,70,10000,142.86,0,0,1.16,10,TRUE
2926,266,37,11,Tourism & Hospitality,Alexandria / Miami,70,10000,142.86,0,0,1.16,10,TRUE
2927,267,37,1,Financial Services,Alexandria / Miami,60,15000,250,0,0,0.9,9.59,TRUE
2928,267,37,2,Food & Beverage,Alexandria / Miami,60,15000,250,0,0,0.9,9.59,TRUE
2929,267,37,3,Food & Beverage,Alexandria / Miami,60,15000,250,0,0,0.9,9.59,TRUE
2930,267,37,4,Food & Beverage,Alexandria / Miami,60,15000,250,0,0,0.9,9.59,TRUE
2931,267,37,5,Food & Beverage,Alexandria / Miami,60,15000,250,0,0,0.9,9.59,TRUE
2932,267,37,6,Health & Fitness,Alexandria / Miami,60,15000,250,0,0,0.9,9.59,TRUE
2933,267,37,7,Healthcare,Alexandria / Miami,60,15000,250,1,5,0.9,8.29,TRUE
2934,267,37,8,Healthcare,Alexandria / Miami,60,15000,250,1,5,0.9,8.29,TRUE
2935,267,37,9,Retail,Alexandria / Miami,60,15000,250,0,0,0.9,9.59,TRUE
2936,267,37,10,Retail,Alexandria / Miami,60,15000,250,0,0,0.9,9.59,TRUE
2937,267,37,11,Tourism & Hospitality,Alexandria / Miami,60,15000,250,0,0,0.9,9.59,TRUE
2938,268,38,1,Financial Services,Alexandria / Mohammed Al Eqbal St.,80,20000,250,3,8,1.06,8.22,TRUE
2939,268,38,2,Food & Beverage,Alexandria / Mohammed Al Eqbal St.,80,20000,250,3,11,1.06,7.65,TRUE
2940,268,38,3,Food & Beverage,Alexandria / Mohammed Al Eqbal St.,80,20000,250,3,11,1.06,7.65,TRUE
2941,268,38,4,Food & Beverage,Alexandria / Mohammed Al Eqbal St.,80,20000,250,3,11,1.06,7.65,TRUE
2942,268,38,5,Food & Beverage,Alexandria / Mohammed Al Eqbal St.,80,20000,250,3,11,1.06,7.65,TRUE
2943,268,38,6,Health & Fitness,Alexandria / Mohammed Al Eqbal St.,80,20000,250,0,2,1.06,10,TRUE
2944,268,38,7,Healthcare,Alexandria / Mohammed Al Eqbal St.,80,20000,250,8,10,1.06,6.3,TRUE
2945,268,38,8,Healthcare,Alexandria / Mohammed Al Eqbal St.,80,20000,250,8,10,1.06,6.3,TRUE
2946,268,38,9,Retail,Alexandria / Mohammed Al Eqbal St.,80,20000,250,3,5,1.06,9.1,TRUE
2947,268,38,10,Retail,Alexandria / Mohammed Al Eqbal St.,80,20000,250,3,5,1.06,9.1,TRUE
2948,268,38,11,Tourism & Hospitality,Alexandria / Mohammed Al Eqbal St.,80,20000,250,2,2,1.06,9.4,TRUE
2949,269,38,1,Financial Services,Alexandria / Mohammed Al Eqbal St.,80,25000,312.5,3,8,0.94,8,TRUE
2950,269,38,2,Food & Beverage,Alexandria / Mohammed Al Eqbal St.,80,25000,312.5,3,11,0.94,7.42,TRUE
2951,269,38,3,Food & Beverage,Alexandria / Mohammed Al Eqbal St.,80,25000,312.5,3,11,0.94,7.42,TRUE
2952,269,38,4,Food & Beverage,Alexandria / Mohammed Al Eqbal St.,80,25000,312.5,3,11,0.94,7.42,TRUE
2953,269,38,5,Food & Beverage,Alexandria / Mohammed Al Eqbal St.,80,25000,312.5,3,11,0.94,7.42,TRUE
2954,269,38,6,Health & Fitness,Alexandria / Mohammed Al Eqbal St.,80,25000,312.5,0,2,0.94,9.78,TRUE
2955,269,38,7,Healthcare,Alexandria / Mohammed Al Eqbal St.,80,25000,312.5,8,10,0.94,6.08,TRUE
2956,269,38,8,Healthcare,Alexandria / Mohammed Al Eqbal St.,80,25000,312.5,8,10,0.94,6.08,TRUE
2957,269,38,9,Retail,Alexandria / Mohammed Al Eqbal St.,80,25000,312.5,3,5,0.94,8.88,TRUE
2958,269,38,10,Retail,Alexandria / Mohammed Al Eqbal St.,80,25000,312.5,3,5,0.94,8.88,TRUE
2959,269,38,11,Tourism & Hospitality,Alexandria / Mohammed Al Eqbal St.,80,25000,312.5,2,2,0.94,9.18,TRUE
2960,270,20,1,Financial Services,Alexandria / Mohammed Darwish El-Deeb St.,85,120000,1411.76,0,0,0.26,7.04,TRUE
2961,270,20,2,Food & Beverage,Alexandria / Mohammed Darwish El-Deeb St.,85,120000,1411.76,0,3,0.26,7.04,TRUE
2962,270,20,3,Food & Beverage,Alexandria / Mohammed Darwish El-Deeb St.,85,120000,1411.76,0,3,0.26,7.04,TRUE
2963,270,20,4,Food & Beverage,Alexandria / Mohammed Darwish El-Deeb St.,85,120000,1411.76,0,3,0.26,7.04,TRUE
2964,270,20,5,Food & Beverage,Alexandria / Mohammed Darwish El-Deeb St.,85,120000,1411.76,0,3,0.26,7.04,TRUE
2965,270,20,6,Health & Fitness,Alexandria / Mohammed Darwish El-Deeb St.,85,120000,1411.76,0,0,0.26,7.04,TRUE
2966,270,20,7,Healthcare,Alexandria / Mohammed Darwish El-Deeb St.,85,120000,1411.76,7,11,0.26,3.94,FALSE
2967,270,20,8,Healthcare,Alexandria / Mohammed Darwish El-Deeb St.,85,120000,1411.76,7,11,0.26,3.94,FALSE
2968,270,20,9,Retail,Alexandria / Mohammed Darwish El-Deeb St.,85,120000,1411.76,0,1,0.26,7.04,TRUE
2969,270,20,10,Retail,Alexandria / Mohammed Darwish El-Deeb St.,85,120000,1411.76,0,1,0.26,7.04,TRUE
2970,270,20,11,Tourism & Hospitality,Alexandria / Mohammed Darwish El-Deeb St.,85,120000,1411.76,0,0,0.26,7.04,TRUE
2971,271,31,1,Financial Services,Alexandria / Mohammed Fawzi Moaz St.,250,250000,1000,1,8,1,8.95,TRUE
2972,271,31,2,Food & Beverage,Alexandria / Mohammed Fawzi Moaz St.,250,250000,1000,5,22,1,6.32,TRUE
2973,271,31,3,Food & Beverage,Alexandria / Mohammed Fawzi Moaz St.,250,250000,1000,5,22,1,6.32,TRUE
2974,271,31,4,Food & Beverage,Alexandria / Mohammed Fawzi Moaz St.,250,250000,1000,5,22,1,6.32,TRUE
2975,271,31,5,Food & Beverage,Alexandria / Mohammed Fawzi Moaz St.,250,250000,1000,5,22,1,6.32,TRUE
2976,271,31,6,Health & Fitness,Alexandria / Mohammed Fawzi Moaz St.,250,250000,1000,1,1,1,9.7,TRUE
2977,271,31,7,Healthcare,Alexandria / Mohammed Fawzi Moaz St.,250,250000,1000,7,20,1,5.8,FALSE
2978,271,31,8,Healthcare,Alexandria / Mohammed Fawzi Moaz St.,250,250000,1000,7,20,1,5.8,FALSE
2979,271,31,9,Retail,Alexandria / Mohammed Fawzi Moaz St.,250,250000,1000,5,10,1,7.3,TRUE
2980,271,31,10,Retail,Alexandria / Mohammed Fawzi Moaz St.,250,250000,1000,5,10,1,7.3,TRUE
2981,271,31,11,Tourism & Hospitality,Alexandria / Mohammed Fawzi Moaz St.,250,250000,1000,0,3,1,10,TRUE
2982,272,40,1,Financial Services,Alexandria / Mostafa Fahmy St,700,95000,135.71,1,7,1.25,8.41,TRUE
2983,272,40,2,Food & Beverage,Alexandria / Mostafa Fahmy St,700,95000,135.71,2,8,1.25,7.9,TRUE
2984,272,40,3,Food & Beverage,Alexandria / Mostafa Fahmy St,700,95000,135.71,2,8,1.25,7.9,TRUE
2985,272,40,4,Food & Beverage,Alexandria / Mostafa Fahmy St,700,95000,135.71,2,8,1.25,7.9,TRUE
2986,272,40,5,Food & Beverage,Alexandria / Mostafa Fahmy St,700,95000,135.71,2,8,1.25,7.9,TRUE
2987,272,40,6,Health & Fitness,Alexandria / Mostafa Fahmy St,700,95000,135.71,0,1,1.25,10,TRUE
2988,272,40,7,Healthcare,Alexandria / Mostafa Fahmy St,700,95000,135.71,19,31,1.25,4.39,FALSE
2989,272,40,8,Healthcare,Alexandria / Mostafa Fahmy St,700,95000,135.71,19,31,1.25,4.39,FALSE
2990,272,40,9,Retail,Alexandria / Mostafa Fahmy St,700,95000,135.71,1,5,1.25,9.1,TRUE
2991,272,40,10,Retail,Alexandria / Mostafa Fahmy St,700,95000,135.71,1,5,1.25,9.1,TRUE
2992,272,40,11,Tourism & Hospitality,Alexandria / Mostafa Fahmy St,700,95000,135.71,0,2,1.25,10,TRUE
2993,273,20,1,Financial Services,Alexandria / New El Hadra,150,15000,100,0,0,1.41,10,TRUE
2994,273,20,2,Food & Beverage,Alexandria / New El Hadra,150,15000,100,0,3,1.41,10,TRUE
2995,273,20,3,Food & Beverage,Alexandria / New El Hadra,150,15000,100,0,3,1.41,10,TRUE
2996,273,20,4,Food & Beverage,Alexandria / New El Hadra,150,15000,100,0,3,1.41,10,TRUE
2997,273,20,5,Food & Beverage,Alexandria / New El Hadra,150,15000,100,0,3,1.41,10,TRUE
2998,273,20,6,Health & Fitness,Alexandria / New El Hadra,150,15000,100,0,0,1.41,10,TRUE
2999,273,20,7,Healthcare,Alexandria / New El Hadra,150,15000,100,7,11,1.41,6.9,TRUE
3000,273,20,8,Healthcare,Alexandria / New El Hadra,150,15000,100,7,11,1.41,6.9,TRUE
3001,273,20,9,Retail,Alexandria / New El Hadra,150,15000,100,0,1,1.41,10,TRUE
3002,273,20,10,Retail,Alexandria / New El Hadra,150,15000,100,0,1,1.41,10,TRUE
3003,273,20,11,Tourism & Hospitality,Alexandria / New El Hadra,150,15000,100,0,0,1.41,10,TRUE
3004,274,20,1,Financial Services,Alexandria / New El Hadra,150,12000,80,0,0,1.43,10,TRUE
3005,274,20,2,Food & Beverage,Alexandria / New El Hadra,150,12000,80,0,3,1.43,10,TRUE
3006,274,20,3,Food & Beverage,Alexandria / New El Hadra,150,12000,80,0,3,1.43,10,TRUE
3007,274,20,4,Food & Beverage,Alexandria / New El Hadra,150,12000,80,0,3,1.43,10,TRUE
3008,274,20,5,Food & Beverage,Alexandria / New El Hadra,150,12000,80,0,3,1.43,10,TRUE
3009,274,20,6,Health & Fitness,Alexandria / New El Hadra,150,12000,80,0,0,1.43,10,TRUE
3010,274,20,7,Healthcare,Alexandria / New El Hadra,150,12000,80,7,11,1.43,6.9,TRUE
3011,274,20,8,Healthcare,Alexandria / New El Hadra,150,12000,80,7,11,1.43,6.9,TRUE
3012,274,20,9,Retail,Alexandria / New El Hadra,150,12000,80,0,1,1.43,10,TRUE
3013,274,20,10,Retail,Alexandria / New El Hadra,150,12000,80,0,1,1.43,10,TRUE
3014,274,20,11,Tourism & Hospitality,Alexandria / New El Hadra,150,12000,80,0,0,1.43,10,TRUE
3015,275,5,1,Financial Services,Alexandria / Riad St,310,210000,677.42,19,48,0.72,3.3,FALSE
3016,275,5,2,Food & Beverage,Alexandria / Riad St,310,210000,677.42,100,141,0.72,3.03,FALSE
3017,275,5,3,Food & Beverage,Alexandria / Riad St,310,210000,677.42,100,141,0.72,3.03,FALSE
3018,275,5,4,Food & Beverage,Alexandria / Riad St,310,210000,677.42,100,141,0.72,3.03,FALSE
3019,275,5,5,Food & Beverage,Alexandria / Riad St,310,210000,677.42,100,141,0.72,3.03,FALSE
3020,275,5,6,Health & Fitness,Alexandria / Riad St,310,210000,677.42,1,1,0.72,8.59,TRUE
3021,275,5,7,Healthcare,Alexandria / Riad St,310,210000,677.42,35,65,0.72,3.19,FALSE
3022,275,5,8,Healthcare,Alexandria / Riad St,310,210000,677.42,35,65,0.72,3.19,FALSE
3023,275,5,9,Retail,Alexandria / Riad St,310,210000,677.42,164,173,0.72,3,FALSE
3024,275,5,10,Retail,Alexandria / Riad St,310,210000,677.42,164,173,0.72,3,FALSE
3025,275,5,11,Tourism & Hospitality,Alexandria / Riad St,310,210000,677.42,20,29,0.72,3.58,FALSE
3026,276,40,1,Financial Services,Alexandria / Roushdy Basha St.,60,25000,416.67,1,7,0.75,7.4,TRUE
3027,276,40,2,Food & Beverage,Alexandria / Roushdy Basha St.,60,25000,416.67,2,8,0.75,6.88,TRUE
3028,276,40,3,Food & Beverage,Alexandria / Roushdy Basha St.,60,25000,416.67,2,8,0.75,6.88,TRUE
3029,276,40,4,Food & Beverage,Alexandria / Roushdy Basha St.,60,25000,416.67,2,8,0.75,6.88,TRUE
3030,276,40,5,Food & Beverage,Alexandria / Roushdy Basha St.,60,25000,416.67,2,8,0.75,6.88,TRUE
3031,276,40,6,Health & Fitness,Alexandria / Roushdy Basha St.,60,25000,416.67,0,1,0.75,8.98,TRUE
3032,276,40,7,Healthcare,Alexandria / Roushdy Basha St.,60,25000,416.67,19,31,0.75,3.37,FALSE
3033,276,40,8,Healthcare,Alexandria / Roushdy Basha St.,60,25000,416.67,19,31,0.75,3.37,FALSE
3034,276,40,9,Retail,Alexandria / Roushdy Basha St.,60,25000,416.67,1,5,0.75,8.08,TRUE
3035,276,40,10,Retail,Alexandria / Roushdy Basha St.,60,25000,416.67,1,5,0.75,8.08,TRUE
3036,276,40,11,Tourism & Hospitality,Alexandria / Roushdy Basha St.,60,25000,416.67,0,2,0.75,8.98,TRUE
3037,277,16,1,Financial Services,Alexandria / Saad Zaghloul St.,100,100000,1000,9,43,0.83,4.1,FALSE
3038,277,16,2,Food & Beverage,Alexandria / Saad Zaghloul St.,100,100000,1000,30,132,0.83,3.48,FALSE
3039,277,16,3,Food & Beverage,Alexandria / Saad Zaghloul St.,100,100000,1000,30,132,0.83,3.48,FALSE
3040,277,16,4,Food & Beverage,Alexandria / Saad Zaghloul St.,100,100000,1000,30,132,0.83,3.48,FALSE
3041,277,16,5,Food & Beverage,Alexandria / Saad Zaghloul St.,100,100000,1000,30,132,0.83,3.48,FALSE
3042,277,16,6,Health & Fitness,Alexandria / Saad Zaghloul St.,100,100000,1000,0,2,0.83,9.33,TRUE
3043,277,16,7,Healthcare,Alexandria / Saad Zaghloul St.,100,100000,1000,16,58,0.83,3.68,FALSE
3044,277,16,8,Healthcare,Alexandria / Saad Zaghloul St.,100,100000,1000,16,58,0.83,3.68,FALSE
3045,277,16,9,Retail,Alexandria / Saad Zaghloul St.,100,100000,1000,22,169,0.83,3.45,FALSE
3046,277,16,10,Retail,Alexandria / Saad Zaghloul St.,100,100000,1000,22,169,0.83,3.45,FALSE
3047,277,16,11,Tourism & Hospitality,Alexandria / Saad Zaghloul St.,100,100000,1000,0,19,0.83,7.39,TRUE
3048,278,46,1,Financial Services,Alexandria / Salah Salem St.,183,45000,245.9,0,2,1.03,10,TRUE
3049,278,46,2,Food & Beverage,Alexandria / Salah Salem St.,183,45000,245.9,0,2,1.03,10,TRUE
3050,278,46,3,Food & Beverage,Alexandria / Salah Salem St.,183,45000,245.9,0,2,1.03,10,TRUE
3051,278,46,4,Food & Beverage,Alexandria / Salah Salem St.,183,45000,245.9,0,2,1.03,10,TRUE
3052,278,46,5,Food & Beverage,Alexandria / Salah Salem St.,183,45000,245.9,0,2,1.03,10,TRUE
3053,278,46,6,Health & Fitness,Alexandria / Salah Salem St.,183,45000,245.9,1,2,1.03,9.7,TRUE
3054,278,46,7,Healthcare,Alexandria / Salah Salem St.,183,45000,245.9,8,15,1.03,5.47,FALSE
3055,278,46,8,Healthcare,Alexandria / Salah Salem St.,183,45000,245.9,8,15,1.03,5.47,FALSE
3056,278,46,9,Retail,Alexandria / Salah Salem St.,183,45000,245.9,0,0,1.03,10,TRUE
3057,278,46,10,Retail,Alexandria / Salah Salem St.,183,45000,245.9,0,0,1.03,10,TRUE
3058,278,46,11,Tourism & Hospitality,Alexandria / Salah Salem St.,183,45000,245.9,0,1,1.03,10,TRUE
3059,279,46,1,Financial Services,Alexandria / Salah Salem St.,194,80000,412.37,0,2,0.72,8.87,TRUE
3060,279,46,2,Food & Beverage,Alexandria / Salah Salem St.,194,80000,412.37,0,2,0.72,8.87,TRUE
3061,279,46,3,Food & Beverage,Alexandria / Salah Salem St.,194,80000,412.37,0,2,0.72,8.87,TRUE
3062,279,46,4,Food & Beverage,Alexandria / Salah Salem St.,194,80000,412.37,0,2,0.72,8.87,TRUE
3063,279,46,5,Food & Beverage,Alexandria / Salah Salem St.,194,80000,412.37,0,2,0.72,8.87,TRUE
3064,279,46,6,Health & Fitness,Alexandria / Salah Salem St.,194,80000,412.37,1,2,0.72,8.57,TRUE
3065,279,46,7,Healthcare,Alexandria / Salah Salem St.,194,80000,412.37,8,15,0.72,4.34,FALSE
3066,279,46,8,Healthcare,Alexandria / Salah Salem St.,194,80000,412.37,8,15,0.72,4.34,FALSE
3067,279,46,9,Retail,Alexandria / Salah Salem St.,194,80000,412.37,0,0,0.72,8.87,TRUE
3068,279,46,10,Retail,Alexandria / Salah Salem St.,194,80000,412.37,0,0,0.72,8.87,TRUE
3069,279,46,11,Tourism & Hospitality,Alexandria / Salah Salem St.,194,80000,412.37,0,1,0.72,8.87,TRUE
3070,280,14,1,Financial Services,Alexandria / Sant Giyn St.,138,75000,543.48,2,2,0.56,7.66,TRUE
3071,280,14,2,Food & Beverage,Alexandria / Sant Giyn St.,138,75000,543.48,8,24,0.56,3.52,FALSE
3072,280,14,3,Food & Beverage,Alexandria / Sant Giyn St.,138,75000,543.48,8,24,0.56,3.52,FALSE
3073,280,14,4,Food & Beverage,Alexandria / Sant Giyn St.,138,75000,543.48,8,24,0.56,3.52,FALSE
3074,280,14,5,Food & Beverage,Alexandria / Sant Giyn St.,138,75000,543.48,8,24,0.56,3.52,FALSE
3075,280,14,6,Health & Fitness,Alexandria / Sant Giyn St.,138,75000,543.48,0,0,0.56,8.26,TRUE
3076,280,14,7,Healthcare,Alexandria / Sant Giyn St.,138,75000,543.48,6,6,0.56,6.12,TRUE
3077,280,14,8,Healthcare,Alexandria / Sant Giyn St.,138,75000,543.48,6,6,0.56,6.12,TRUE
3078,280,14,9,Retail,Alexandria / Sant Giyn St.,138,75000,543.48,2,2,0.56,7.66,TRUE
3079,280,14,10,Retail,Alexandria / Sant Giyn St.,138,75000,543.48,2,2,0.56,7.66,TRUE
3080,280,14,11,Tourism & Hospitality,Alexandria / Sant Giyn St.,138,75000,543.48,1,1,0.56,7.96,TRUE
3081,281,22,1,Financial Services,Alexandria / Shatee El Nakheel,450,35000,77.78,0,0,1.43,10,TRUE
3082,281,22,2,Food & Beverage,Alexandria / Shatee El Nakheel,450,35000,77.78,0,0,1.43,10,TRUE
3083,281,22,3,Food & Beverage,Alexandria / Shatee El Nakheel,450,35000,77.78,0,0,1.43,10,TRUE
3084,281,22,4,Food & Beverage,Alexandria / Shatee El Nakheel,450,35000,77.78,0,0,1.43,10,TRUE
3085,281,22,5,Food & Beverage,Alexandria / Shatee El Nakheel,450,35000,77.78,0,0,1.43,10,TRUE
3086,281,22,6,Health & Fitness,Alexandria / Shatee El Nakheel,450,35000,77.78,0,0,1.43,10,TRUE
3087,281,22,7,Healthcare,Alexandria / Shatee El Nakheel,450,35000,77.78,3,3,1.43,8.6,TRUE
3088,281,22,8,Healthcare,Alexandria / Shatee El Nakheel,450,35000,77.78,3,3,1.43,8.6,TRUE
3089,281,22,9,Retail,Alexandria / Shatee El Nakheel,450,35000,77.78,0,0,1.43,10,TRUE
3090,281,22,10,Retail,Alexandria / Shatee El Nakheel,450,35000,77.78,0,0,1.43,10,TRUE
3091,281,22,11,Tourism & Hospitality,Alexandria / Shatee El Nakheel,450,35000,77.78,1,2,1.43,9.7,TRUE
3092,282,43,1,Financial Services,Alexandria / Sidi Bishr,70,40000,571.43,0,0,0.32,7.27,TRUE
3093,282,43,2,Food & Beverage,Alexandria / Sidi Bishr,70,40000,571.43,0,0,0.32,7.27,TRUE
3094,282,43,3,Food & Beverage,Alexandria / Sidi Bishr,70,40000,571.43,0,0,0.32,7.27,TRUE
3095,282,43,4,Food & Beverage,Alexandria / Sidi Bishr,70,40000,571.43,0,0,0.32,7.27,TRUE
3096,282,43,5,Food & Beverage,Alexandria / Sidi Bishr,70,40000,571.43,0,0,0.32,7.27,TRUE
3097,282,43,6,Health & Fitness,Alexandria / Sidi Bishr,70,40000,571.43,0,0,0.32,7.27,TRUE
3098,282,43,7,Healthcare,Alexandria / Sidi Bishr,70,40000,571.43,5,5,0.32,4.97,FALSE
3099,282,43,8,Healthcare,Alexandria / Sidi Bishr,70,40000,571.43,5,5,0.32,4.97,FALSE
3100,282,43,9,Retail,Alexandria / Sidi Bishr,70,40000,571.43,0,0,0.32,7.27,TRUE
3101,282,43,10,Retail,Alexandria / Sidi Bishr,70,40000,571.43,0,0,0.32,7.27,TRUE
3102,282,43,11,Tourism & Hospitality,Alexandria / Sidi Bishr,70,40000,571.43,0,0,0.32,7.27,TRUE
3103,283,43,1,Financial Services,Alexandria / Sidi Bishr,100,13000,130,0,0,1.23,10,TRUE
3104,283,43,2,Food & Beverage,Alexandria / Sidi Bishr,100,13000,130,0,0,1.23,10,TRUE
3105,283,43,3,Food & Beverage,Alexandria / Sidi Bishr,100,13000,130,0,0,1.23,10,TRUE
3106,283,43,4,Food & Beverage,Alexandria / Sidi Bishr,100,13000,130,0,0,1.23,10,TRUE
3107,283,43,5,Food & Beverage,Alexandria / Sidi Bishr,100,13000,130,0,0,1.23,10,TRUE
3108,283,43,6,Health & Fitness,Alexandria / Sidi Bishr,100,13000,130,0,0,1.23,10,TRUE
3109,283,43,7,Healthcare,Alexandria / Sidi Bishr,100,13000,130,5,5,1.23,7.7,TRUE
3110,283,43,8,Healthcare,Alexandria / Sidi Bishr,100,13000,130,5,5,1.23,7.7,TRUE
3111,283,43,9,Retail,Alexandria / Sidi Bishr,100,13000,130,0,0,1.23,10,TRUE
3112,283,43,10,Retail,Alexandria / Sidi Bishr,100,13000,130,0,0,1.23,10,TRUE
3113,283,43,11,Tourism & Hospitality,Alexandria / Sidi Bishr,100,13000,130,0,0,1.23,10,TRUE
3114,284,43,1,Financial Services,Alexandria / Sidi Bishr,60,5000,83.33,0,0,1.33,10,TRUE
3115,284,43,2,Food & Beverage,Alexandria / Sidi Bishr,60,5000,83.33,0,0,1.33,10,TRUE
3116,284,43,3,Food & Beverage,Alexandria / Sidi Bishr,60,5000,83.33,0,0,1.33,10,TRUE
3117,284,43,4,Food & Beverage,Alexandria / Sidi Bishr,60,5000,83.33,0,0,1.33,10,TRUE
3118,284,43,5,Food & Beverage,Alexandria / Sidi Bishr,60,5000,83.33,0,0,1.33,10,TRUE
3119,284,43,6,Health & Fitness,Alexandria / Sidi Bishr,60,5000,83.33,0,0,1.33,10,TRUE
3120,284,43,7,Healthcare,Alexandria / Sidi Bishr,60,5000,83.33,5,5,1.33,7.7,TRUE
3121,284,43,8,Healthcare,Alexandria / Sidi Bishr,60,5000,83.33,5,5,1.33,7.7,TRUE
3122,284,43,9,Retail,Alexandria / Sidi Bishr,60,5000,83.33,0,0,1.33,10,TRUE
3123,284,43,10,Retail,Alexandria / Sidi Bishr,60,5000,83.33,0,0,1.33,10,TRUE
3124,284,43,11,Tourism & Hospitality,Alexandria / Sidi Bishr,60,5000,83.33,0,0,1.33,10,TRUE
3125,285,43,1,Financial Services,Alexandria / Sidi Bishr,230,10000,43.48,0,0,1.41,10,TRUE
3126,285,43,2,Food & Beverage,Alexandria / Sidi Bishr,230,10000,43.48,0,0,1.41,10,TRUE
3127,285,43,3,Food & Beverage,Alexandria / Sidi Bishr,230,10000,43.48,0,0,1.41,10,TRUE
3128,285,43,4,Food & Beverage,Alexandria / Sidi Bishr,230,10000,43.48,0,0,1.41,10,TRUE
3129,285,43,5,Food & Beverage,Alexandria / Sidi Bishr,230,10000,43.48,0,0,1.41,10,TRUE
3130,285,43,6,Health & Fitness,Alexandria / Sidi Bishr,230,10000,43.48,0,0,1.41,10,TRUE
3131,285,43,7,Healthcare,Alexandria / Sidi Bishr,230,10000,43.48,5,5,1.41,7.7,TRUE
3132,285,43,8,Healthcare,Alexandria / Sidi Bishr,230,10000,43.48,5,5,1.41,7.7,TRUE
3133,285,43,9,Retail,Alexandria / Sidi Bishr,230,10000,43.48,0,0,1.41,10,TRUE
3134,285,43,10,Retail,Alexandria / Sidi Bishr,230,10000,43.48,0,0,1.41,10,TRUE
3135,285,43,11,Tourism & Hospitality,Alexandria / Sidi Bishr,230,10000,43.48,0,0,1.41,10,TRUE
3136,286,43,1,Financial Services,Alexandria / Sidi Bishr,70,8500,121.43,0,0,1.25,10,TRUE
3137,286,43,2,Food & Beverage,Alexandria / Sidi Bishr,70,8500,121.43,0,0,1.25,10,TRUE
3138,286,43,3,Food & Beverage,Alexandria / Sidi Bishr,70,8500,121.43,0,0,1.25,10,TRUE
3139,286,43,4,Food & Beverage,Alexandria / Sidi Bishr,70,8500,121.43,0,0,1.25,10,TRUE
3140,286,43,5,Food & Beverage,Alexandria / Sidi Bishr,70,8500,121.43,0,0,1.25,10,TRUE
3141,286,43,6,Health & Fitness,Alexandria / Sidi Bishr,70,8500,121.43,0,0,1.25,10,TRUE
3142,286,43,7,Healthcare,Alexandria / Sidi Bishr,70,8500,121.43,5,5,1.25,7.7,TRUE
3143,286,43,8,Healthcare,Alexandria / Sidi Bishr,70,8500,121.43,5,5,1.25,7.7,TRUE
3144,286,43,9,Retail,Alexandria / Sidi Bishr,70,8500,121.43,0,0,1.25,10,TRUE
3145,286,43,10,Retail,Alexandria / Sidi Bishr,70,8500,121.43,0,0,1.25,10,TRUE
3146,286,43,11,Tourism & Hospitality,Alexandria / Sidi Bishr,70,8500,121.43,0,0,1.25,10,TRUE
3147,287,43,1,Financial Services,Alexandria / Sidi Bishr,60,4500,75,0,0,1.34,10,TRUE
3148,287,43,2,Food & Beverage,Alexandria / Sidi Bishr,60,4500,75,0,0,1.34,10,TRUE
3149,287,43,3,Food & Beverage,Alexandria / Sidi Bishr,60,4500,75,0,0,1.34,10,TRUE
3150,287,43,4,Food & Beverage,Alexandria / Sidi Bishr,60,4500,75,0,0,1.34,10,TRUE
3151,287,43,5,Food & Beverage,Alexandria / Sidi Bishr,60,4500,75,0,0,1.34,10,TRUE
3152,287,43,6,Health & Fitness,Alexandria / Sidi Bishr,60,4500,75,0,0,1.34,10,TRUE
3153,287,43,7,Healthcare,Alexandria / Sidi Bishr,60,4500,75,5,5,1.34,7.7,TRUE
3154,287,43,8,Healthcare,Alexandria / Sidi Bishr,60,4500,75,5,5,1.34,7.7,TRUE
3155,287,43,9,Retail,Alexandria / Sidi Bishr,60,4500,75,0,0,1.34,10,TRUE
3156,287,43,10,Retail,Alexandria / Sidi Bishr,60,4500,75,0,0,1.34,10,TRUE
3157,287,43,11,Tourism & Hospitality,Alexandria / Sidi Bishr,60,4500,75,0,0,1.34,10,TRUE
3158,288,50,1,Financial Services,Alexandria / Victoria,55,15000,272.73,0,0,1.16,10,TRUE
3159,288,50,2,Food & Beverage,Alexandria / Victoria,55,15000,272.73,0,0,1.16,10,TRUE
3160,288,50,3,Food & Beverage,Alexandria / Victoria,55,15000,272.73,0,0,1.16,10,TRUE
3161,288,50,4,Food & Beverage,Alexandria / Victoria,55,15000,272.73,0,0,1.16,10,TRUE
3162,288,50,5,Food & Beverage,Alexandria / Victoria,55,15000,272.73,0,0,1.16,10,TRUE
3163,288,50,6,Health & Fitness,Alexandria / Victoria,55,15000,272.73,0,0,1.16,10,TRUE
3164,288,50,7,Healthcare,Alexandria / Victoria,55,15000,272.73,3,3,1.16,9.1,TRUE
3165,288,50,8,Healthcare,Alexandria / Victoria,55,15000,272.73,3,3,1.16,9.1,TRUE
3166,288,50,9,Retail,Alexandria / Victoria,55,15000,272.73,0,0,1.16,10,TRUE
3167,288,50,10,Retail,Alexandria / Victoria,55,15000,272.73,0,0,1.16,10,TRUE
3168,288,50,11,Tourism & Hospitality,Alexandria / Victoria,55,15000,272.73,0,0,1.16,10,TRUE
3169,289,50,1,Financial Services,Alexandria / Victoria,60,25000,416.67,0,0,0.98,9.94,TRUE
3170,289,50,2,Food & Beverage,Alexandria / Victoria,60,25000,416.67,0,0,0.98,9.94,TRUE
3171,289,50,3,Food & Beverage,Alexandria / Victoria,60,25000,416.67,0,0,0.98,9.94,TRUE
3172,289,50,4,Food & Beverage,Alexandria / Victoria,60,25000,416.67,0,0,0.98,9.94,TRUE
3173,289,50,5,Food & Beverage,Alexandria / Victoria,60,25000,416.67,0,0,0.98,9.94,TRUE
3174,289,50,6,Health & Fitness,Alexandria / Victoria,60,25000,416.67,0,0,0.98,9.94,TRUE
3175,289,50,7,Healthcare,Alexandria / Victoria,60,25000,416.67,3,3,0.98,9.04,TRUE
3176,289,50,8,Healthcare,Alexandria / Victoria,60,25000,416.67,3,3,0.98,9.04,TRUE
3177,289,50,9,Retail,Alexandria / Victoria,60,25000,416.67,0,0,0.98,9.94,TRUE
3178,289,50,10,Retail,Alexandria / Victoria,60,25000,416.67,0,0,0.98,9.94,TRUE
3179,289,50,11,Tourism & Hospitality,Alexandria / Victoria,60,25000,416.67,0,0,0.98,9.94,TRUE
3180,290,50,1,Financial Services,Alexandria / Victoria,50,20000,400,0,0,1.01,10,TRUE
3181,290,50,2,Food & Beverage,Alexandria / Victoria,50,20000,400,0,0,1.01,10,TRUE
3182,290,50,3,Food & Beverage,Alexandria / Victoria,50,20000,400,0,0,1.01,10,TRUE
3183,290,50,4,Food & Beverage,Alexandria / Victoria,50,20000,400,0,0,1.01,10,TRUE
3184,290,50,5,Food & Beverage,Alexandria / Victoria,50,20000,400,0,0,1.01,10,TRUE
3185,290,50,6,Health & Fitness,Alexandria / Victoria,50,20000,400,0,0,1.01,10,TRUE
3186,290,50,7,Healthcare,Alexandria / Victoria,50,20000,400,3,3,1.01,9.1,TRUE
3187,290,50,8,Healthcare,Alexandria / Victoria,50,20000,400,3,3,1.01,9.1,TRUE
3188,290,50,9,Retail,Alexandria / Victoria,50,20000,400,0,0,1.01,10,TRUE
3189,290,50,10,Retail,Alexandria / Victoria,50,20000,400,0,0,1.01,10,TRUE
3190,290,50,11,Tourism & Hospitality,Alexandria / Victoria,50,20000,400,0,0,1.01,10,TRUE
3191,291,50,1,Financial Services,Alexandria / Victoria,60,26000,433.33,0,0,0.96,9.86,TRUE
3192,291,50,2,Food & Beverage,Alexandria / Victoria,60,26000,433.33,0,0,0.96,9.86,TRUE
3193,291,50,3,Food & Beverage,Alexandria / Victoria,60,26000,433.33,0,0,0.96,9.86,TRUE
3194,291,50,4,Food & Beverage,Alexandria / Victoria,60,26000,433.33,0,0,0.96,9.86,TRUE
3195,291,50,5,Food & Beverage,Alexandria / Victoria,60,26000,433.33,0,0,0.96,9.86,TRUE
3196,291,50,6,Health & Fitness,Alexandria / Victoria,60,26000,433.33,0,0,0.96,9.86,TRUE
3197,291,50,7,Healthcare,Alexandria / Victoria,60,26000,433.33,3,3,0.96,8.96,TRUE
3198,291,50,8,Healthcare,Alexandria / Victoria,60,26000,433.33,3,3,0.96,8.96,TRUE
3199,291,50,9,Retail,Alexandria / Victoria,60,26000,433.33,0,0,0.96,9.86,TRUE
3200,291,50,10,Retail,Alexandria / Victoria,60,26000,433.33,0,0,0.96,9.86,TRUE
3201,291,50,11,Tourism & Hospitality,Alexandria / Victoria,60,26000,433.33,0,0,0.96,9.86,TRUE
3202,292,50,1,Financial Services,Alexandria / Victoria,55,25000,454.55,0,0,0.94,9.75,TRUE
3203,292,50,2,Food & Beverage,Alexandria / Victoria,55,25000,454.55,0,0,0.94,9.75,TRUE
3204,292,50,3,Food & Beverage,Alexandria / Victoria,55,25000,454.55,0,0,0.94,9.75,TRUE
3205,292,50,4,Food & Beverage,Alexandria / Victoria,55,25000,454.55,0,0,0.94,9.75,TRUE
3206,292,50,5,Food & Beverage,Alexandria / Victoria,55,25000,454.55,0,0,0.94,9.75,TRUE
3207,292,50,6,Health & Fitness,Alexandria / Victoria,55,25000,454.55,0,0,0.94,9.75,TRUE
3208,292,50,7,Healthcare,Alexandria / Victoria,55,25000,454.55,3,3,0.94,8.85,TRUE
3209,292,50,8,Healthcare,Alexandria / Victoria,55,25000,454.55,3,3,0.94,8.85,TRUE
3210,292,50,9,Retail,Alexandria / Victoria,55,25000,454.55,0,0,0.94,9.75,TRUE
3211,292,50,10,Retail,Alexandria / Victoria,55,25000,454.55,0,0,0.94,9.75,TRUE
3212,292,50,11,Tourism & Hospitality,Alexandria / Victoria,55,25000,454.55,0,0,0.94,9.75,TRUE
3213,1,5,12,Education,Alexandria / Abd El-Salam Aref St,650,220000,338.46,1,2,1.11,9.7,TRUE
3214,2,5,12,Education,Alexandria / Abd El-Salam Aref St,200,65000,325,1,2,1.13,9.7,TRUE
3215,3,5,12,Education,Alexandria / Abdel Salam Aref St.,300,120000,400,1,2,1.04,9.7,TRUE
3216,4,26,12,Education,Alexandria / Ademon Fremon St.,825,412500,500,2,4,1,8.91,TRUE
3217,5,13,12,Education,Alexandria / Al Agamy,100,12000,120,1,2,0.66,8.36,TRUE
3218,6,13,12,Education,Alexandria / Al Agamy,100,5500,55,1,2,1.12,9.7,TRUE
3219,7,13,12,Education,Alexandria / Al Agamy,50,2000,40,1,2,1.22,9.72,TRUE
3220,8,20,12,Education,Alexandria / Al Moaaskar Al Romani St.,56,25000,446.43,0,0,1.11,10,TRUE
3221,9,20,12,Education,Alexandria / Al Moaaskar Al Romani St.,185,150000,810.81,0,0,0.79,9.15,TRUE
3222,10,16,12,Education,Alexandria / El Azarita,100,50000,500,1,2,1.17,9.68,TRUE
3223,11,43,12,Education,Alexandria / El Gaish Road,115,25000,217.39,0,0,1.05,10,TRUE
3224,12,43,12,Education,Alexandria / El Gaish Road,70,45000,642.86,0,0,0.17,6.67,TRUE
3225,13,43,12,Education,Alexandria / El Gaish Road,85,13000,152.94,0,0,1.18,10,TRUE
3226,14,43,12,Education,Alexandria / El Gaish Road,125,120000,960,0,0,0,6,TRUE
3227,15,43,12,Education,Alexandria / El Gaish Road,160,80000,500,0,0,0.46,7.86,TRUE
3228,16,43,12,Education,Alexandria / El Geish Rd.,60,30000,500,0,0,0.46,7.86,TRUE
3229,17,43,12,Education,Alexandria / El Geish Rd.,470,350000,744.68,0,0,0,6,TRUE
3230,18,23,12,Education,Alexandria / El Mandara,70,28000,400,1,2,0.7,8.41,TRUE
3231,19,23,12,Education,Alexandria / El Mandara Qebli,180,18000,100,1,2,1.3,9.7,TRUE
3232,20,43,12,Education,Alexandria / El-Gaish Rd,560,325000,580.36,0,0,0.3,7.19,TRUE
3233,21,43,12,Education,Alexandria / Gamal Abd El Nasir St,90,10000,111.11,0,0,1.27,10,TRUE
3234,22,43,12,Education,Alexandria / Gamal Abd El Nasir St,50,10000,200,0,0,1.09,10,TRUE
3235,23,43,12,Education,Alexandria / Gamal Abd El Nasir St,180,35000,194.44,0,0,1.1,10,TRUE
3236,24,43,12,Education,Alexandria / Gamal Abd El Nasir St,50,7000,140,0,0,1.21,10,TRUE
3237,25,43,12,Education,Alexandria / Gamal Abd El Nasir St,100,13000,130,0,0,1.23,10,TRUE
3238,26,43,12,Education,Alexandria / Gamal Abd El Nasir St,55,15000,272.73,0,0,0.94,9.75,TRUE
3239,27,43,12,Education,Alexandria / Gamal Abd El Nasir St,80,9500,118.75,0,0,1.25,10,TRUE
3240,28,43,12,Education,Alexandria / Gamal Abd El Nasir St,240,100000,416.67,0,0,0.64,8.55,TRUE
3241,29,43,12,Education,Alexandria / Gamal Abd El Nasir St,50,7500,150,0,0,1.19,10,TRUE
3242,30,43,12,Education,Alexandria / Gamal Abd El Nasir St,55,10000,181.82,0,0,1.12,10,TRUE
3243,31,43,12,Education,Alexandria / Gamal Abd El Nasir St,160,15000,93.75,0,0,1.31,10,TRUE
3244,32,43,12,Education,Alexandria / Gamal Abd El Nasir St,60,9000,150,0,0,1.19,10,TRUE
3245,33,43,12,Education,Alexandria / Gamal Abd El Nasir St,100,12000,120,0,0,1.25,10,TRUE
3246,34,43,12,Education,Alexandria / Gamal Abd El Nasir St,300,25000,83.33,0,0,1.33,10,TRUE
3247,35,43,12,Education,Alexandria / Gamal Abd El Nasir St,100,25000,250,0,0,0.98,9.94,TRUE
3248,36,43,12,Education,Alexandria / Gamal Abd El Nasir St,110,25000,227.27,0,0,1.03,10,TRUE
3249,37,43,12,Education,Alexandria / Gamal Abd El Nasir St,600,300000,500,0,0,0.46,7.86,TRUE
3250,38,43,12,Education,Alexandria / Gamal Abd El Nasir St,120,13000,108.33,0,0,1.28,10,TRUE
3251,39,43,12,Education,Alexandria / Gamal Abd El Nasir St,135,15000,111.11,0,0,1.27,10,TRUE
3252,40,43,12,Education,Alexandria / Gamal Abd El Nasir St,65,6000,92.31,0,0,1.31,10,TRUE
3253,41,43,12,Education,Alexandria / Gamal Abd El Nasir St,130,14000,107.69,0,0,1.28,10,TRUE
3254,42,43,12,Education,Alexandria / Gamal Abd El Nasir St,60,10000,166.67,0,0,1.15,10,TRUE
3255,43,43,12,Education,Alexandria / Gamal Abd El Nasir St,50,8000,160,0,0,1.17,10,TRUE
3256,44,43,12,Education,Alexandria / Gamal Abdel Nasser St.,120,10000,83.33,0,0,1.33,10,TRUE
3257,45,43,12,Education,Alexandria / Gamal Abdel Nasser St.,120,15000,125,0,0,1.24,10,TRUE
3258,46,43,12,Education,Alexandria / Gamal Abdel Nasser St.,150,6000,40,0,0,1.42,10,TRUE
3259,47,43,12,Education,Alexandria / Gamal Abdel Nasser St.,60,5000,83.33,0,0,1.33,10,TRUE
3260,48,43,12,Education,Alexandria / Gamal Abdel Nasser St.,100,10000,100,0,0,1.29,10,TRUE
3261,49,43,12,Education,Alexandria / Gamal Abdel Nasser St.,150,17000,113.33,0,0,1.27,10,TRUE
3262,50,43,12,Education,Alexandria / Gamal Abdel Nasser St.,55,30000,545.45,0,0,0.37,7.48,TRUE
3263,51,43,12,Education,Alexandria / Gamal Abdel Nasser St.,240,100000,416.67,0,0,0.64,8.55,TRUE
3264,52,43,12,Education,Alexandria / Gamal Abdel Nasser St.,60,25000,416.67,0,0,0.64,8.55,TRUE
3265,53,43,12,Education,Alexandria / Gamal Abdel Nasser St.,200,39000,195,0,0,1.1,10,TRUE
3266,54,43,12,Education,Alexandria / Gamal Abdel Nasser St.,240,90000,375,0,0,0.72,8.89,TRUE
3267,55,43,12,Education,Alexandria / Gamal Abdel Nasser St.,80,12000,150,0,0,1.19,10,TRUE
3268,56,43,12,Education,Alexandria / Gamal Abdel Nasser St.,250,85000,340,0,0,0.8,9.18,TRUE
3269,57,43,12,Education,Alexandria / Gamal Abdel Nasser St.,60,12000,200,0,0,1.09,10,TRUE
3270,58,43,12,Education,Alexandria / Gamal Abdel Nasser St.,120,12000,100,0,0,1.29,10,TRUE
3271,59,46,12,Education,Alexandria / Khaled Ibn El Waleed St.,148,45000,304.05,1,2,0.92,9.39,TRUE
3272,60,46,12,Education,Alexandria / Khaled Ibn El Waleed St.,150,30000,200,1,2,1.12,9.7,TRUE
3273,61,46,12,Education,Alexandria / Khaled Ibn El Waleed St.,180,50000,277.78,1,2,0.97,9.58,TRUE
3274,62,46,12,Education,Alexandria / Khaled Ibn El Waleed St.,200,50000,250,1,2,1.03,9.7,TRUE
3275,63,46,12,Education,Alexandria / Khaled Ibn El Waleed St.,90,14000,155.56,1,2,1.21,9.7,TRUE
3276,64,22,12,Education,Alexandria / Kornesh El-Maamoura St,140,135000,964.29,0,0,0.57,8.3,TRUE
3277,65,14,12,Education,Alexandria / La Jetee St.,100,15000,150,2,4,1.24,8.91,TRUE
3278,66,14,12,Education,Alexandria / La Jetee St.,125,20000,160,2,4,1.22,8.91,TRUE
3279,67,14,12,Education,Alexandria / La Jetee St.,65,20000,307.69,2,4,0.97,8.91,TRUE
3280,68,37,12,Education,Alexandria / Miami,60,15000,250,0,0,0.9,9.59,TRUE
3281,69,38,12,Education,Alexandria / Mohammed Al Eqbal St.,80,20000,250,0,0,1.06,10.01,TRUE
3282,70,38,12,Education,Alexandria / Mohammed Al Eqbal St.,80,25000,312.5,0,0,0.94,9.75,TRUE
3283,71,20,12,Education,Alexandria / Mohammed Darwish El-Deeb St.,85,120000,1411.76,0,0,0.26,7.04,TRUE
3284,72,31,12,Education,Alexandria / Mohammed Fawzi Moaz St.,250,250000,1000,0,0,1,9.98,TRUE
3285,73,40,12,Education,Alexandria / Mostafa Fahmy St,700,95000,135.71,0,0,1.25,10,TRUE
3286,74,20,12,Education,Alexandria / New El Hadra,150,12000,80,0,0,1.43,10,TRUE
3287,75,20,12,Education,Alexandria / New El Hadra,150,15000,100,0,0,1.41,10,TRUE
3288,76,5,12,Education,Alexandria / Riad St,310,210000,677.42,1,2,0.72,8.57,TRUE
3289,77,40,12,Education,Alexandria / Roushdy Basha St.,60,25000,416.67,0,0,0.75,8.98,TRUE
3290,78,16,12,Education,Alexandria / Saad Zaghloul St.,100,100000,1000,1,2,0.83,9.06,TRUE
3291,79,46,12,Education,Alexandria / Salah Salem St.,183,45000,245.9,1,2,1.03,9.7,TRUE
3292,80,46,12,Education,Alexandria / Salah Salem St.,194,80000,412.37,1,2,0.72,8.57,TRUE
3293,81,14,12,Education,Alexandria / Sant Giyn St.,138,75000,543.48,2,4,0.56,7.37,TRUE
3294,82,22,12,Education,Alexandria / Shatee El Nakheel,450,35000,77.78,0,0,1.43,10,TRUE
3295,83,43,12,Education,Alexandria / Sidi Bishr,70,40000,571.43,0,0,0.32,7.27,TRUE
3296,84,43,12,Education,Alexandria / Sidi Bishr,100,13000,130,0,0,1.23,10,TRUE
3297,85,43,12,Education,Alexandria / Sidi Bishr,60,5000,83.33,0,0,1.33,10,TRUE
3298,86,43,12,Education,Alexandria / Sidi Bishr,60,4500,75,0,0,1.34,10,TRUE
3299,87,43,12,Education,Alexandria / Sidi Bishr,230,10000,43.48,0,0,1.41,10,TRUE
3300,88,50,12,Education,Alexandria / Victoria,60,25000,416.67,3,6,0.98,8.99,TRUE
3301,89,50,12,Education,Alexandria / Victoria,55,25000,454.55,3,6,0.94,8.88,TRUE
3302,90,50,12,Education,Alexandria / Victoria,60,26000,433.33,3,6,0.96,8.89,TRUE
3303,91,50,12,Education,Alexandria / Victoria,50,20000,400,3,6,1.01,9.08,TRUE
3304,92,5,12,Education,Alexandria / Abd El-Salam Aref St,650,220000,338.46,1,2,1.11,9.7,TRUE
3305,93,5,12,Education,Alexandria / Abd El-Salam Aref St,200,65000,325,1,2,1.13,9.7,TRUE
3306,94,5,12,Education,Alexandria / Abdel Salam Aref St.,300,120000,400,1,2,1.04,9.7,TRUE
3307,95,26,12,Education,Alexandria / Ademon Fremon St.,825,412500,500,2,4,1,8.91,TRUE
3308,96,13,12,Education,Alexandria / Al Agamy,50,2000,40,1,2,1.22,9.72,TRUE
3309,97,13,12,Education,Alexandria / Al Agamy,100,12000,120,1,2,0.66,8.36,TRUE
3310,98,13,12,Education,Alexandria / Al Agamy,100,5500,55,1,2,1.12,9.7,TRUE
3311,99,20,12,Education,Alexandria / Al Moaaskar Al Romani St.,185,150000,810.81,0,0,0.79,9.15,TRUE
3312,100,20,12,Education,Alexandria / Al Moaaskar Al Romani St.,56,25000,446.43,0,0,1.11,10,TRUE
3313,101,16,12,Education,Alexandria / El Azarita,100,50000,500,1,2,1.17,9.68,TRUE
3314,102,43,12,Education,Alexandria / El Gaish Road,160,80000,500,0,0,0.46,7.86,TRUE
3315,103,43,12,Education,Alexandria / El Gaish Road,85,13000,152.94,0,0,1.18,10,TRUE
3316,104,43,12,Education,Alexandria / El Gaish Road,70,45000,642.86,0,0,0.17,6.67,TRUE
3317,105,43,12,Education,Alexandria / El Gaish Road,125,120000,960,0,0,0,6,TRUE
3318,106,43,12,Education,Alexandria / El Gaish Road,115,25000,217.39,0,0,1.05,10,TRUE
3319,107,43,12,Education,Alexandria / El Geish Rd.,60,30000,500,0,0,0.46,7.86,TRUE
3320,108,43,12,Education,Alexandria / El Geish Rd.,470,350000,744.68,0,0,0,6,TRUE
3321,109,23,12,Education,Alexandria / El Mandara,70,28000,400,1,2,0.7,8.41,TRUE
3322,110,23,12,Education,Alexandria / El Mandara Qebli,180,18000,100,1,2,1.3,9.7,TRUE
3323,111,43,12,Education,Alexandria / El-Gaish Rd,560,325000,580.36,0,0,0.3,7.19,TRUE
3324,112,43,12,Education,Alexandria / Gamal Abd El Nasir St,50,10000,200,0,0,1.09,10,TRUE
3325,113,43,12,Education,Alexandria / Gamal Abd El Nasir St,50,7000,140,0,0,1.21,10,TRUE
3326,114,43,12,Education,Alexandria / Gamal Abd El Nasir St,65,6000,92.31,0,0,1.31,10,TRUE
3327,115,43,12,Education,Alexandria / Gamal Abd El Nasir St,55,15000,272.73,0,0,0.94,9.75,TRUE
3328,116,43,12,Education,Alexandria / Gamal Abd El Nasir St,300,25000,83.33,0,0,1.33,10,TRUE
3329,117,43,12,Education,Alexandria / Gamal Abd El Nasir St,160,15000,93.75,0,0,1.31,10,TRUE
3330,118,43,12,Education,Alexandria / Gamal Abd El Nasir St,55,10000,181.82,0,0,1.12,10,TRUE
3331,119,43,12,Education,Alexandria / Gamal Abd El Nasir St,240,100000,416.67,0,0,0.64,8.55,TRUE
3332,120,43,12,Education,Alexandria / Gamal Abd El Nasir St,80,9500,118.75,0,0,1.25,10,TRUE
3333,121,43,12,Education,Alexandria / Gamal Abd El Nasir St,50,8000,160,0,0,1.17,10,TRUE
3334,122,43,12,Education,Alexandria / Gamal Abd El Nasir St,600,300000,500,0,0,0.46,7.86,TRUE
3335,123,43,12,Education,Alexandria / Gamal Abd El Nasir St,135,15000,111.11,0,0,1.27,10,TRUE
3336,124,43,12,Education,Alexandria / Gamal Abd El Nasir St,60,10000,166.67,0,0,1.15,10,TRUE
3337,125,43,12,Education,Alexandria / Gamal Abd El Nasir St,110,25000,227.27,0,0,1.03,10,TRUE
3338,126,43,12,Education,Alexandria / Gamal Abd El Nasir St,130,14000,107.69,0,0,1.28,10,TRUE
3339,127,43,12,Education,Alexandria / Gamal Abd El Nasir St,60,9000,150,0,0,1.19,10,TRUE
3340,128,43,12,Education,Alexandria / Gamal Abd El Nasir St,120,13000,108.33,0,0,1.28,10,TRUE
3341,129,43,12,Education,Alexandria / Gamal Abd El Nasir St,100,25000,250,0,0,0.98,9.94,TRUE
3342,130,43,12,Education,Alexandria / Gamal Abd El Nasir St,180,35000,194.44,0,0,1.1,10,TRUE
3343,131,43,12,Education,Alexandria / Gamal Abd El Nasir St,100,10000,100,0,0,1.29,10,TRUE
3344,132,43,12,Education,Alexandria / Gamal Abd El Nasir St,70,5000,71.43,0,0,1.35,10,TRUE
3345,133,43,12,Education,Alexandria / Gamal Abd El Nasir St,110,15000,136.36,0,0,1.22,10,TRUE
3346,134,43,12,Education,Alexandria / Gamal Abd El Nasir St,100,13000,130,0,0,1.23,10,TRUE
3347,135,43,12,Education,Alexandria / Gamal Abd El Nasir St,90,10000,111.11,0,0,1.27,10,TRUE
3348,136,43,12,Education,Alexandria / Gamal Abd El Nasir St,100,40000,400,0,0,0.67,8.69,TRUE
3349,137,43,12,Education,Alexandria / Gamal Abd El Nasir St,100,12000,120,0,0,1.25,10,TRUE
3350,138,43,12,Education,Alexandria / Gamal Abd El Nasir St,50,7500,150,0,0,1.19,10,TRUE
3351,139,43,12,Education,Alexandria / Gamal Abdel Nasser St.,250,85000,340,0,0,0.8,9.18,TRUE
3352,140,43,12,Education,Alexandria / Gamal Abdel Nasser St.,83,12000,144.58,0,0,1.2,10,TRUE
3353,141,43,12,Education,Alexandria / Gamal Abdel Nasser St.,55,30000,545.45,0,0,0.37,7.48,TRUE
3354,142,43,12,Education,Alexandria / Gamal Abdel Nasser St.,60,12000,200,0,0,1.09,10,TRUE
3355,143,43,12,Education,Alexandria / Gamal Abdel Nasser St.,200,39000,195,0,0,1.1,10,TRUE
3356,144,43,12,Education,Alexandria / Gamal Abdel Nasser St.,240,70000,291.67,0,0,0.9,9.59,TRUE
3357,145,43,12,Education,Alexandria / Gamal Abdel Nasser St.,80,12000,150,0,0,1.19,10,TRUE
3358,146,43,12,Education,Alexandria / Gamal Abdel Nasser St.,100,10000,100,0,0,1.29,10,TRUE
3359,147,43,12,Education,Alexandria / Gamal Abdel Nasser St.,240,100000,416.67,0,0,0.64,8.55,TRUE
3360,148,43,12,Education,Alexandria / Gamal Abdel Nasser St.,150,6000,40,0,0,1.42,10,TRUE
3361,149,43,12,Education,Alexandria / Gamal Abdel Nasser St.,60,25000,416.67,0,0,0.64,8.55,TRUE
3362,150,43,12,Education,Alexandria / Gamal Abdel Nasser St.,120,10000,83.33,0,0,1.33,10,TRUE
3363,151,43,12,Education,Alexandria / Gamal Abdel Nasser St.,120,15000,125,0,0,1.24,10,TRUE
3364,152,43,12,Education,Alexandria / Gamal Abdel Nasser St.,150,17000,113.33,0,0,1.27,10,TRUE
3365,153,43,12,Education,Alexandria / Gamal Abdel Nasser St.,240,90000,375,0,0,0.72,8.89,TRUE
3366,154,43,12,Education,Alexandria / Gamal Abdel Nasser St.,120,12000,100,0,0,1.29,10,TRUE
3367,155,43,12,Education,Alexandria / Gamal Abdel Nasser St.,60,5000,83.33,0,0,1.33,10,TRUE
3368,156,46,12,Education,Alexandria / Khaled Ibn El Waleed St.,200,50000,250,1,2,1.03,9.7,TRUE
3369,157,46,12,Education,Alexandria / Khaled Ibn El Waleed St.,90,14000,155.56,1,2,1.21,9.7,TRUE
3370,158,46,12,Education,Alexandria / Khaled Ibn El Waleed St.,148,45000,304.05,1,2,0.92,9.39,TRUE
3371,159,46,12,Education,Alexandria / Khaled Ibn El Waleed St.,180,50000,277.78,1,2,0.97,9.58,TRUE
3372,160,46,12,Education,Alexandria / Khaled Ibn El Waleed St.,150,30000,200,1,2,1.12,9.7,TRUE
3373,161,22,12,Education,Alexandria / Kornesh El-Maamoura St,140,135000,964.29,0,0,0.57,8.3,TRUE
3374,162,14,12,Education,Alexandria / La Jetee St.,65,20000,307.69,2,4,0.97,8.91,TRUE
3375,163,14,12,Education,Alexandria / La Jetee St.,125,20000,160,2,4,1.22,8.91,TRUE
3376,164,14,12,Education,Alexandria / La Jetee St.,100,15000,150,2,4,1.24,8.91,TRUE
3377,165,37,12,Education,Alexandria / Miami,70,10000,142.86,0,0,1.16,10,TRUE
3378,166,37,12,Education,Alexandria / Miami,60,15000,250,0,0,0.9,9.59,TRUE
3379,167,38,12,Education,Alexandria / Mohammed Al Eqbal St.,80,25000,312.5,0,0,0.94,9.75,TRUE
3380,168,38,12,Education,Alexandria / Mohammed Al Eqbal St.,80,20000,250,0,0,1.06,10.01,TRUE
3381,169,20,12,Education,Alexandria / Mohammed Darwish El-Deeb St.,85,120000,1411.76,0,0,0.26,7.04,TRUE
3382,170,31,12,Education,Alexandria / Mohammed Fawzi Moaz St.,250,250000,1000,0,0,1,9.98,TRUE
3383,171,40,12,Education,Alexandria / Mostafa Fahmy St,700,95000,135.71,0,0,1.25,10,TRUE
3384,172,20,12,Education,Alexandria / New El Hadra,150,15000,100,0,0,1.41,10,TRUE
3385,173,20,12,Education,Alexandria / New El Hadra,150,12000,80,0,0,1.43,10,TRUE
3386,174,5,12,Education,Alexandria / Riad St,310,210000,677.42,1,2,0.72,8.57,TRUE
3387,175,40,12,Education,Alexandria / Roushdy Basha St.,60,25000,416.67,0,0,0.75,8.98,TRUE
3388,176,16,12,Education,Alexandria / Saad Zaghloul St.,100,100000,1000,1,2,0.83,9.06,TRUE
3389,177,46,12,Education,Alexandria / Salah Salem St.,183,45000,245.9,1,2,1.03,9.7,TRUE
3390,178,46,12,Education,Alexandria / Salah Salem St.,194,80000,412.37,1,2,0.72,8.57,TRUE
3391,179,14,12,Education,Alexandria / Sant Giyn St.,138,75000,543.48,2,4,0.56,7.37,TRUE
3392,180,22,12,Education,Alexandria / Shatee El Nakheel,450,35000,77.78,0,0,1.43,10,TRUE
3393,181,43,12,Education,Alexandria / Sidi Bishr,70,8500,121.43,0,0,1.25,10,TRUE
3394,182,43,12,Education,Alexandria / Sidi Bishr,100,13000,130,0,0,1.23,10,TRUE
3395,183,43,12,Education,Alexandria / Sidi Bishr,60,5000,83.33,0,0,1.33,10,TRUE
3396,184,43,12,Education,Alexandria / Sidi Bishr,60,4500,75,0,0,1.34,10,TRUE
3397,185,43,12,Education,Alexandria / Sidi Bishr,70,40000,571.43,0,0,0.32,7.27,TRUE
3398,186,43,12,Education,Alexandria / Sidi Bishr,230,10000,43.48,0,0,1.41,10,TRUE
3399,187,50,12,Education,Alexandria / Victoria,50,20000,400,3,6,1.01,9.08,TRUE
3400,188,50,12,Education,Alexandria / Victoria,60,25000,416.67,3,6,0.98,8.99,TRUE
3401,189,50,12,Education,Alexandria / Victoria,55,25000,454.55,3,6,0.94,8.88,TRUE
3402,190,50,12,Education,Alexandria / Victoria,55,15000,272.73,3,6,1.16,8.91,TRUE
3403,191,50,12,Education,Alexandria / Victoria,60,26000,433.33,3,6,0.96,8.89,TRUE
3404,192,5,12,Education,Alexandria / Abd El-Salam Aref St,650,220000,338.46,1,2,1.11,9.7,TRUE
3405,193,5,12,Education,Alexandria / Abd El-Salam Aref St,200,65000,325,1,2,1.13,9.7,TRUE
3406,194,5,12,Education,Alexandria / Abdel Salam Aref St.,300,120000,400,1,2,1.04,9.7,TRUE
3407,195,26,12,Education,Alexandria / Ademon Fremon St.,825,412500,500,2,4,1,8.91,TRUE
3408,196,13,12,Education,Alexandria / Al Agamy,100,5500,55,1,2,1.12,9.7,TRUE
3409,197,13,12,Education,Alexandria / Al Agamy,100,12000,120,1,2,0.66,8.36,TRUE
3410,198,13,12,Education,Alexandria / Al Agamy,50,2000,40,1,2,1.22,9.72,TRUE
3411,199,20,12,Education,Alexandria / Al Moaaskar Al Romani St.,56,25000,446.43,0,0,1.11,10,TRUE
3412,200,20,12,Education,Alexandria / Al Moaaskar Al Romani St.,185,150000,810.81,0,0,0.79,9.15,TRUE
3413,201,16,12,Education,Alexandria / El Azarita,100,50000,500,1,2,1.17,9.68,TRUE
3414,202,43,12,Education,Alexandria / El Gaish Road,70,45000,642.86,0,0,0.17,6.67,TRUE
3415,203,43,12,Education,Alexandria / El Gaish Road,85,13000,152.94,0,0,1.18,10,TRUE
3416,204,43,12,Education,Alexandria / El Gaish Road,125,120000,960,0,0,0,6,TRUE
3417,205,43,12,Education,Alexandria / El Gaish Road,115,25000,217.39,0,0,1.05,10,TRUE
3418,206,43,12,Education,Alexandria / El Gaish Road,160,80000,500,0,0,0.46,7.86,TRUE
3419,207,43,12,Education,Alexandria / El Geish Rd.,470,350000,744.68,0,0,0,6,TRUE
3420,208,43,12,Education,Alexandria / El Geish Rd.,60,30000,500,0,0,0.46,7.86,TRUE
3421,209,23,12,Education,Alexandria / El Mandara,70,28000,400,1,2,0.7,8.41,TRUE
3422,210,23,12,Education,Alexandria / El Mandara Qebli,180,18000,100,1,2,1.3,9.7,TRUE
3423,211,43,12,Education,Alexandria / El-Gaish Rd,560,325000,580.36,0,0,0.3,7.19,TRUE
3424,212,43,12,Education,Alexandria / El-Gaish Rd,60,19000,316.67,0,0,0.84,9.38,TRUE
3425,213,43,12,Education,Alexandria / Gamal Abd El Nasir St,55,15000,272.73,0,0,0.94,9.75,TRUE
3426,214,43,12,Education,Alexandria / Gamal Abd El Nasir St,100,10000,100,0,0,1.29,10,TRUE
3427,215,43,12,Education,Alexandria / Gamal Abd El Nasir St,70,5000,71.43,0,0,1.35,10,TRUE
3428,216,43,12,Education,Alexandria / Gamal Abd El Nasir St,50,7000,140,0,0,1.21,10,TRUE
3429,217,43,12,Education,Alexandria / Gamal Abd El Nasir St,100,40000,400,0,0,0.67,8.69,TRUE
3430,218,43,12,Education,Alexandria / Gamal Abd El Nasir St,240,100000,416.67,0,0,0.64,8.55,TRUE
3431,219,43,12,Education,Alexandria / Gamal Abd El Nasir St,55,10000,181.82,0,0,1.12,10,TRUE
3432,220,43,12,Education,Alexandria / Gamal Abd El Nasir St,160,15000,93.75,0,0,1.31,10,TRUE
3433,221,43,12,Education,Alexandria / Gamal Abd El Nasir St,60,9000,150,0,0,1.19,10,TRUE
3434,222,43,12,Education,Alexandria / Gamal Abd El Nasir St,50,7500,150,0,0,1.19,10,TRUE
3435,223,43,12,Education,Alexandria / Gamal Abd El Nasir St,300,25000,83.33,0,0,1.33,10,TRUE
3436,224,43,12,Education,Alexandria / Gamal Abd El Nasir St,60,10000,166.67,0,0,1.15,10,TRUE
3437,225,43,12,Education,Alexandria / Gamal Abd El Nasir St,50,8000,160,0,0,1.17,10,TRUE
3438,226,43,12,Education,Alexandria / Gamal Abd El Nasir St,65,6000,92.31,0,0,1.31,10,TRUE
3439,227,43,12,Education,Alexandria / Gamal Abd El Nasir St,110,15000,136.36,0,0,1.22,10,TRUE
3440,228,43,12,Education,Alexandria / Gamal Abd El Nasir St,600,300000,500,0,0,0.46,7.86,TRUE
3441,229,43,12,Education,Alexandria / Gamal Abd El Nasir St,80,9500,118.75,0,0,1.25,10,TRUE
3442,230,43,12,Education,Alexandria / Gamal Abd El Nasir St,130,14000,107.69,0,0,1.28,10,TRUE
3443,231,43,12,Education,Alexandria / Gamal Abd El Nasir St,100,12000,120,0,0,1.25,10,TRUE
3444,232,43,12,Education,Alexandria / Gamal Abd El Nasir St,100,25000,250,0,0,0.98,9.94,TRUE
3445,233,43,12,Education,Alexandria / Gamal Abd El Nasir St,120,13000,108.33,0,0,1.28,10,TRUE
3446,234,43,12,Education,Alexandria / Gamal Abd El Nasir St,110,25000,227.27,0,0,1.03,10,TRUE
3447,235,43,12,Education,Alexandria / Gamal Abd El Nasir St,100,13000,130,0,0,1.23,10,TRUE
3448,236,43,12,Education,Alexandria / Gamal Abd El Nasir St,90,10000,111.11,0,0,1.27,10,TRUE
3449,237,43,12,Education,Alexandria / Gamal Abd El Nasir St,135,15000,111.11,0,0,1.27,10,TRUE
3450,238,43,12,Education,Alexandria / Gamal Abd El Nasir St,180,35000,194.44,0,0,1.1,10,TRUE
3451,239,43,12,Education,Alexandria / Gamal Abd El Nasir St,50,10000,200,0,0,1.09,10,TRUE
3452,240,43,12,Education,Alexandria / Gamal Abdel Nasser St.,83,12000,144.58,0,0,1.2,10,TRUE
3453,241,43,12,Education,Alexandria / Gamal Abdel Nasser St.,60,5000,83.33,0,0,1.33,10,TRUE
3454,242,43,12,Education,Alexandria / Gamal Abdel Nasser St.,150,17000,113.33,0,0,1.27,10,TRUE
3455,243,43,12,Education,Alexandria / Gamal Abdel Nasser St.,200,39000,195,0,0,1.1,10,TRUE
3456,244,43,12,Education,Alexandria / Gamal Abdel Nasser St.,150,6000,40,0,0,1.42,10,TRUE
3457,245,43,12,Education,Alexandria / Gamal Abdel Nasser St.,240,100000,416.67,0,0,0.64,8.55,TRUE
3458,246,43,12,Education,Alexandria / Gamal Abdel Nasser St.,60,25000,416.67,0,0,0.64,8.55,TRUE
3459,247,43,12,Education,Alexandria / Gamal Abdel Nasser St.,240,70000,291.67,0,0,0.9,9.59,TRUE
3460,248,43,12,Education,Alexandria / Gamal Abdel Nasser St.,80,12000,150,0,0,1.19,10,TRUE
3461,249,43,12,Education,Alexandria / Gamal Abdel Nasser St.,120,15000,125,0,0,1.24,10,TRUE
3462,250,43,12,Education,Alexandria / Gamal Abdel Nasser St.,120,10000,83.33,0,0,1.33,10,TRUE
3463,251,43,12,Education,Alexandria / Gamal Abdel Nasser St.,120,12000,100,0,0,1.29,10,TRUE
3464,252,43,12,Education,Alexandria / Gamal Abdel Nasser St.,250,85000,340,0,0,0.8,9.18,TRUE
3465,253,43,12,Education,Alexandria / Gamal Abdel Nasser St.,55,30000,545.45,0,0,0.37,7.48,TRUE
3466,254,43,12,Education,Alexandria / Gamal Abdel Nasser St.,60,12000,200,0,0,1.09,10,TRUE
3467,255,43,12,Education,Alexandria / Gamal Abdel Nasser St.,100,10000,100,0,0,1.29,10,TRUE
3468,256,43,12,Education,Alexandria / Gamal Abdel Nasser St.,240,90000,375,0,0,0.72,8.89,TRUE
3469,257,46,12,Education,Alexandria / Khaled Ibn El Waleed St.,90,14000,155.56,1,2,1.21,9.7,TRUE
3470,258,46,12,Education,Alexandria / Khaled Ibn El Waleed St.,200,50000,250,1,2,1.03,9.7,TRUE
3471,259,46,12,Education,Alexandria / Khaled Ibn El Waleed St.,150,30000,200,1,2,1.12,9.7,TRUE
3472,260,46,12,Education,Alexandria / Khaled Ibn El Waleed St.,180,50000,277.78,1,2,0.97,9.58,TRUE
3473,261,46,12,Education,Alexandria / Khaled Ibn El Waleed St.,148,45000,304.05,1,2,0.92,9.39,TRUE
3474,262,22,12,Education,Alexandria / Kornesh El-Maamoura St,140,135000,964.29,0,0,0.57,8.3,TRUE
3475,263,14,12,Education,Alexandria / La Jetee St.,65,20000,307.69,2,4,0.97,8.91,TRUE
3476,264,14,12,Education,Alexandria / La Jetee St.,125,20000,160,2,4,1.22,8.91,TRUE
3477,265,14,12,Education,Alexandria / La Jetee St.,100,15000,150,2,4,1.24,8.91,TRUE
3478,266,37,12,Education,Alexandria / Miami,70,10000,142.86,0,0,1.16,10,TRUE
3479,267,37,12,Education,Alexandria / Miami,60,15000,250,0,0,0.9,9.59,TRUE
3480,268,38,12,Education,Alexandria / Mohammed Al Eqbal St.,80,20000,250,0,0,1.06,10.01,TRUE
3481,269,38,12,Education,Alexandria / Mohammed Al Eqbal St.,80,25000,312.5,0,0,0.94,9.75,TRUE
3482,270,20,12,Education,Alexandria / Mohammed Darwish El-Deeb St.,85,120000,1411.76,0,0,0.26,7.04,TRUE
3483,271,31,12,Education,Alexandria / Mohammed Fawzi Moaz St.,250,250000,1000,0,0,1,9.98,TRUE
3484,272,40,12,Education,Alexandria / Mostafa Fahmy St,700,95000,135.71,0,0,1.25,10,TRUE
3485,273,20,12,Education,Alexandria / New El Hadra,150,15000,100,0,0,1.41,10,TRUE
3486,274,20,12,Education,Alexandria / New El Hadra,150,12000,80,0,0,1.43,10,TRUE
3487,275,5,12,Education,Alexandria / Riad St,310,210000,677.42,1,2,0.72,8.57,TRUE
3488,276,40,12,Education,Alexandria / Roushdy Basha St.,60,25000,416.67,0,0,0.75,8.98,TRUE
3489,277,16,12,Education,Alexandria / Saad Zaghloul St.,100,100000,1000,1,2,0.83,9.06,TRUE
3490,278,46,12,Education,Alexandria / Salah Salem St.,183,45000,245.9,1,2,1.03,9.7,TRUE
3491,279,46,12,Education,Alexandria / Salah Salem St.,194,80000,412.37,1,2,0.72,8.57,TRUE
3492,280,14,12,Education,Alexandria / Sant Giyn St.,138,75000,543.48,2,4,0.56,7.37,TRUE
3493,281,22,12,Education,Alexandria / Shatee El Nakheel,450,35000,77.78,0,0,1.43,10,TRUE
3494,282,43,12,Education,Alexandria / Sidi Bishr,70,40000,571.43,0,0,0.32,7.27,TRUE
3495,283,43,12,Education,Alexandria / Sidi Bishr,100,13000,130,0,0,1.23,10,TRUE
3496,284,43,12,Education,Alexandria / Sidi Bishr,60,5000,83.33,0,0,1.33,10,TRUE
3497,285,43,12,Education,Alexandria / Sidi Bishr,230,10000,43.48,0,0,1.41,10,TRUE
3498,286,43,12,Education,Alexandria / Sidi Bishr,70,8500,121.43,0,0,1.25,10,TRUE
3499,287,43,12,Education,Alexandria / Sidi Bishr,60,4500,75,0,0,1.34,10,TRUE
3500,288,50,12,Education,Alexandria / Victoria,55,15000,272.73,3,6,1.16,8.91,TRUE
3501,289,50,12,Education,Alexandria / Victoria,60,25000,416.67,3,6,0.98,8.99,TRUE
3502,290,50,12,Education,Alexandria / Victoria,50,20000,400,3,6,1.01,9.08,TRUE
3503,291,50,12,Education,Alexandria / Victoria,60,26000,433.33,3,6,0.96,8.89,TRUE
3504,292,50,12,Education,Alexandria / Victoria,55,25000,454.55,3,6,0.94,8.88,TRUE
