fact_id,prop_id,area_id,business_type_id,category,street_name,area_sqm,rent_monthly_egp,rent_per_sqm,competitors_500m,competitors_1km,affordability_score,suitability_score,recommended
1,1,5,1,Financial Services,Alexandria / Abd El-Salam Aref St,650,220000,338.46,19,48,1.14,4.42,False
2,1,5,2,Food & Beverage,Alexandria / Abd El-Salam Aref St,650,220000,338.46,100,141,1.14,4.14,False
3,1,5,3,Food & Beverage,Alexandria / Abd El-Salam Aref St,650,220000,338.46,100,141,1.14,4.14,False
4,1,5,4,Food & Beverage,Alexandria / Abd El-Salam Aref St,650,220000,338.46,100,141,1.14,4.14,False
5,1,5,5,Food & Beverage,Alexandria / Abd El-Salam Aref St,650,220000,338.46,100,141,1.14,4.14,False
6,1,5,6,Health & Fitness,Alexandria / Abd El-Salam Aref St,650,220000,338.46,1,1,1.14,9.7,True
7,1,5,7,Healthcare,Alexandria / Abd El-Salam Aref St,650,220000,338.46,42,74,1.14,4.27,False
8,1,5,8,Healthcare,Alexandria / Abd El-Salam Aref St,650,220000,338.46,42,74,1.14,4.27,False
9,1,5,9,Retail,Alexandria / Abd El-Salam Aref St,650,220000,338.46,164,173,1.14,4.12,False
10,1,5,10,Retail,Alexandria / Abd El-Salam Aref St,650,220000,338.46,164,173,1.14,4.12,False
11,1,5,11,Tourism & Hospitality,Alexandria / Abd El-Salam Aref St,650,220000,338.46,20,29,1.14,4.69,False
12,2,5,1,Financial Services,Alexandria / Abd El-Salam Aref St,200,65000,325,19,48,1.15,4.42,False
13,2,5,2,Food & Beverage,Alexandria / Abd El-Salam Aref St,200,65000,325,100,141,1.15,4.14,False
14,2,5,3,Food & Beverage,Alexandria / Abd El-Salam Aref St,200,65000,325,100,141,1.15,4.14,False
15,2,5,4,Food & Beverage,Alexandria / Abd El-Salam Aref St,200,65000,325,100,141,1.15,4.14,False
16,2,5,5,Food & Beverage,Alexandria / Abd El-Salam Aref St,200,65000,325,100,141,1.15,4.14,False
17,2,5,6,Health & Fitness,Alexandria / Abd El-Salam Aref St,200,65000,325,1,1,1.15,9.7,True
18,2,5,7,Healthcare,Alexandria / Abd El-Salam Aref St,200,65000,325,42,74,1.15,4.27,False
19,2,5,8,Healthcare,Alexandria / Abd El-Salam Aref St,200,65000,325,42,74,1.15,4.27,False
20,2,5,9,Retail,Alexandria / Abd El-Salam Aref St,200,65000,325,164,173,1.15,4.12,False
21,2,5,10,Retail,Alexandria / Abd El-Salam Aref St,200,65000,325,164,173,1.15,4.12,False
22,2,5,11,Tourism & Hospitality,Alexandria / Abd El-Salam Aref St,200,65000,325,20,29,1.15,4.69,False
23,3,5,1,Financial Services,Alexandria / Abdel Salam Aref St.,300,120000,400,19,48,1.07,4.42,False
24,3,5,2,Food & Beverage,Alexandria / Abdel Salam Aref St.,300,120000,400,100,141,1.07,4.14,False
25,3,5,3,Food & Beverage,Alexandria / Abdel Salam Aref St.,300,120000,400,100,141,1.07,4.14,False
26,3,5,4,Food & Beverage,Alexandria / Abdel Salam Aref St.,300,120000,400,100,141,1.07,4.14,False
27,3,5,5,Food & Beverage,Alexandria / Abdel Salam Aref St.,300,120000,400,100,141,1.07,4.14,False
28,3,5,6,Health & Fitness,Alexandria / Abdel Salam Aref St.,300,120000,400,1,1,1.07,9.7,True
29,3,5,7,Healthcare,Alexandria / Abdel Salam Aref St.,300,120000,400,42,74,1.07,4.27,False
30,3,5,8,Healthcare,Alexandria / Abdel Salam Aref St.,300,120000,400,42,74,1.07,4.27,False
31,3,5,9,Retail,Alexandria / Abdel Salam Aref St.,300,120000,400,164,173,1.07,4.12,False
32,3,5,10,Retail,Alexandria / Abdel Salam Aref St.,300,120000,400,164,173,1.07,4.12,False
33,3,5,11,Tourism & Hospitality,Alexandria / Abdel Salam Aref St.,300,120000,400,20,29,1.07,4.69,False
34,4,26,1,Financial Services,Alexandria / Ademon Fremon St.,825,412500,500,23,50,1,4.28,False
35,4,26,2,Food & Beverage,Alexandria / Ademon Fremon St.,825,412500,500,50,151,1,4.09,False
36,4,26,3,Food & Beverage,Alexandria / Ademon Fremon St.,825,412500,500,50,151,1,4.09,False
37,4,26,4,Food & Beverage,Alexandria / Ademon Fremon St.,825,412500,500,50,151,1,4.09,False
38,4,26,5,Food & Beverage,Alexandria / Ademon Fremon St.,825,412500,500,50,151,1,4.09,False
39,4,26,6,Health & Fitness,Alexandria / Ademon Fremon St.,825,412500,500,1,3,1,9.7,True
40,4,26,7,Healthcare,Alexandria / Ademon Fremon St.,825,412500,500,33,71,1,4.2,False
41,4,26,8,Healthcare,Alexandria / Ademon Fremon St.,825,412500,500,33,71,1,4.2,False
42,4,26,9,Retail,Alexandria / Ademon Fremon St.,825,412500,500,48,174,1,4.08,False
43,4,26,10,Retail,Alexandria / Ademon Fremon St.,825,412500,500,48,174,1,4.08,False
44,4,26,11,Tourism & Hospitality,Alexandria / Ademon Fremon St.,825,412500,500,0,27,1,7.52,True
45,5,13,1,Financial Services,Alexandria / Al Agamy,100,5500,55,0,0,1.17,10,True
46,5,13,2,Food & Beverage,Alexandria / Al Agamy,100,5500,55,0,0,1.17,10,True
47,5,13,3,Food & Beverage,Alexandria / Al Agamy,100,5500,55,0,0,1.17,10,True
48,5,13,4,Food & Beverage,Alexandria / Al Agamy,100,5500,55,0,0,1.17,10,True
49,5,13,5,Food & Beverage,Alexandria / Al Agamy,100,5500,55,0,0,1.17,10,True
50,5,13,6,Health & Fitness,Alexandria / Al Agamy,100,5500,55,0,0,1.17,10,True
51,5,13,7,Healthcare,Alexandria / Al Agamy,100,5500,55,1,1,1.17,9.7,True
52,5,13,8,Healthcare,Alexandria / Al Agamy,100,5500,55,1,1,1.17,9.7,True
53,5,13,9,Retail,Alexandria / Al Agamy,100,5500,55,0,0,1.17,10,True
54,5,13,10,Retail,Alexandria / Al Agamy,100,5500,55,0,0,1.17,10,True
55,5,13,11,Tourism & Hospitality,Alexandria / Al Agamy,100,5500,55,0,0,1.17,10,True
56,6,13,1,Financial Services,Alexandria / Al Agamy,100,12000,120,0,0,0.77,9.09,True
57,6,13,2,Food & Beverage,Alexandria / Al Agamy,100,12000,120,0,0,0.77,9.09,True
58,6,13,3,Food & Beverage,Alexandria / Al Agamy,100,12000,120,0,0,0.77,9.09,True
59,6,13,4,Food & Beverage,Alexandria / Al Agamy,100,12000,120,0,0,0.77,9.09,True
60,6,13,5,Food & Beverage,Alexandria / Al Agamy,100,12000,120,0,0,0.77,9.09,True
61,6,13,6,Health & Fitness,Alexandria / Al Agamy,100,12000,120,0,0,0.77,9.09,True
62,6,13,7,Healthcare,Alexandria / Al Agamy,100,12000,120,1,1,0.77,8.79,True
63,6,13,8,Healthcare,Alexandria / Al Agamy,100,12000,120,1,1,0.77,8.79,True
64,6,13,9,Retail,Alexandria / Al Agamy,100,12000,120,0,0,0.77,9.09,True
65,6,13,10,Retail,Alexandria / Al Agamy,100,12000,120,0,0,0.77,9.09,True
66,6,13,11,Tourism & Hospitality,Alexandria / Al Agamy,100,12000,120,0,0,0.77,9.09,True
67,7,13,1,Financial Services,Alexandria / Al Agamy,50,2000,40,0,0,1.26,10,True
68,7,13,2,Food & Beverage,Alexandria / Al Agamy,50,2000,40,0,0,1.26,10,True
69,7,13,3,Food & Beverage,Alexandria / Al Agamy,50,2000,40,0,0,1.26,10,True
70,7,13,4,Food & Beverage,Alexandria / Al Agamy,50,2000,40,0,0,1.26,10,True
71,7,13,5,Food & Beverage,Alexandria / Al Agamy,50,2000,40,0,0,1.26,10,True
72,7,13,6,Health & Fitness,Alexandria / Al Agamy,50,2000,40,0,0,1.26,10,True
73,7,13,7,Healthcare,Alexandria / Al Agamy,50,2000,40,1,1,1.26,9.7,True
74,7,13,8,Healthcare,Alexandria / Al Agamy,50,2000,40,1,1,1.26,9.7,True
75,7,13,9,Retail,Alexandria / Al Agamy,50,2000,40,0,0,1.26,10,True
76,7,13,10,Retail,Alexandria / Al Agamy,50,2000,40,0,0,1.26,10,True
77,7,13,11,Tourism & Hospitality,Alexandria / Al Agamy,50,2000,40,0,0,1.26,10,True
78,8,20,1,Financial Services,Alexandria / Al Moaaskar Al Romani St.,56,25000,446.43,0,0,1.11,10,True
79,8,20,2,Food & Beverage,Alexandria / Al Moaaskar Al Romani St.,56,25000,446.43,0,3,1.11,10,True
80,8,20,3,Food & Beverage,Alexandria / Al Moaaskar Al Romani St.,56,25000,446.43,0,3,1.11,10,True
81,8,20,4,Food & Beverage,Alexandria / Al Moaaskar Al Romani St.,56,25000,446.43,0,3,1.11,10,True
82,8,20,5,Food & Beverage,Alexandria / Al Moaaskar Al Romani St.,56,25000,446.43,0,3,1.11,10,True
83,8,20,6,Health & Fitness,Alexandria / Al Moaaskar Al Romani St.,56,25000,446.43,0,0,1.11,10,True
84,8,20,7,Healthcare,Alexandria / Al Moaaskar Al Romani St.,56,25000,446.43,6,11,1.11,7.2,True
85,8,20,8,Healthcare,Alexandria / Al Moaaskar Al Romani St.,56,25000,446.43,6,11,1.11,7.2,True
86,8,20,9,Retail,Alexandria / Al Moaaskar Al Romani St.,56,25000,446.43,0,1,1.11,10,True
87,8,20,10,Retail,Alexandria / Al Moaaskar Al Romani St.,56,25000,446.43,0,1,1.11,10,True
88,8,20,11,Tourism & Hospitality,Alexandria / Al Moaaskar Al Romani St.,56,25000,446.43,0,0,1.11,10,True
89,9,20,1,Financial Services,Alexandria / Al Moaaskar Al Romani St.,185,150000,810.81,0,0,0.79,9.15,True
90,9,20,2,Food & Beverage,Alexandria / Al Moaaskar Al Romani St.,185,150000,810.81,0,3,0.79,9.15,True
91,9,20,3,Food & Beverage,Alexandria / Al Moaaskar Al Romani St.,185,150000,810.81,0,3,0.79,9.15,True
92,9,20,4,Food & Beverage,Alexandria / Al Moaaskar Al Romani St.,185,150000,810.81,0,3,0.79,9.15,True
93,9,20,5,Food & Beverage,Alexandria / Al Moaaskar Al Romani St.,185,150000,810.81,0,3,0.79,9.15,True
94,9,20,6,Health & Fitness,Alexandria / Al Moaaskar Al Romani St.,185,150000,810.81,0,0,0.79,9.15,True
95,9,20,7,Healthcare,Alexandria / Al Moaaskar Al Romani St.,185,150000,810.81,6,11,0.79,6.35,True
96,9,20,8,Healthcare,Alexandria / Al Moaaskar Al Romani St.,185,150000,810.81,6,11,0.79,6.35,True
97,9,20,9,Retail,Alexandria / Al Moaaskar Al Romani St.,185,150000,810.81,0,1,0.79,9.15,True
98,9,20,10,Retail,Alexandria / Al Moaaskar Al Romani St.,185,150000,810.81,0,1,0.79,9.15,True
99,9,20,11,Tourism & Hospitality,Alexandria / Al Moaaskar Al Romani St.,185,150000,810.81,0,0,0.79,9.15,True
100,10,16,1,Financial Services,Alexandria / El Azarita,100,50000,500,9,43,1.17,4.77,False
101,10,16,2,Food & Beverage,Alexandria / El Azarita,100,50000,500,30,132,1.17,4.15,False
102,10,16,3,Food & Beverage,Alexandria / El Azarita,100,50000,500,30,132,1.17,4.15,False
103,10,16,4,Food & Beverage,Alexandria / El Azarita,100,50000,500,30,132,1.17,4.15,False
104,10,16,5,Food & Beverage,Alexandria / El Azarita,100,50000,500,30,132,1.17,4.15,False
105,10,16,6,Health & Fitness,Alexandria / El Azarita,100,50000,500,0,2,1.17,10,True
106,10,16,7,Healthcare,Alexandria / El Azarita,100,50000,500,29,66,1.17,4.3,False
107,10,16,8,Healthcare,Alexandria / El Azarita,100,50000,500,29,66,1.17,4.3,False
108,10,16,9,Retail,Alexandria / El Azarita,100,50000,500,22,169,1.17,4.12,False
109,10,16,10,Retail,Alexandria / El Azarita,100,50000,500,22,169,1.17,4.12,False
110,10,16,11,Tourism & Hospitality,Alexandria / El Azarita,100,50000,500,0,19,1.17,8.05,True
111,11,43,1,Financial Services,Alexandria / El Gaish Road,70,45000,642.86,0,0,0.32,7.27,True
112,11,43,2,Food & Beverage,Alexandria / El Gaish Road,70,45000,642.86,0,0,0.32,7.27,True
113,11,43,3,Food & Beverage,Alexandria / El Gaish Road,70,45000,642.86,0,0,0.32,7.27,True
114,11,43,4,Food & Beverage,Alexandria / El Gaish Road,70,45000,642.86,0,0,0.32,7.27,True
115,11,43,5,Food & Beverage,Alexandria / El Gaish Road,70,45000,642.86,0,0,0.32,7.27,True
116,11,43,6,Health & Fitness,Alexandria / El Gaish Road,70,45000,642.86,0,0,0.32,7.27,True
117,11,43,7,Healthcare,Alexandria / El Gaish Road,70,45000,642.86,2,2,0.32,6.67,True
118,11,43,8,Healthcare,Alexandria / El Gaish Road,70,45000,642.86,2,2,0.32,6.67,True
119,11,43,9,Retail,Alexandria / El Gaish Road,70,45000,642.86,0,0,0.32,7.27,True
120,11,43,10,Retail,Alexandria / El Gaish Road,70,45000,642.86,0,0,0.32,7.27,True
121,11,43,11,Tourism & Hospitality,Alexandria / El Gaish Road,70,45000,642.86,0,0,0.32,7.27,True
122,12,43,1,Financial Services,Alexandria / El Gaish Road,85,13000,152.94,0,0,1.22,10,True
123,12,43,2,Food & Beverage,Alexandria / El Gaish Road,85,13000,152.94,0,0,1.22,10,True
124,12,43,3,Food & Beverage,Alexandria / El Gaish Road,85,13000,152.94,0,0,1.22,10,True
125,12,43,4,Food & Beverage,Alexandria / El Gaish Road,85,13000,152.94,0,0,1.22,10,True
126,12,43,5,Food & Beverage,Alexandria / El Gaish Road,85,13000,152.94,0,0,1.22,10,True
127,12,43,6,Health & Fitness,Alexandria / El Gaish Road,85,13000,152.94,0,0,1.22,10,True
128,12,43,7,Healthcare,Alexandria / El Gaish Road,85,13000,152.94,2,2,1.22,9.4,True
129,12,43,8,Healthcare,Alexandria / El Gaish Road,85,13000,152.94,2,2,1.22,9.4,True
130,12,43,9,Retail,Alexandria / El Gaish Road,85,13000,152.94,0,0,1.22,10,True
131,12,43,10,Retail,Alexandria / El Gaish Road,85,13000,152.94,0,0,1.22,10,True
132,12,43,11,Tourism & Hospitality,Alexandria / El Gaish Road,85,13000,152.94,0,0,1.22,10,True
133,13,43,1,Financial Services,Alexandria / El Gaish Road,125,120000,960,0,0,0,6,True
134,13,43,2,Food & Beverage,Alexandria / El Gaish Road,125,120000,960,0,0,0,6,True
135,13,43,3,Food & Beverage,Alexandria / El Gaish Road,125,120000,960,0,0,0,6,True
136,13,43,4,Food & Beverage,Alexandria / El Gaish Road,125,120000,960,0,0,0,6,True
137,13,43,5,Food & Beverage,Alexandria / El Gaish Road,125,120000,960,0,0,0,6,True
138,13,43,6,Health & Fitness,Alexandria / El Gaish Road,125,120000,960,0,0,0,6,True
139,13,43,7,Healthcare,Alexandria / El Gaish Road,125,120000,960,2,2,0,5.4,False
140,13,43,8,Healthcare,Alexandria / El Gaish Road,125,120000,960,2,2,0,5.4,False
141,13,43,9,Retail,Alexandria / El Gaish Road,125,120000,960,0,0,0,6,True
142,13,43,10,Retail,Alexandria / El Gaish Road,125,120000,960,0,0,0,6,True
143,13,43,11,Tourism & Hospitality,Alexandria / El Gaish Road,125,120000,960,0,0,0,6,True
144,14,43,1,Financial Services,Alexandria / El Gaish Road,115,25000,217.39,0,0,1.1,10,True
145,14,43,2,Food & Beverage,Alexandria / El Gaish Road,115,25000,217.39,0,0,1.1,10,True
146,14,43,3,Food & Beverage,Alexandria / El Gaish Road,115,25000,217.39,0,0,1.1,10,True
147,14,43,4,Food & Beverage,Alexandria / El Gaish Road,115,25000,217.39,0,0,1.1,10,True
148,14,43,5,Food & Beverage,Alexandria / El Gaish Road,115,25000,217.39,0,0,1.1,10,True
149,14,43,6,Health & Fitness,Alexandria / El Gaish Road,115,25000,217.39,0,0,1.1,10,True
150,14,43,7,Healthcare,Alexandria / El Gaish Road,115,25000,217.39,2,2,1.1,9.4,True
151,14,43,8,Healthcare,Alexandria / El Gaish Road,115,25000,217.39,2,2,1.1,9.4,True
152,14,43,9,Retail,Alexandria / El Gaish Road,115,25000,217.39,0,0,1.1,10,True
153,14,43,10,Retail,Alexandria / El Gaish Road,115,25000,217.39,0,0,1.1,10,True
154,14,43,11,Tourism & Hospitality,Alexandria / El Gaish Road,115,25000,217.39,0,0,1.1,10,True
155,15,43,1,Financial Services,Alexandria / El Gaish Road,160,80000,500,0,0,0.58,8.32,True
156,15,43,2,Food & Beverage,Alexandria / El Gaish Road,160,80000,500,0,0,0.58,8.32,True
157,15,43,3,Food & Beverage,Alexandria / El Gaish Road,160,80000,500,0,0,0.58,8.32,True
158,15,43,4,Food & Beverage,Alexandria / El Gaish Road,160,80000,500,0,0,0.58,8.32,True
159,15,43,5,Food & Beverage,Alexandria / El Gaish Road,160,80000,500,0,0,0.58,8.32,True
160,15,43,6,Health & Fitness,Alexandria / El Gaish Road,160,80000,500,0,0,0.58,8.32,True
161,15,43,7,Healthcare,Alexandria / El Gaish Road,160,80000,500,2,2,0.58,7.72,True
162,15,43,8,Healthcare,Alexandria / El Gaish Road,160,80000,500,2,2,0.58,7.72,True
163,15,43,9,Retail,Alexandria / El Gaish Road,160,80000,500,0,0,0.58,8.32,True
164,15,43,10,Retail,Alexandria / El Gaish Road,160,80000,500,0,0,0.58,8.32,True
165,15,43,11,Tourism & Hospitality,Alexandria / El Gaish Road,160,80000,500,0,0,0.58,8.32,True
166,16,43,1,Financial Services,Alexandria / El Geish Rd.,470,350000,744.68,0,0,0.13,6.52,True
167,16,43,2,Food & Beverage,Alexandria / El Geish Rd.,470,350000,744.68,0,0,0.13,6.52,True
168,16,43,3,Food & Beverage,Alexandria / El Geish Rd.,470,350000,744.68,0,0,0.13,6.52,True
169,16,43,4,Food & Beverage,Alexandria / El Geish Rd.,470,350000,744.68,0,0,0.13,6.52,True
170,16,43,5,Food & Beverage,Alexandria / El Geish Rd.,470,350000,744.68,0,0,0.13,6.52,True
171,16,43,6,Health & Fitness,Alexandria / El Geish Rd.,470,350000,744.68,0,0,0.13,6.52,True
172,16,43,7,Healthcare,Alexandria / El Geish Rd.,470,350000,744.68,2,2,0.13,5.92,False
173,16,43,8,Healthcare,Alexandria / El Geish Rd.,470,350000,744.68,2,2,0.13,5.92,False
174,16,43,9,Retail,Alexandria / El Geish Rd.,470,350000,744.68,0,0,0.13,6.52,True
175,16,43,10,Retail,Alexandria / El Geish Rd.,470,350000,744.68,0,0,0.13,6.52,True
176,16,43,11,Tourism & Hospitality,Alexandria / El Geish Rd.,470,350000,744.68,0,0,0.13,6.52,True
177,17,43,1,Financial Services,Alexandria / El Geish Rd.,60,30000,500,0,0,0.58,8.32,True
178,17,43,2,Food & Beverage,Alexandria / El Geish Rd.,60,30000,500,0,0,0.58,8.32,True
179,17,43,3,Food & Beverage,Alexandria / El Geish Rd.,60,30000,500,0,0,0.58,8.32,True
180,17,43,4,Food & Beverage,Alexandria / El Geish Rd.,60,30000,500,0,0,0.58,8.32,True
181,17,43,5,Food & Beverage,Alexandria / El Geish Rd.,60,30000,500,0,0,0.58,8.32,True
182,17,43,6,Health & Fitness,Alexandria / El Geish Rd.,60,30000,500,0,0,0.58,8.32,True
183,17,43,7,Healthcare,Alexandria / El Geish Rd.,60,30000,500,2,2,0.58,7.72,True
184,17,43,8,Healthcare,Alexandria / El Geish Rd.,60,30000,500,2,2,0.58,7.72,True
185,17,43,9,Retail,Alexandria / El Geish Rd.,60,30000,500,0,0,0.58,8.32,True
186,17,43,10,Retail,Alexandria / El Geish Rd.,60,30000,500,0,0,0.58,8.32,True
187,17,43,11,Tourism & Hospitality,Alexandria / El Geish Rd.,60,30000,500,0,0,0.58,8.32,True
188,18,23,1,Financial Services,Alexandria / El Mandara,70,28000,400,2,4,0.5,6.65,True
189,18,23,2,Food & Beverage,Alexandria / El Mandara,70,28000,400,4,8,0.5,4.92,False
190,18,23,3,Food & Beverage,Alexandria / El Mandara,70,28000,400,4,8,0.5,4.92,False
191,18,23,4,Food & Beverage,Alexandria / El Mandara,70,28000,400,4,8,0.5,4.92,False
192,18,23,5,Food & Beverage,Alexandria / El Mandara,70,28000,400,4,8,0.5,4.92,False
193,18,23,6,Health & Fitness,Alexandria / El Mandara,70,28000,400,0,0,0.5,8,True
194,18,23,7,Healthcare,Alexandria / El Mandara,70,28000,400,3,4,0.5,6.35,True
195,18,23,8,Healthcare,Alexandria / El Mandara,70,28000,400,3,4,0.5,6.35,True
196,18,23,9,Retail,Alexandria / El Mandara,70,28000,400,1,4,0.5,6.95,True
197,18,23,10,Retail,Alexandria / El Mandara,70,28000,400,1,4,0.5,6.95,True
198,18,23,11,Tourism & Hospitality,Alexandria / El Mandara,70,28000,400,1,1,0.5,7.7,True
199,19,23,1,Financial Services,Alexandria / El Mandara Qebli,180,18000,100,2,4,1.25,8.65,True
200,19,23,2,Food & Beverage,Alexandria / El Mandara Qebli,180,18000,100,4,8,1.25,6.93,True
201,19,23,3,Food & Beverage,Alexandria / El Mandara Qebli,180,18000,100,4,8,1.25,6.93,True
202,19,23,4,Food & Beverage,Alexandria / El Mandara Qebli,180,18000,100,4,8,1.25,6.93,True
203,19,23,5,Food & Beverage,Alexandria / El Mandara Qebli,180,18000,100,4,8,1.25,6.93,True
204,19,23,6,Health & Fitness,Alexandria / El Mandara Qebli,180,18000,100,0,0,1.25,10,True
205,19,23,7,Healthcare,Alexandria / El Mandara Qebli,180,18000,100,3,4,1.25,8.35,True
206,19,23,8,Healthcare,Alexandria / El Mandara Qebli,180,18000,100,3,4,1.25,8.35,True
207,19,23,9,Retail,Alexandria / El Mandara Qebli,180,18000,100,1,4,1.25,8.95,True
208,19,23,10,Retail,Alexandria / El Mandara Qebli,180,18000,100,1,4,1.25,8.95,True
209,19,23,11,Tourism & Hospitality,Alexandria / El Mandara Qebli,180,18000,100,1,1,1.25,9.7,True
210,20,43,1,Financial Services,Alexandria / El-Gaish Rd,560,325000,580.36,0,0,0.43,7.73,True
211,20,43,2,Food & Beverage,Alexandria / El-Gaish Rd,560,325000,580.36,0,0,0.43,7.73,True
212,20,43,3,Food & Beverage,Alexandria / El-Gaish Rd,560,325000,580.36,0,0,0.43,7.73,True
213,20,43,4,Food & Beverage,Alexandria / El-Gaish Rd,560,325000,580.36,0,0,0.43,7.73,True
214,20,43,5,Food & Beverage,Alexandria / El-Gaish Rd,560,325000,580.36,0,0,0.43,7.73,True
215,20,43,6,Health & Fitness,Alexandria / El-Gaish Rd,560,325000,580.36,0,0,0.43,7.73,True
216,20,43,7,Healthcare,Alexandria / El-Gaish Rd,560,325000,580.36,2,2,0.43,7.13,True
217,20,43,8,Healthcare,Alexandria / El-Gaish Rd,560,325000,580.36,2,2,0.43,7.13,True
218,20,43,9,Retail,Alexandria / El-Gaish Rd,560,325000,580.36,0,0,0.43,7.73,True
219,20,43,10,Retail,Alexandria / El-Gaish Rd,560,325000,580.36,0,0,0.43,7.73,True
220,20,43,11,Tourism & Hospitality,Alexandria / El-Gaish Rd,560,325000,580.36,0,0,0.43,7.73,True
221,21,43,1,Financial Services,Alexandria / El-Gaish Rd,60,19000,316.67,0,0,0.92,9.67,True
222,21,43,2,Food & Beverage,Alexandria / El-Gaish Rd,60,19000,316.67,0,0,0.92,9.67,True
223,21,43,3,Food & Beverage,Alexandria / El-Gaish Rd,60,19000,316.67,0,0,0.92,9.67,True
224,21,43,4,Food & Beverage,Alexandria / El-Gaish Rd,60,19000,316.67,0,0,0.92,9.67,True
225,21,43,5,Food & Beverage,Alexandria / El-Gaish Rd,60,19000,316.67,0,0,0.92,9.67,True
226,21,43,6,Health & Fitness,Alexandria / El-Gaish Rd,60,19000,316.67,0,0,0.92,9.67,True
227,21,43,7,Healthcare,Alexandria / El-Gaish Rd,60,19000,316.67,2,2,0.92,9.07,True
228,21,43,8,Healthcare,Alexandria / El-Gaish Rd,60,19000,316.67,2,2,0.92,9.07,True
229,21,43,9,Retail,Alexandria / El-Gaish Rd,60,19000,316.67,0,0,0.92,9.67,True
230,21,43,10,Retail,Alexandria / El-Gaish Rd,60,19000,316.67,0,0,0.92,9.67,True
231,21,43,11,Tourism & Hospitality,Alexandria / El-Gaish Rd,60,19000,316.67,0,0,0.92,9.67,True
232,22,43,1,Financial Services,Alexandria / Gamal Abd El Nasir St,55,15000,272.73,0,0,1,9.99,True
233,22,43,2,Food & Beverage,Alexandria / Gamal Abd El Nasir St,55,15000,272.73,0,0,1,9.99,True
234,22,43,3,Food & Beverage,Alexandria / Gamal Abd El Nasir St,55,15000,272.73,0,0,1,9.99,True
235,22,43,4,Food & Beverage,Alexandria / Gamal Abd El Nasir St,55,15000,272.73,0,0,1,9.99,True
236,22,43,5,Food & Beverage,Alexandria / Gamal Abd El Nasir St,55,15000,272.73,0,0,1,9.99,True
237,22,43,6,Health & Fitness,Alexandria / Gamal Abd El Nasir St,55,15000,272.73,0,0,1,9.99,True
238,22,43,7,Healthcare,Alexandria / Gamal Abd El Nasir St,55,15000,272.73,2,2,1,9.39,True
239,22,43,8,Healthcare,Alexandria / Gamal Abd El Nasir St,55,15000,272.73,2,2,1,9.39,True
240,22,43,9,Retail,Alexandria / Gamal Abd El Nasir St,55,15000,272.73,0,0,1,9.99,True
241,22,43,10,Retail,Alexandria / Gamal Abd El Nasir St,55,15000,272.73,0,0,1,9.99,True
242,22,43,11,Tourism & Hospitality,Alexandria / Gamal Abd El Nasir St,55,15000,272.73,0,0,1,9.99,True
243,23,43,1,Financial Services,Alexandria / Gamal Abd El Nasir St,100,10000,100,0,0,1.32,10,True
244,23,43,2,Food & Beverage,Alexandria / Gamal Abd El Nasir St,100,10000,100,0,0,1.32,10,True
245,23,43,3,Food & Beverage,Alexandria / Gamal Abd El Nasir St,100,10000,100,0,0,1.32,10,True
246,23,43,4,Food & Beverage,Alexandria / Gamal Abd El Nasir St,100,10000,100,0,0,1.32,10,True
247,23,43,5,Food & Beverage,Alexandria / Gamal Abd El Nasir St,100,10000,100,0,0,1.32,10,True
248,23,43,6,Health & Fitness,Alexandria / Gamal Abd El Nasir St,100,10000,100,0,0,1.32,10,True
249,23,43,7,Healthcare,Alexandria / Gamal Abd El Nasir St,100,10000,100,2,2,1.32,9.4,True
250,23,43,8,Healthcare,Alexandria / Gamal Abd El Nasir St,100,10000,100,2,2,1.32,9.4,True
251,23,43,9,Retail,Alexandria / Gamal Abd El Nasir St,100,10000,100,0,0,1.32,10,True
252,23,43,10,Retail,Alexandria / Gamal Abd El Nasir St,100,10000,100,0,0,1.32,10,True
253,23,43,11,Tourism & Hospitality,Alexandria / Gamal Abd El Nasir St,100,10000,100,0,0,1.32,10,True
254,24,43,1,Financial Services,Alexandria / Gamal Abd El Nasir St,70,5000,71.43,0,0,1.37,10,True
255,24,43,2,Food & Beverage,Alexandria / Gamal Abd El Nasir St,70,5000,71.43,0,0,1.37,10,True
256,24,43,3,Food & Beverage,Alexandria / Gamal Abd El Nasir St,70,5000,71.43,0,0,1.37,10,True
257,24,43,4,Food & Beverage,Alexandria / Gamal Abd El Nasir St,70,5000,71.43,0,0,1.37,10,True
258,24,43,5,Food & Beverage,Alexandria / Gamal Abd El Nasir St,70,5000,71.43,0,0,1.37,10,True
259,24,43,6,Health & Fitness,Alexandria / Gamal Abd El Nasir St,70,5000,71.43,0,0,1.37,10,True
260,24,43,7,Healthcare,Alexandria / Gamal Abd El Nasir St,70,5000,71.43,2,2,1.37,9.4,True
261,24,43,8,Healthcare,Alexandria / Gamal Abd El Nasir St,70,5000,71.43,2,2,1.37,9.4,True
262,24,43,9,Retail,Alexandria / Gamal Abd El Nasir St,70,5000,71.43,0,0,1.37,10,True
263,24,43,10,Retail,Alexandria / Gamal Abd El Nasir St,70,5000,71.43,0,0,1.37,10,True
264,24,43,11,Tourism & Hospitality,Alexandria / Gamal Abd El Nasir St,70,5000,71.43,0,0,1.37,10,True
265,25,43,1,Financial Services,Alexandria / Gamal Abd El Nasir St,50,7000,140,0,0,1.24,10,True
266,25,43,2,Food & Beverage,Alexandria / Gamal Abd El Nasir St,50,7000,140,0,0,1.24,10,True
267,25,43,3,Food & Beverage,Alexandria / Gamal Abd El Nasir St,50,7000,140,0,0,1.24,10,True
268,25,43,4,Food & Beverage,Alexandria / Gamal Abd El Nasir St,50,7000,140,0,0,1.24,10,True
269,25,43,5,Food & Beverage,Alexandria / Gamal Abd El Nasir St,50,7000,140,0,0,1.24,10,True
270,25,43,6,Health & Fitness,Alexandria / Gamal Abd El Nasir St,50,7000,140,0,0,1.24,10,True
271,25,43,7,Healthcare,Alexandria / Gamal Abd El Nasir St,50,7000,140,2,2,1.24,9.4,True
272,25,43,8,Healthcare,Alexandria / Gamal Abd El Nasir St,50,7000,140,2,2,1.24,9.4,True
273,25,43,9,Retail,Alexandria / Gamal Abd El Nasir St,50,7000,140,0,0,1.24,10,True
274,25,43,10,Retail,Alexandria / Gamal Abd El Nasir St,50,7000,140,0,0,1.24,10,True
275,25,43,11,Tourism & Hospitality,Alexandria / Gamal Abd El Nasir St,50,7000,140,0,0,1.24,10,True
276,26,43,1,Financial Services,Alexandria / Gamal Abd El Nasir St,100,40000,400,0,0,0.76,9.05,True
277,26,43,2,Food & Beverage,Alexandria / Gamal Abd El Nasir St,100,40000,400,0,0,0.76,9.05,True
278,26,43,3,Food & Beverage,Alexandria / Gamal Abd El Nasir St,100,40000,400,0,0,0.76,9.05,True
279,26,43,4,Food & Beverage,Alexandria / Gamal Abd El Nasir St,100,40000,400,0,0,0.76,9.05,True
280,26,43,5,Food & Beverage,Alexandria / Gamal Abd El Nasir St,100,40000,400,0,0,0.76,9.05,True
281,26,43,6,Health & Fitness,Alexandria / Gamal Abd El Nasir St,100,40000,400,0,0,0.76,9.05,True
282,26,43,7,Healthcare,Alexandria / Gamal Abd El Nasir St,100,40000,400,2,2,0.76,8.45,True
283,26,43,8,Healthcare,Alexandria / Gamal Abd El Nasir St,100,40000,400,2,2,0.76,8.45,True
284,26,43,9,Retail,Alexandria / Gamal Abd El Nasir St,100,40000,400,0,0,0.76,9.05,True
285,26,43,10,Retail,Alexandria / Gamal Abd El Nasir St,100,40000,400,0,0,0.76,9.05,True
286,26,43,11,Tourism & Hospitality,Alexandria / Gamal Abd El Nasir St,100,40000,400,0,0,0.76,9.05,True
287,27,43,1,Financial Services,Alexandria / Gamal Abd El Nasir St,240,100000,416.67,0,0,0.73,8.93,True
288,27,43,2,Food & Beverage,Alexandria / Gamal Abd El Nasir St,240,100000,416.67,0,0,0.73,8.93,True
289,27,43,3,Food & Beverage,Alexandria / Gamal Abd El Nasir St,240,100000,416.67,0,0,0.73,8.93,True
290,27,43,4,Food & Beverage,Alexandria / Gamal Abd El Nasir St,240,100000,416.67,0,0,0.73,8.93,True
291,27,43,5,Food & Beverage,Alexandria / Gamal Abd El Nasir St,240,100000,416.67,0,0,0.73,8.93,True
292,27,43,6,Health & Fitness,Alexandria / Gamal Abd El Nasir St,240,100000,416.67,0,0,0.73,8.93,True
293,27,43,7,Healthcare,Alexandria / Gamal Abd El Nasir St,240,100000,416.67,2,2,0.73,8.33,True
294,27,43,8,Healthcare,Alexandria / Gamal Abd El Nasir St,240,100000,416.67,2,2,0.73,8.33,True
295,27,43,9,Retail,Alexandria / Gamal Abd El Nasir St,240,100000,416.67,0,0,0.73,8.93,True
296,27,43,10,Retail,Alexandria / Gamal Abd El Nasir St,240,100000,416.67,0,0,0.73,8.93,True
297,27,43,11,Tourism & Hospitality,Alexandria / Gamal Abd El Nasir St,240,100000,416.67,0,0,0.73,8.93,True
298,28,43,1,Financial Services,Alexandria / Gamal Abd El Nasir St,55,10000,181.82,0,0,1.17,10,True
299,28,43,2,Food & Beverage,Alexandria / Gamal Abd El Nasir St,55,10000,181.82,0,0,1.17,10,True
300,28,43,3,Food & Beverage,Alexandria / Gamal Abd El Nasir St,55,10000,181.82,0,0,1.17,10,True
301,28,43,4,Food & Beverage,Alexandria / Gamal Abd El Nasir St,55,10000,181.82,0,0,1.17,10,True
302,28,43,5,Food & Beverage,Alexandria / Gamal Abd El Nasir St,55,10000,181.82,0,0,1.17,10,True
303,28,43,6,Health & Fitness,Alexandria / Gamal Abd El Nasir St,55,10000,181.82,0,0,1.17,10,True
304,28,43,7,Healthcare,Alexandria / Gamal Abd El Nasir St,55,10000,181.82,2,2,1.17,9.4,True
305,28,43,8,Healthcare,Alexandria / Gamal Abd El Nasir St,55,10000,181.82,2,2,1.17,9.4,True
306,28,43,9,Retail,Alexandria / Gamal Abd El Nasir St,55,10000,181.82,0,0,1.17,10,True
307,28,43,10,Retail,Alexandria / Gamal Abd El Nasir St,55,10000,181.82,0,0,1.17,10,True
308,28,43,11,Tourism & Hospitality,Alexandria / Gamal Abd El Nasir St,55,10000,181.82,0,0,1.17,10,True
309,29,43,1,Financial Services,Alexandria / Gamal Abd El Nasir St,160,15000,93.75,0,0,1.33,10,True
310,29,43,2,Food & Beverage,Alexandria / Gamal Abd El Nasir St,160,15000,93.75,0,0,1.33,10,True
311,29,43,3,Food & Beverage,Alexandria / Gamal Abd El Nasir St,160,15000,93.75,0,0,1.33,10,True
312,29,43,4,Food & Beverage,Alexandria / Gamal Abd El Nasir St,160,15000,93.75,0,0,1.33,10,True
313,29,43,5,Food & Beverage,Alexandria / Gamal Abd El Nasir St,160,15000,93.75,0,0,1.33,10,True
314,29,43,6,Health & Fitness,Alexandria / Gamal Abd El Nasir St,160,15000,93.75,0,0,1.33,10,True
315,29,43,7,Healthcare,Alexandria / Gamal Abd El Nasir St,160,15000,93.75,2,2,1.33,9.4,True
316,29,43,8,Healthcare,Alexandria / Gamal Abd El Nasir St,160,15000,93.75,2,2,1.33,9.4,True
317,29,43,9,Retail,Alexandria / Gamal Abd El Nasir St,160,15000,93.75,0,0,1.33,10,True
318,29,43,10,Retail,Alexandria / Gamal Abd El Nasir St,160,15000,93.75,0,0,1.33,10,True
319,29,43,11,Tourism & Hospitality,Alexandria / Gamal Abd El Nasir St,160,15000,93.75,0,0,1.33,10,True
320,30,43,1,Financial Services,Alexandria / Gamal Abd El Nasir St,60,9000,150,0,0,1.22,10,True
321,30,43,2,Food & Beverage,Alexandria / Gamal Abd El Nasir St,60,9000,150,0,0,1.22,10,True
322,30,43,3,Food & Beverage,Alexandria / Gamal Abd El Nasir St,60,9000,150,0,0,1.22,10,True
323,30,43,4,Food & Beverage,Alexandria / Gamal Abd El Nasir St,60,9000,150,0,0,1.22,10,True
324,30,43,5,Food & Beverage,Alexandria / Gamal Abd El Nasir St,60,9000,150,0,0,1.22,10,True
325,30,43,6,Health & Fitness,Alexandria / Gamal Abd El Nasir St,60,9000,150,0,0,1.22,10,True
326,30,43,7,Healthcare,Alexandria / Gamal Abd El Nasir St,60,9000,150,2,2,1.22,9.4,True
327,30,43,8,Healthcare,Alexandria / Gamal Abd El Nasir St,60,9000,150,2,2,1.22,9.4,True
328,30,43,9,Retail,Alexandria / Gamal Abd El Nasir St,60,9000,150,0,0,1.22,10,True
329,30,43,10,Retail,Alexandria / Gamal Abd El Nasir St,60,9000,150,0,0,1.22,10,True
330,30,43,11,Tourism & Hospitality,Alexandria / Gamal Abd El Nasir St,60,9000,150,0,0,1.22,10,True
331,31,43,1,Financial Services,Alexandria / Gamal Abd El Nasir St,50,7500,150,0,0,1.22,10,True
332,31,43,2,Food & Beverage,Alexandria / Gamal Abd El Nasir St,50,7500,150,0,0,1.22,10,True
333,31,43,3,Food & Beverage,Alexandria / Gamal Abd El Nasir St,50,7500,150,0,0,1.22,10,True
334,31,43,4,Food & Beverage,Alexandria / Gamal Abd El Nasir St,50,7500,150,0,0,1.22,10,True
335,31,43,5,Food & Beverage,Alexandria / Gamal Abd El Nasir St,50,7500,150,0,0,1.22,10,True
336,31,43,6,Health & Fitness,Alexandria / Gamal Abd El Nasir St,50,7500,150,0,0,1.22,10,True
337,31,43,7,Healthcare,Alexandria / Gamal Abd El Nasir St,50,7500,150,2,2,1.22,9.4,True
338,31,43,8,Healthcare,Alexandria / Gamal Abd El Nasir St,50,7500,150,2,2,1.22,9.4,True
339,31,43,9,Retail,Alexandria / Gamal Abd El Nasir St,50,7500,150,0,0,1.22,10,True
340,31,43,10,Retail,Alexandria / Gamal Abd El Nasir St,50,7500,150,0,0,1.22,10,True
341,31,43,11,Tourism & Hospitality,Alexandria / Gamal Abd El Nasir St,50,7500,150,0,0,1.22,10,True
342,32,43,1,Financial Services,Alexandria / Gamal Abd El Nasir St,300,25000,83.33,0,0,1.35,10,True
343,32,43,2,Food & Beverage,Alexandria / Gamal Abd El Nasir St,300,25000,83.33,0,0,1.35,10,True
344,32,43,3,Food & Beverage,Alexandria / Gamal Abd El Nasir St,300,25000,83.33,0,0,1.35,10,True
345,32,43,4,Food & Beverage,Alexandria / Gamal Abd El Nasir St,300,25000,83.33,0,0,1.35,10,True
346,32,43,5,Food & Beverage,Alexandria / Gamal Abd El Nasir St,300,25000,83.33,0,0,1.35,10,True
347,32,43,6,Health & Fitness,Alexandria / Gamal Abd El Nasir St,300,25000,83.33,0,0,1.35,10,True
348,32,43,7,Healthcare,Alexandria / Gamal Abd El Nasir St,300,25000,83.33,2,2,1.35,9.4,True
349,32,43,8,Healthcare,Alexandria / Gamal Abd El Nasir St,300,25000,83.33,2,2,1.35,9.4,True
350,32,43,9,Retail,Alexandria / Gamal Abd El Nasir St,300,25000,83.33,0,0,1.35,10,True
351,32,43,10,Retail,Alexandria / Gamal Abd El Nasir St,300,25000,83.33,0,0,1.35,10,True
352,32,43,11,Tourism & Hospitality,Alexandria / Gamal Abd El Nasir St,300,25000,83.33,0,0,1.35,10,True
353,33,43,1,Financial Services,Alexandria / Gamal Abd El Nasir St,60,10000,166.67,0,0,1.19,10,True
354,33,43,2,Food & Beverage,Alexandria / Gamal Abd El Nasir St,60,10000,166.67,0,0,1.19,10,True
355,33,43,3,Food & Beverage,Alexandria / Gamal Abd El Nasir St,60,10000,166.67,0,0,1.19,10,True
356,33,43,4,Food & Beverage,Alexandria / Gamal Abd El Nasir St,60,10000,166.67,0,0,1.19,10,True
357,33,43,5,Food & Beverage,Alexandria / Gamal Abd El Nasir St,60,10000,166.67,0,0,1.19,10,True
358,33,43,6,Health & Fitness,Alexandria / Gamal Abd El Nasir St,60,10000,166.67,0,0,1.19,10,True
359,33,43,7,Healthcare,Alexandria / Gamal Abd El Nasir St,60,10000,166.67,2,2,1.19,9.4,True
360,33,43,8,Healthcare,Alexandria / Gamal Abd El Nasir St,60,10000,166.67,2,2,1.19,9.4,True
361,33,43,9,Retail,Alexandria / Gamal Abd El Nasir St,60,10000,166.67,0,0,1.19,10,True
362,33,43,10,Retail,Alexandria / Gamal Abd El Nasir St,60,10000,166.67,0,0,1.19,10,True
363,33,43,11,Tourism & Hospitality,Alexandria / Gamal Abd El Nasir St,60,10000,166.67,0,0,1.19,10,True
364,34,43,1,Financial Services,Alexandria / Gamal Abd El Nasir St,50,8000,160,0,0,1.21,10,True
365,34,43,2,Food & Beverage,Alexandria / Gamal Abd El Nasir St,50,8000,160,0,0,1.21,10,True
366,34,43,3,Food & Beverage,Alexandria / Gamal Abd El Nasir St,50,8000,160,0,0,1.21,10,True
367,34,43,4,Food & Beverage,Alexandria / Gamal Abd El Nasir St,50,8000,160,0,0,1.21,10,True
368,34,43,5,Food & Beverage,Alexandria / Gamal Abd El Nasir St,50,8000,160,0,0,1.21,10,True
369,34,43,6,Health & Fitness,Alexandria / Gamal Abd El Nasir St,50,8000,160,0,0,1.21,10,True
370,34,43,7,Healthcare,Alexandria / Gamal Abd El Nasir St,50,8000,160,2,2,1.21,9.4,True
371,34,43,8,Healthcare,Alexandria / Gamal Abd El Nasir St,50,8000,160,2,2,1.21,9.4,True
372,34,43,9,Retail,Alexandria / Gamal Abd El Nasir St,50,8000,160,0,0,1.21,10,True
373,34,43,10,Retail,Alexandria / Gamal Abd El Nasir St,50,8000,160,0,0,1.21,10,True
374,34,43,11,Tourism & Hospitality,Alexandria / Gamal Abd El Nasir St,50,8000,160,0,0,1.21,10,True
375,35,43,1,Financial Services,Alexandria / Gamal Abd El Nasir St,65,6000,92.31,0,0,1.33,10,True
376,35,43,2,Food & Beverage,Alexandria / Gamal Abd El Nasir St,65,6000,92.31,0,0,1.33,10,True
377,35,43,3,Food & Beverage,Alexandria / Gamal Abd El Nasir St,65,6000,92.31,0,0,1.33,10,True
378,35,43,4,Food & Beverage,Alexandria / Gamal Abd El Nasir St,65,6000,92.31,0,0,1.33,10,True
379,35,43,5,Food & Beverage,Alexandria / Gamal Abd El Nasir St,65,6000,92.31,0,0,1.33,10,True
380,35,43,6,Health & Fitness,Alexandria / Gamal Abd El Nasir St,65,6000,92.31,0,0,1.33,10,True
381,35,43,7,Healthcare,Alexandria / Gamal Abd El Nasir St,65,6000,92.31,2,2,1.33,9.4,True
382,35,43,8,Healthcare,Alexandria / Gamal Abd El Nasir St,65,6000,92.31,2,2,1.33,9.4,True
383,35,43,9,Retail,Alexandria / Gamal Abd El Nasir St,65,6000,92.31,0,0,1.33,10,True
384,35,43,10,Retail,Alexandria / Gamal Abd El Nasir St,65,6000,92.31,0,0,1.33,10,True
385,35,43,11,Tourism & Hospitality,Alexandria / Gamal Abd El Nasir St,65,6000,92.31,0,0,1.33,10,True
386,36,43,1,Financial Services,Alexandria / Gamal Abd El Nasir St,110,15000,136.36,0,0,1.25,10,True
387,36,43,2,Food & Beverage,Alexandria / Gamal Abd El Nasir St,110,15000,136.36,0,0,1.25,10,True
388,36,43,3,Food & Beverage,Alexandria / Gamal Abd El Nasir St,110,15000,136.36,0,0,1.25,10,True
389,36,43,4,Food & Beverage,Alexandria / Gamal Abd El Nasir St,110,15000,136.36,0,0,1.25,10,True
390,36,43,5,Food & Beverage,Alexandria / Gamal Abd El Nasir St,110,15000,136.36,0,0,1.25,10,True
391,36,43,6,Health & Fitness,Alexandria / Gamal Abd El Nasir St,110,15000,136.36,0,0,1.25,10,True
392,36,43,7,Healthcare,Alexandria / Gamal Abd El Nasir St,110,15000,136.36,2,2,1.25,9.4,True
393,36,43,8,Healthcare,Alexandria / Gamal Abd El Nasir St,110,15000,136.36,2,2,1.25,9.4,True
394,36,43,9,Retail,Alexandria / Gamal Abd El Nasir St,110,15000,136.36,0,0,1.25,10,True
395,36,43,10,Retail,Alexandria / Gamal Abd El Nasir St,110,15000,136.36,0,0,1.25,10,True
396,36,43,11,Tourism & Hospitality,Alexandria / Gamal Abd El Nasir St,110,15000,136.36,0,0,1.25,10,True
397,37,43,1,Financial Services,Alexandria / Gamal Abd El Nasir St,600,300000,500,0,0,0.58,8.32,True
398,37,43,2,Food & Beverage,Alexandria / Gamal Abd El Nasir St,600,300000,500,0,0,0.58,8.32,True
399,37,43,3,Food & Beverage,Alexandria / Gamal Abd El Nasir St,600,300000,500,0,0,0.58,8.32,True
400,37,43,4,Food & Beverage,Alexandria / Gamal Abd El Nasir St,600,300000,500,0,0,0.58,8.32,True
401,37,43,5,Food & Beverage,Alexandria / Gamal Abd El Nasir St,600,300000,500,0,0,0.58,8.32,True
402,37,43,6,Health & Fitness,Alexandria / Gamal Abd El Nasir St,600,300000,500,0,0,0.58,8.32,True
403,37,43,7,Healthcare,Alexandria / Gamal Abd El Nasir St,600,300000,500,2,2,0.58,7.72,True
404,37,43,8,Healthcare,Alexandria / Gamal Abd El Nasir St,600,300000,500,2,2,0.58,7.72,True
405,37,43,9,Retail,Alexandria / Gamal Abd El Nasir St,600,300000,500,0,0,0.58,8.32,True
406,37,43,10,Retail,Alexandria / Gamal Abd El Nasir St,600,300000,500,0,0,0.58,8.32,True
407,37,43,11,Tourism & Hospitality,Alexandria / Gamal Abd El Nasir St,600,300000,500,0,0,0.58,8.32,True
408,38,43,1,Financial Services,Alexandria / Gamal Abd El Nasir St,80,9500,118.75,0,0,1.28,10,True
409,38,43,2,Food & Beverage,Alexandria / Gamal Abd El Nasir St,80,9500,118.75,0,0,1.28,10,True
410,38,43,3,Food & Beverage,Alexandria / Gamal Abd El Nasir St,80,9500,118.75,0,0,1.28,10,True
411,38,43,4,Food & Beverage,Alexandria / Gamal Abd El Nasir St,80,9500,118.75,0,0,1.28,10,True
412,38,43,5,Food & Beverage,Alexandria / Gamal Abd El Nasir St,80,9500,118.75,0,0,1.28,10,True
413,38,43,6,Health & Fitness,Alexandria / Gamal Abd El Nasir St,80,9500,118.75,0,0,1.28,10,True
414,38,43,7,Healthcare,Alexandria / Gamal Abd El Nasir St,80,9500,118.75,2,2,1.28,9.4,True
415,38,43,8,Healthcare,Alexandria / Gamal Abd El Nasir St,80,9500,118.75,2,2,1.28,9.4,True
416,38,43,9,Retail,Alexandria / Gamal Abd El Nasir St,80,9500,118.75,0,0,1.28,10,True
417,38,43,10,Retail,Alexandria / Gamal Abd El Nasir St,80,9500,118.75,0,0,1.28,10,True
418,38,43,11,Tourism & Hospitality,Alexandria / Gamal Abd El Nasir St,80,9500,118.75,0,0,1.28,10,True
419,39,43,1,Financial Services,Alexandria / Gamal Abd El Nasir St,130,14000,107.69,0,0,1.3,10,True
420,39,43,2,Food & Beverage,Alexandria / Gamal Abd El Nasir St,130,14000,107.69,0,0,1.3,10,True
421,39,43,3,Food & Beverage,Alexandria / Gamal Abd El Nasir St,130,14000,107.69,0,0,1.3,10,True
422,39,43,4,Food & Beverage,Alexandria / Gamal Abd El Nasir St,130,14000,107.69,0,0,1.3,10,True
423,39,43,5,Food & Beverage,Alexandria / Gamal Abd El Nasir St,130,14000,107.69,0,0,1.3,10,True
424,39,43,6,Health & Fitness,Alexandria / Gamal Abd El Nasir St,130,14000,107.69,0,0,1.3,10,True
425,39,43,7,Healthcare,Alexandria / Gamal Abd El Nasir St,130,14000,107.69,2,2,1.3,9.4,True
426,39,43,8,Healthcare,Alexandria / Gamal Abd El Nasir St,130,14000,107.69,2,2,1.3,9.4,True
427,39,43,9,Retail,Alexandria / Gamal Abd El Nasir St,130,14000,107.69,0,0,1.3,10,True
428,39,43,10,Retail,Alexandria / Gamal Abd El Nasir St,130,14000,107.69,0,0,1.3,10,True
429,39,43,11,Tourism & Hospitality,Alexandria / Gamal Abd El Nasir St,130,14000,107.69,0,0,1.3,10,True
430,40,43,1,Financial Services,Alexandria / Gamal Abd El Nasir St,100,12000,120,0,0,1.28,10,True
431,40,43,2,Food & Beverage,Alexandria / Gamal Abd El Nasir St,100,12000,120,0,0,1.28,10,True
432,40,43,3,Food & Beverage,Alexandria / Gamal Abd El Nasir St,100,12000,120,0,0,1.28,10,True
433,40,43,4,Food & Beverage,Alexandria / Gamal Abd El Nasir St,100,12000,120,0,0,1.28,10,True
434,40,43,5,Food & Beverage,Alexandria / Gamal Abd El Nasir St,100,12000,120,0,0,1.28,10,True
435,40,43,6,Health & Fitness,Alexandria / Gamal Abd El Nasir St,100,12000,120,0,0,1.28,10,True
436,40,43,7,Healthcare,Alexandria / Gamal Abd El Nasir St,100,12000,120,2,2,1.28,9.4,True
437,40,43,8,Healthcare,Alexandria / Gamal Abd El Nasir St,100,12000,120,2,2,1.28,9.4,True
438,40,43,9,Retail,Alexandria / Gamal Abd El Nasir St,100,12000,120,0,0,1.28,10,True
439,40,43,10,Retail,Alexandria / Gamal Abd El Nasir St,100,12000,120,0,0,1.28,10,True
440,40,43,11,Tourism & Hospitality,Alexandria / Gamal Abd El Nasir St,100,12000,120,0,0,1.28,10,True
441,41,43,1,Financial Services,Alexandria / Gamal Abd El Nasir St,100,25000,250,0,0,1.04,10,True
442,41,43,2,Food & Beverage,Alexandria / Gamal Abd El Nasir St,100,25000,250,0,0,1.04,10,True
443,41,43,3,Food & Beverage,Alexandria / Gamal Abd El Nasir St,100,25000,250,0,0,1.04,10,True
444,41,43,4,Food & Beverage,Alexandria / Gamal Abd El Nasir St,100,25000,250,0,0,1.04,10,True
445,41,43,5,Food & Beverage,Alexandria / Gamal Abd El Nasir St,100,25000,250,0,0,1.04,10,True
446,41,43,6,Health & Fitness,Alexandria / Gamal Abd El Nasir St,100,25000,250,0,0,1.04,10,True
447,41,43,7,Healthcare,Alexandria / Gamal Abd El Nasir St,100,25000,250,2,2,1.04,9.4,True
448,41,43,8,Healthcare,Alexandria / Gamal Abd El Nasir St,100,25000,250,2,2,1.04,9.4,True
449,41,43,9,Retail,Alexandria / Gamal Abd El Nasir St,100,25000,250,0,0,1.04,10,True
450,41,43,10,Retail,Alexandria / Gamal Abd El Nasir St,100,25000,250,0,0,1.04,10,True
451,41,43,11,Tourism & Hospitality,Alexandria / Gamal Abd El Nasir St,100,25000,250,0,0,1.04,10,True
452,42,43,1,Financial Services,Alexandria / Gamal Abd El Nasir St,120,13000,108.33,0,0,1.3,10,True
453,42,43,2,Food & Beverage,Alexandria / Gamal Abd El Nasir St,120,13000,108.33,0,0,1.3,10,True
454,42,43,3,Food & Beverage,Alexandria / Gamal Abd El Nasir St,120,13000,108.33,0,0,1.3,10,True
455,42,43,4,Food & Beverage,Alexandria / Gamal Abd El Nasir St,120,13000,108.33,0,0,1.3,10,True
456,42,43,5,Food & Beverage,Alexandria / Gamal Abd El Nasir St,120,13000,108.33,0,0,1.3,10,True
457,42,43,6,Health & Fitness,Alexandria / Gamal Abd El Nasir St,120,13000,108.33,0,0,1.3,10,True
458,42,43,7,Healthcare,Alexandria / Gamal Abd El Nasir St,120,13000,108.33,2,2,1.3,9.4,True
459,42,43,8,Healthcare,Alexandria / Gamal Abd El Nasir St,120,13000,108.33,2,2,1.3,9.4,True
460,42,43,9,Retail,Alexandria / Gamal Abd El Nasir St,120,13000,108.33,0,0,1.3,10,True
461,42,43,10,Retail,Alexandria / Gamal Abd El Nasir St,120,13000,108.33,0,0,1.3,10,True
462,42,43,11,Tourism & Hospitality,Alexandria / Gamal Abd El Nasir St,120,13000,108.33,0,0,1.3,10,True
463,43,43,1,Financial Services,Alexandria / Gamal Abd El Nasir St,110,25000,227.27,0,0,1.08,10,True
464,43,43,2,Food & Beverage,Alexandria / Gamal Abd El Nasir St,110,25000,227.27,0,0,1.08,10,True
465,43,43,3,Food & Beverage,Alexandria / Gamal Abd El Nasir St,110,25000,227.27,0,0,1.08,10,True
466,43,43,4,Food & Beverage,Alexandria / Gamal Abd El Nasir St,110,25000,227.27,0,0,1.08,10,True
467,43,43,5,Food & Beverage,Alexandria / Gamal Abd El Nasir St,110,25000,227.27,0,0,1.08,10,True
468,43,43,6,Health & Fitness,Alexandria / Gamal Abd El Nasir St,110,25000,227.27,0,0,1.08,10,True
469,43,43,7,Healthcare,Alexandria / Gamal Abd El Nasir St,110,25000,227.27,2,2,1.08,9.4,True
470,43,43,8,Healthcare,Alexandria / Gamal Abd El Nasir St,110,25000,227.27,2,2,1.08,9.4,True
471,43,43,9,Retail,Alexandria / Gamal Abd El Nasir St,110,25000,227.27,0,0,1.08,10,True
472,43,43,10,Retail,Alexandria / Gamal Abd El Nasir St,110,25000,227.27,0,0,1.08,10,True
473,43,43,11,Tourism & Hospitality,Alexandria / Gamal Abd El Nasir St,110,25000,227.27,0,0,1.08,10,True
474,44,43,1,Financial Services,Alexandria / Gamal Abd El Nasir St,100,13000,130,0,0,1.26,10,True
475,44,43,2,Food & Beverage,Alexandria / Gamal Abd El Nasir St,100,13000,130,0,0,1.26,10,True
476,44,43,3,Food & Beverage,Alexandria / Gamal Abd El Nasir St,100,13000,130,0,0,1.26,10,True
477,44,43,4,Food & Beverage,Alexandria / Gamal Abd El Nasir St,100,13000,130,0,0,1.26,10,True
478,44,43,5,Food & Beverage,Alexandria / Gamal Abd El Nasir St,100,13000,130,0,0,1.26,10,True
479,44,43,6,Health & Fitness,Alexandria / Gamal Abd El Nasir St,100,13000,130,0,0,1.26,10,True
480,44,43,7,Healthcare,Alexandria / Gamal Abd El Nasir St,100,13000,130,2,2,1.26,9.4,True
481,44,43,8,Healthcare,Alexandria / Gamal Abd El Nasir St,100,13000,130,2,2,1.26,9.4,True
482,44,43,9,Retail,Alexandria / Gamal Abd El Nasir St,100,13000,130,0,0,1.26,10,True
483,44,43,10,Retail,Alexandria / Gamal Abd El Nasir St,100,13000,130,0,0,1.26,10,True
484,44,43,11,Tourism & Hospitality,Alexandria / Gamal Abd El Nasir St,100,13000,130,0,0,1.26,10,True
485,45,43,1,Financial Services,Alexandria / Gamal Abd El Nasir St,90,10000,111.11,0,0,1.3,10,True
486,45,43,2,Food & Beverage,Alexandria / Gamal Abd El Nasir St,90,10000,111.11,0,0,1.3,10,True
487,45,43,3,Food & Beverage,Alexandria / Gamal Abd El Nasir St,90,10000,111.11,0,0,1.3,10,True
488,45,43,4,Food & Beverage,Alexandria / Gamal Abd El Nasir St,90,10000,111.11,0,0,1.3,10,True
489,45,43,5,Food & Beverage,Alexandria / Gamal Abd El Nasir St,90,10000,111.11,0,0,1.3,10,True
490,45,43,6,Health & Fitness,Alexandria / Gamal Abd El Nasir St,90,10000,111.11,0,0,1.3,10,True
491,45,43,7,Healthcare,Alexandria / Gamal Abd El Nasir St,90,10000,111.11,2,2,1.3,9.4,True
492,45,43,8,Healthcare,Alexandria / Gamal Abd El Nasir St,90,10000,111.11,2,2,1.3,9.4,True
493,45,43,9,Retail,Alexandria / Gamal Abd El Nasir St,90,10000,111.11,0,0,1.3,10,True
494,45,43,10,Retail,Alexandria / Gamal Abd El Nasir St,90,10000,111.11,0,0,1.3,10,True
495,45,43,11,Tourism & Hospitality,Alexandria / Gamal Abd El Nasir St,90,10000,111.11,0,0,1.3,10,True
496,46,43,1,Financial Services,Alexandria / Gamal Abd El Nasir St,135,15000,111.11,0,0,1.3,10,True
497,46,43,2,Food & Beverage,Alexandria / Gamal Abd El Nasir St,135,15000,111.11,0,0,1.3,10,True
498,46,43,3,Food & Beverage,Alexandria / Gamal Abd El Nasir St,135,15000,111.11,0,0,1.3,10,True
499,46,43,4,Food & Beverage,Alexandria / Gamal Abd El Nasir St,135,15000,111.11,0,0,1.3,10,True
500,46,43,5,Food & Beverage,Alexandria / Gamal Abd El Nasir St,135,15000,111.11,0,0,1.3,10,True
501,46,43,6,Health & Fitness,Alexandria / Gamal Abd El Nasir St,135,15000,111.11,0,0,1.3,10,True
502,46,43,7,Healthcare,Alexandria / Gamal Abd El Nasir St,135,15000,111.11,2,2,1.3,9.4,True
503,46,43,8,Healthcare,Alexandria / Gamal Abd El Nasir St,135,15000,111.11,2,2,1.3,9.4,True
504,46,43,9,Retail,Alexandria / Gamal Abd El Nasir St,135,15000,111.11,0,0,1.3,10,True
505,46,43,10,Retail,Alexandria / Gamal Abd El Nasir St,135,15000,111.11,0,0,1.3,10,True
506,46,43,11,Tourism & Hospitality,Alexandria / Gamal Abd El Nasir St,135,15000,111.11,0,0,1.3,10,True
507,47,43,1,Financial Services,Alexandria / Gamal Abd El Nasir St,180,35000,194.44,0,0,1.14,10,True
508,47,43,2,Food & Beverage,Alexandria / Gamal Abd El Nasir St,180,35000,194.44,0,0,1.14,10,True
509,47,43,3,Food & Beverage,Alexandria / Gamal Abd El Nasir St,180,35000,194.44,0,0,1.14,10,True
510,47,43,4,Food & Beverage,Alexandria / Gamal Abd El Nasir St,180,35000,194.44,0,0,1.14,10,True
511,47,43,5,Food & Beverage,Alexandria / Gamal Abd El Nasir St,180,35000,194.44,0,0,1.14,10,True
512,47,43,6,Health & Fitness,Alexandria / Gamal Abd El Nasir St,180,35000,194.44,0,0,1.14,10,True
513,47,43,7,Healthcare,Alexandria / Gamal Abd El Nasir St,180,35000,194.44,2,2,1.14,9.4,True
514,47,43,8,Healthcare,Alexandria / Gamal Abd El Nasir St,180,35000,194.44,2,2,1.14,9.4,True
515,47,43,9,Retail,Alexandria / Gamal Abd El Nasir St,180,35000,194.44,0,0,1.14,10,True
516,47,43,10,Retail,Alexandria / Gamal Abd El Nasir St,180,35000,194.44,0,0,1.14,10,True
517,47,43,11,Tourism & Hospitality,Alexandria / Gamal Abd El Nasir St,180,35000,194.44,0,0,1.14,10,True
518,48,43,1,Financial Services,Alexandria / Gamal Abd El Nasir St,50,10000,200,0,0,1.13,10,True
519,48,43,2,Food & Beverage,Alexandria / Gamal Abd El Nasir St,50,10000,200,0,0,1.13,10,True
520,48,43,3,Food & Beverage,Alexandria / Gamal Abd El Nasir St,50,10000,200,0,0,1.13,10,True
521,48,43,4,Food & Beverage,Alexandria / Gamal Abd El Nasir St,50,10000,200,0,0,1.13,10,True
522,48,43,5,Food & Beverage,Alexandria / Gamal Abd El Nasir St,50,10000,200,0,0,1.13,10,True
523,48,43,6,Health & Fitness,Alexandria / Gamal Abd El Nasir St,50,10000,200,0,0,1.13,10,True
524,48,43,7,Healthcare,Alexandria / Gamal Abd El Nasir St,50,10000,200,2,2,1.13,9.4,True
525,48,43,8,Healthcare,Alexandria / Gamal Abd El Nasir St,50,10000,200,2,2,1.13,9.4,True
526,48,43,9,Retail,Alexandria / Gamal Abd El Nasir St,50,10000,200,0,0,1.13,10,True
527,48,43,10,Retail,Alexandria / Gamal Abd El Nasir St,50,10000,200,0,0,1.13,10,True
528,48,43,11,Tourism & Hospitality,Alexandria / Gamal Abd El Nasir St,50,10000,200,0,0,1.13,10,True
529,49,43,1,Financial Services,Alexandria / Gamal Abdel Nasser St.,83,12000,144.58,0,0,1.23,10,True
530,49,43,2,Food & Beverage,Alexandria / Gamal Abdel Nasser St.,83,12000,144.58,0,0,1.23,10,True
531,49,43,3,Food & Beverage,Alexandria / Gamal Abdel Nasser St.,83,12000,144.58,0,0,1.23,10,True
532,49,43,4,Food & Beverage,Alexandria / Gamal Abdel Nasser St.,83,12000,144.58,0,0,1.23,10,True
533,49,43,5,Food & Beverage,Alexandria / Gamal Abdel Nasser St.,83,12000,144.58,0,0,1.23,10,True
534,49,43,6,Health & Fitness,Alexandria / Gamal Abdel Nasser St.,83,12000,144.58,0,0,1.23,10,True
535,49,43,7,Healthcare,Alexandria / Gamal Abdel Nasser St.,83,12000,144.58,2,2,1.23,9.4,True
536,49,43,8,Healthcare,Alexandria / Gamal Abdel Nasser St.,83,12000,144.58,2,2,1.23,9.4,True
537,49,43,9,Retail,Alexandria / Gamal Abdel Nasser St.,83,12000,144.58,0,0,1.23,10,True
538,49,43,10,Retail,Alexandria / Gamal Abdel Nasser St.,83,12000,144.58,0,0,1.23,10,True
539,49,43,11,Tourism & Hospitality,Alexandria / Gamal Abdel Nasser St.,83,12000,144.58,0,0,1.23,10,True
540,50,43,1,Financial Services,Alexandria / Gamal Abdel Nasser St.,60,5000,83.33,0,0,1.35,10,True
541,50,43,2,Food & Beverage,Alexandria / Gamal Abdel Nasser St.,60,5000,83.33,0,0,1.35,10,True
542,50,43,3,Food & Beverage,Alexandria / Gamal Abdel Nasser St.,60,5000,83.33,0,0,1.35,10,True
543,50,43,4,Food & Beverage,Alexandria / Gamal Abdel Nasser St.,60,5000,83.33,0,0,1.35,10,True
544,50,43,5,Food & Beverage,Alexandria / Gamal Abdel Nasser St.,60,5000,83.33,0,0,1.35,10,True
545,50,43,6,Health & Fitness,Alexandria / Gamal Abdel Nasser St.,60,5000,83.33,0,0,1.35,10,True
546,50,43,7,Healthcare,Alexandria / Gamal Abdel Nasser St.,60,5000,83.33,2,2,1.35,9.4,True
547,50,43,8,Healthcare,Alexandria / Gamal Abdel Nasser St.,60,5000,83.33,2,2,1.35,9.4,True
548,50,43,9,Retail,Alexandria / Gamal Abdel Nasser St.,60,5000,83.33,0,0,1.35,10,True
549,50,43,10,Retail,Alexandria / Gamal Abdel Nasser St.,60,5000,83.33,0,0,1.35,10,True
550,50,43,11,Tourism & Hospitality,Alexandria / Gamal Abdel Nasser St.,60,5000,83.33,0,0,1.35,10,True
551,51,43,1,Financial Services,Alexandria / Gamal Abdel Nasser St.,150,17000,113.33,0,0,1.29,10,True
552,51,43,2,Food & Beverage,Alexandria / Gamal Abdel Nasser St.,150,17000,113.33,0,0,1.29,10,True
553,51,43,3,Food & Beverage,Alexandria / Gamal Abdel Nasser St.,150,17000,113.33,0,0,1.29,10,True
554,51,43,4,Food & Beverage,Alexandria / Gamal Abdel Nasser St.,150,17000,113.33,0,0,1.29,10,True
555,51,43,5,Food & Beverage,Alexandria / Gamal Abdel Nasser St.,150,17000,113.33,0,0,1.29,10,True
556,51,43,6,Health & Fitness,Alexandria / Gamal Abdel Nasser St.,150,17000,113.33,0,0,1.29,10,True
557,51,43,7,Healthcare,Alexandria / Gamal Abdel Nasser St.,150,17000,113.33,2,2,1.29,9.4,True
558,51,43,8,Healthcare,Alexandria / Gamal Abdel Nasser St.,150,17000,113.33,2,2,1.29,9.4,True
559,51,43,9,Retail,Alexandria / Gamal Abdel Nasser St.,150,17000,113.33,0,0,1.29,10,True
560,51,43,10,Retail,Alexandria / Gamal Abdel Nasser St.,150,17000,113.33,0,0,1.29,10,True
561,51,43,11,Tourism & Hospitality,Alexandria / Gamal Abdel Nasser St.,150,17000,113.33,0,0,1.29,10,True
562,52,43,1,Financial Services,Alexandria / Gamal Abdel Nasser St.,200,39000,195,0,0,1.14,10,True
563,52,43,2,Food & Beverage,Alexandria / Gamal Abdel Nasser St.,200,39000,195,0,0,1.14,10,True
564,52,43,3,Food & Beverage,Alexandria / Gamal Abdel Nasser St.,200,39000,195,0,0,1.14,10,True
565,52,43,4,Food & Beverage,Alexandria / Gamal Abdel Nasser St.,200,39000,195,0,0,1.14,10,True
566,52,43,5,Food & Beverage,Alexandria / Gamal Abdel Nasser St.,200,39000,195,0,0,1.14,10,True
567,52,43,6,Health & Fitness,Alexandria / Gamal Abdel Nasser St.,200,39000,195,0,0,1.14,10,True
568,52,43,7,Healthcare,Alexandria / Gamal Abdel Nasser St.,200,39000,195,2,2,1.14,9.4,True
569,52,43,8,Healthcare,Alexandria / Gamal Abdel Nasser St.,200,39000,195,2,2,1.14,9.4,True
570,52,43,9,Retail,Alexandria / Gamal Abdel Nasser St.,200,39000,195,0,0,1.14,10,True
571,52,43,10,Retail,Alexandria / Gamal Abdel Nasser St.,200,39000,195,0,0,1.14,10,True
572,52,43,11,Tourism & Hospitality,Alexandria / Gamal Abdel Nasser St.,200,39000,195,0,0,1.14,10,True
573,53,43,1,Financial Services,Alexandria / Gamal Abdel Nasser St.,150,6000,40,0,0,1.43,10,True
574,53,43,2,Food & Beverage,Alexandria / Gamal Abdel Nasser St.,150,6000,40,0,0,1.43,10,True
575,53,43,3,Food & Beverage,Alexandria / Gamal Abdel Nasser St.,150,6000,40,0,0,1.43,10,True
576,53,43,4,Food & Beverage,Alexandria / Gamal Abdel Nasser St.,150,6000,40,0,0,1.43,10,True
577,53,43,5,Food & Beverage,Alexandria / Gamal Abdel Nasser St.,150,6000,40,0,0,1.43,10,True
578,53,43,6,Health & Fitness,Alexandria / Gamal Abdel Nasser St.,150,6000,40,0,0,1.43,10,True
579,53,43,7,Healthcare,Alexandria / Gamal Abdel Nasser St.,150,6000,40,2,2,1.43,9.4,True
580,53,43,8,Healthcare,Alexandria / Gamal Abdel Nasser St.,150,6000,40,2,2,1.43,9.4,True
581,53,43,9,Retail,Alexandria / Gamal Abdel Nasser St.,150,6000,40,0,0,1.43,10,True
582,53,43,10,Retail,Alexandria / Gamal Abdel Nasser St.,150,6000,40,0,0,1.43,10,True
583,53,43,11,Tourism & Hospitality,Alexandria / Gamal Abdel Nasser St.,150,6000,40,0,0,1.43,10,True
584,54,43,1,Financial Services,Alexandria / Gamal Abdel Nasser St.,240,100000,416.67,0,0,0.73,8.93,True
585,54,43,2,Food & Beverage,Alexandria / Gamal Abdel Nasser St.,240,100000,416.67,0,0,0.73,8.93,True
586,54,43,3,Food & Beverage,Alexandria / Gamal Abdel Nasser St.,240,100000,416.67,0,0,0.73,8.93,True
587,54,43,4,Food & Beverage,Alexandria / Gamal Abdel Nasser St.,240,100000,416.67,0,0,0.73,8.93,True
588,54,43,5,Food & Beverage,Alexandria / Gamal Abdel Nasser St.,240,100000,416.67,0,0,0.73,8.93,True
589,54,43,6,Health & Fitness,Alexandria / Gamal Abdel Nasser St.,240,100000,416.67,0,0,0.73,8.93,True
590,54,43,7,Healthcare,Alexandria / Gamal Abdel Nasser St.,240,100000,416.67,2,2,0.73,8.33,True
591,54,43,8,Healthcare,Alexandria / Gamal Abdel Nasser St.,240,100000,416.67,2,2,0.73,8.33,True
592,54,43,9,Retail,Alexandria / Gamal Abdel Nasser St.,240,100000,416.67,0,0,0.73,8.93,True
593,54,43,10,Retail,Alexandria / Gamal Abdel Nasser St.,240,100000,416.67,0,0,0.73,8.93,True
594,54,43,11,Tourism & Hospitality,Alexandria / Gamal Abdel Nasser St.,240,100000,416.67,0,0,0.73,8.93,True
595,55,43,1,Financial Services,Alexandria / Gamal Abdel Nasser St.,60,25000,416.67,0,0,0.73,8.93,True
596,55,43,2,Food & Beverage,Alexandria / Gamal Abdel Nasser St.,60,25000,416.67,0,0,0.73,8.93,True
597,55,43,3,Food & Beverage,Alexandria / Gamal Abdel Nasser St.,60,25000,416.67,0,0,0.73,8.93,True
598,55,43,4,Food & Beverage,Alexandria / Gamal Abdel Nasser St.,60,25000,416.67,0,0,0.73,8.93,True
599,55,43,5,Food & Beverage,Alexandria / Gamal Abdel Nasser St.,60,25000,416.67,0,0,0.73,8.93,True
600,55,43,6,Health & Fitness,Alexandria / Gamal Abdel Nasser St.,60,25000,416.67,0,0,0.73,8.93,True
601,55,43,7,Healthcare,Alexandria / Gamal Abdel Nasser St.,60,25000,416.67,2,2,0.73,8.33,True
602,55,43,8,Healthcare,Alexandria / Gamal Abdel Nasser St.,60,25000,416.67,2,2,0.73,8.33,True
603,55,43,9,Retail,Alexandria / Gamal Abdel Nasser St.,60,25000,416.67,0,0,0.73,8.93,True
604,55,43,10,Retail,Alexandria / Gamal Abdel Nasser St.,60,25000,416.67,0,0,0.73,8.93,True
605,55,43,11,Tourism & Hospitality,Alexandria / Gamal Abdel Nasser St.,60,25000,416.67,0,0,0.73,8.93,True
606,56,43,1,Financial Services,Alexandria / Gamal Abdel Nasser St.,240,70000,291.67,0,0,0.96,9.85,True
607,56,43,2,Food & Beverage,Alexandria / Gamal Abdel Nasser St.,240,70000,291.67,0,0,0.96,9.85,True
608,56,43,3,Food & Beverage,Alexandria / Gamal Abdel Nasser St.,240,70000,291.67,0,0,0.96,9.85,True
609,56,43,4,Food & Beverage,Alexandria / Gamal Abdel Nasser St.,240,70000,291.67,0,0,0.96,9.85,True
610,56,43,5,Food & Beverage,Alexandria / Gamal Abdel Nasser St.,240,70000,291.67,0,0,0.96,9.85,True
611,56,43,6,Health & Fitness,Alexandria / Gamal Abdel Nasser St.,240,70000,291.67,0,0,0.96,9.85,True
612,56,43,7,Healthcare,Alexandria / Gamal Abdel Nasser St.,240,70000,291.67,2,2,0.96,9.25,True
613,56,43,8,Healthcare,Alexandria / Gamal Abdel Nasser St.,240,70000,291.67,2,2,0.96,9.25,True
614,56,43,9,Retail,Alexandria / Gamal Abdel Nasser St.,240,70000,291.67,0,0,0.96,9.85,True
615,56,43,10,Retail,Alexandria / Gamal Abdel Nasser St.,240,70000,291.67,0,0,0.96,9.85,True
616,56,43,11,Tourism & Hospitality,Alexandria / Gamal Abdel Nasser St.,240,70000,291.67,0,0,0.96,9.85,True
617,57,43,1,Financial Services,Alexandria / Gamal Abdel Nasser St.,80,12000,150,0,0,1.22,10,True
618,57,43,2,Food & Beverage,Alexandria / Gamal Abdel Nasser St.,80,12000,150,0,0,1.22,10,True
619,57,43,3,Food & Beverage,Alexandria / Gamal Abdel Nasser St.,80,12000,150,0,0,1.22,10,True
620,57,43,4,Food & Beverage,Alexandria / Gamal Abdel Nasser St.,80,12000,150,0,0,1.22,10,True
621,57,43,5,Food & Beverage,Alexandria / Gamal Abdel Nasser St.,80,12000,150,0,0,1.22,10,True
622,57,43,6,Health & Fitness,Alexandria / Gamal Abdel Nasser St.,80,12000,150,0,0,1.22,10,True
623,57,43,7,Healthcare,Alexandria / Gamal Abdel Nasser St.,80,12000,150,2,2,1.22,9.4,True
624,57,43,8,Healthcare,Alexandria / Gamal Abdel Nasser St.,80,12000,150,2,2,1.22,9.4,True
625,57,43,9,Retail,Alexandria / Gamal Abdel Nasser St.,80,12000,150,0,0,1.22,10,True
626,57,43,10,Retail,Alexandria / Gamal Abdel Nasser St.,80,12000,150,0,0,1.22,10,True
627,57,43,11,Tourism & Hospitality,Alexandria / Gamal Abdel Nasser St.,80,12000,150,0,0,1.22,10,True
628,58,43,1,Financial Services,Alexandria / Gamal Abdel Nasser St.,120,15000,125,0,0,1.27,10,True
629,58,43,2,Food & Beverage,Alexandria / Gamal Abdel Nasser St.,120,15000,125,0,0,1.27,10,True
630,58,43,3,Food & Beverage,Alexandria / Gamal Abdel Nasser St.,120,15000,125,0,0,1.27,10,True
631,58,43,4,Food & Beverage,Alexandria / Gamal Abdel Nasser St.,120,15000,125,0,0,1.27,10,True
632,58,43,5,Food & Beverage,Alexandria / Gamal Abdel Nasser St.,120,15000,125,0,0,1.27,10,True
633,58,43,6,Health & Fitness,Alexandria / Gamal Abdel Nasser St.,120,15000,125,0,0,1.27,10,True
634,58,43,7,Healthcare,Alexandria / Gamal Abdel Nasser St.,120,15000,125,2,2,1.27,9.4,True
635,58,43,8,Healthcare,Alexandria / Gamal Abdel Nasser St.,120,15000,125,2,2,1.27,9.4,True
636,58,43,9,Retail,Alexandria / Gamal Abdel Nasser St.,120,15000,125,0,0,1.27,10,True
637,58,43,10,Retail,Alexandria / Gamal Abdel Nasser St.,120,15000,125,0,0,1.27,10,True
638,58,43,11,Tourism & Hospitality,Alexandria / Gamal Abdel Nasser St.,120,15000,125,0,0,1.27,10,True
639,59,43,1,Financial Services,Alexandria / Gamal Abdel Nasser St.,120,10000,83.33,0,0,1.35,10,True
640,59,43,2,Food & Beverage,Alexandria / Gamal Abdel Nasser St.,120,10000,83.33,0,0,1.35,10,True
641,59,43,3,Food & Beverage,Alexandria / Gamal Abdel Nasser St.,120,10000,83.33,0,0,1.35,10,True
642,59,43,4,Food & Beverage,Alexandria / Gamal Abdel Nasser St.,120,10000,83.33,0,0,1.35,10,True
643,59,43,5,Food & Beverage,Alexandria / Gamal Abdel Nasser St.,120,10000,83.33,0,0,1.35,10,True
644,59,43,6,Health & Fitness,Alexandria / Gamal Abdel Nasser St.,120,10000,83.33,0,0,1.35,10,True
645,59,43,7,Healthcare,Alexandria / Gamal Abdel Nasser St.,120,10000,83.33,2,2,1.35,9.4,True
646,59,43,8,Healthcare,Alexandria / Gamal Abdel Nasser St.,120,10000,83.33,2,2,1.35,9.4,True
647,59,43,9,Retail,Alexandria / Gamal Abdel Nasser St.,120,10000,83.33,0,0,1.35,10,True
648,59,43,10,Retail,Alexandria / Gamal Abdel Nasser St.,120,10000,83.33,0,0,1.35,10,True
649,59,43,11,Tourism & Hospitality,Alexandria / Gamal Abdel Nasser St.,120,10000,83.33,0,0,1.35,10,True
650,60,43,1,Financial Services,Alexandria / Gamal Abdel Nasser St.,120,12000,100,0,0,1.32,10,True
651,60,43,2,Food & Beverage,Alexandria / Gamal Abdel Nasser St.,120,12000,100,0,0,1.32,10,True
652,60,43,3,Food & Beverage,Alexandria / Gamal Abdel Nasser St.,120,12000,100,0,0,1.32,10,True
653,60,43,4,Food & Beverage,Alexandria / Gamal Abdel Nasser St.,120,12000,100,0,0,1.32,10,True
654,60,43,5,Food & Beverage,Alexandria / Gamal Abdel Nasser St.,120,12000,100,0,0,1.32,10,True
655,60,43,6,Health & Fitness,Alexandria / Gamal Abdel Nasser St.,120,12000,100,0,0,1.32,10,True
656,60,43,7,Healthcare,Alexandria / Gamal Abdel Nasser St.,120,12000,100,2,2,1.32,9.4,True
657,60,43,8,Healthcare,Alexandria / Gamal Abdel Nasser St.,120,12000,100,2,2,1.32,9.4,True
658,60,43,9,Retail,Alexandria / Gamal Abdel Nasser St.,120,12000,100,0,0,1.32,10,True
659,60,43,10,Retail,Alexandria / Gamal Abdel Nasser St.,120,12000,100,0,0,1.32,10,True
660,60,43,11,Tourism & Hospitality,Alexandria / Gamal Abdel Nasser St.,120,12000,100,0,0,1.32,10,True
661,61,43,1,Financial Services,Alexandria / Gamal Abdel Nasser St.,250,85000,340,0,0,0.87,9.5,True
662,61,43,2,Food & Beverage,Alexandria / Gamal Abdel Nasser St.,250,85000,340,0,0,0.87,9.5,True
663,61,43,3,Food & Beverage,Alexandria / Gamal Abdel Nasser St.,250,85000,340,0,0,0.87,9.5,True
664,61,43,4,Food & Beverage,Alexandria / Gamal Abdel Nasser St.,250,85000,340,0,0,0.87,9.5,True
665,61,43,5,Food & Beverage,Alexandria / Gamal Abdel Nasser St.,250,85000,340,0,0,0.87,9.5,True
666,61,43,6,Health & Fitness,Alexandria / Gamal Abdel Nasser St.,250,85000,340,0,0,0.87,9.5,True
667,61,43,7,Healthcare,Alexandria / Gamal Abdel Nasser St.,250,85000,340,2,2,0.87,8.9,True
668,61,43,8,Healthcare,Alexandria / Gamal Abdel Nasser St.,250,85000,340,2,2,0.87,8.9,True
669,61,43,9,Retail,Alexandria / Gamal Abdel Nasser St.,250,85000,340,0,0,0.87,9.5,True
670,61,43,10,Retail,Alexandria / Gamal Abdel Nasser St.,250,85000,340,0,0,0.87,9.5,True
671,61,43,11,Tourism & Hospitality,Alexandria / Gamal Abdel Nasser St.,250,85000,340,0,0,0.87,9.5,True
672,62,43,1,Financial Services,Alexandria / Gamal Abdel Nasser St.,55,30000,545.45,0,0,0.5,7.98,True
673,62,43,2,Food & Beverage,Alexandria / Gamal Abdel Nasser St.,55,30000,545.45,0,0,0.5,7.98,True
674,62,43,3,Food & Beverage,Alexandria / Gamal Abdel Nasser St.,55,30000,545.45,0,0,0.5,7.98,True
675,62,43,4,Food & Beverage,Alexandria / Gamal Abdel Nasser St.,55,30000,545.45,0,0,0.5,7.98,True
676,62,43,5,Food & Beverage,Alexandria / Gamal Abdel Nasser St.,55,30000,545.45,0,0,0.5,7.98,True
677,62,43,6,Health & Fitness,Alexandria / Gamal Abdel Nasser St.,55,30000,545.45,0,0,0.5,7.98,True
678,62,43,7,Healthcare,Alexandria / Gamal Abdel Nasser St.,55,30000,545.45,2,2,0.5,7.38,True
679,62,43,8,Healthcare,Alexandria / Gamal Abdel Nasser St.,55,30000,545.45,2,2,0.5,7.38,True
680,62,43,9,Retail,Alexandria / Gamal Abdel Nasser St.,55,30000,545.45,0,0,0.5,7.98,True
681,62,43,10,Retail,Alexandria / Gamal Abdel Nasser St.,55,30000,545.45,0,0,0.5,7.98,True
682,62,43,11,Tourism & Hospitality,Alexandria / Gamal Abdel Nasser St.,55,30000,545.45,0,0,0.5,7.98,True
683,63,43,1,Financial Services,Alexandria / Gamal Abdel Nasser St.,60,12000,200,0,0,1.13,10,True
684,63,43,2,Food & Beverage,Alexandria / Gamal Abdel Nasser St.,60,12000,200,0,0,1.13,10,True
685,63,43,3,Food & Beverage,Alexandria / Gamal Abdel Nasser St.,60,12000,200,0,0,1.13,10,True
686,63,43,4,Food & Beverage,Alexandria / Gamal Abdel Nasser St.,60,12000,200,0,0,1.13,10,True
687,63,43,5,Food & Beverage,Alexandria / Gamal Abdel Nasser St.,60,12000,200,0,0,1.13,10,True
688,63,43,6,Health & Fitness,Alexandria / Gamal Abdel Nasser St.,60,12000,200,0,0,1.13,10,True
689,63,43,7,Healthcare,Alexandria / Gamal Abdel Nasser St.,60,12000,200,2,2,1.13,9.4,True
690,63,43,8,Healthcare,Alexandria / Gamal Abdel Nasser St.,60,12000,200,2,2,1.13,9.4,True
691,63,43,9,Retail,Alexandria / Gamal Abdel Nasser St.,60,12000,200,0,0,1.13,10,True
692,63,43,10,Retail,Alexandria / Gamal Abdel Nasser St.,60,12000,200,0,0,1.13,10,True
693,63,43,11,Tourism & Hospitality,Alexandria / Gamal Abdel Nasser St.,60,12000,200,0,0,1.13,10,True
694,64,43,1,Financial Services,Alexandria / Gamal Abdel Nasser St.,100,10000,100,0,0,1.32,10,True
695,64,43,2,Food & Beverage,Alexandria / Gamal Abdel Nasser St.,100,10000,100,0,0,1.32,10,True
696,64,43,3,Food & Beverage,Alexandria / Gamal Abdel Nasser St.,100,10000,100,0,0,1.32,10,True
697,64,43,4,Food & Beverage,Alexandria / Gamal Abdel Nasser St.,100,10000,100,0,0,1.32,10,True
698,64,43,5,Food & Beverage,Alexandria / Gamal Abdel Nasser St.,100,10000,100,0,0,1.32,10,True
699,64,43,6,Health & Fitness,Alexandria / Gamal Abdel Nasser St.,100,10000,100,0,0,1.32,10,True
700,64,43,7,Healthcare,Alexandria / Gamal Abdel Nasser St.,100,10000,100,2,2,1.32,9.4,True
701,64,43,8,Healthcare,Alexandria / Gamal Abdel Nasser St.,100,10000,100,2,2,1.32,9.4,True
702,64,43,9,Retail,Alexandria / Gamal Abdel Nasser St.,100,10000,100,0,0,1.32,10,True
703,64,43,10,Retail,Alexandria / Gamal Abdel Nasser St.,100,10000,100,0,0,1.32,10,True
704,64,43,11,Tourism & Hospitality,Alexandria / Gamal Abdel Nasser St.,100,10000,100,0,0,1.32,10,True
705,65,43,1,Financial Services,Alexandria / Gamal Abdel Nasser St.,240,90000,375,0,0,0.81,9.24,True
706,65,43,2,Food & Beverage,Alexandria / Gamal Abdel Nasser St.,240,90000,375,0,0,0.81,9.24,True
707,65,43,3,Food & Beverage,Alexandria / Gamal Abdel Nasser St.,240,90000,375,0,0,0.81,9.24,True
708,65,43,4,Food & Beverage,Alexandria / Gamal Abdel Nasser St.,240,90000,375,0,0,0.81,9.24,True
709,65,43,5,Food & Beverage,Alexandria / Gamal Abdel Nasser St.,240,90000,375,0,0,0.81,9.24,True
710,65,43,6,Health & Fitness,Alexandria / Gamal Abdel Nasser St.,240,90000,375,0,0,0.81,9.24,True
711,65,43,7,Healthcare,Alexandria / Gamal Abdel Nasser St.,240,90000,375,2,2,0.81,8.64,True
712,65,43,8,Healthcare,Alexandria / Gamal Abdel Nasser St.,240,90000,375,2,2,0.81,8.64,True
713,65,43,9,Retail,Alexandria / Gamal Abdel Nasser St.,240,90000,375,0,0,0.81,9.24,True
714,65,43,10,Retail,Alexandria / Gamal Abdel Nasser St.,240,90000,375,0,0,0.81,9.24,True
715,65,43,11,Tourism & Hospitality,Alexandria / Gamal Abdel Nasser St.,240,90000,375,0,0,0.81,9.24,True
716,66,46,1,Financial Services,Alexandria / Khaled Ibn El Waleed St.,90,14000,155.56,0,2,1.21,10,True
717,66,46,2,Food & Beverage,Alexandria / Khaled Ibn El Waleed St.,90,14000,155.56,0,2,1.21,10,True
718,66,46,3,Food & Beverage,Alexandria / Khaled Ibn El Waleed St.,90,14000,155.56,0,2,1.21,10,True
719,66,46,4,Food & Beverage,Alexandria / Khaled Ibn El Waleed St.,90,14000,155.56,0,2,1.21,10,True
720,66,46,5,Food & Beverage,Alexandria / Khaled Ibn El Waleed St.,90,14000,155.56,0,2,1.21,10,True
721,66,46,6,Health & Fitness,Alexandria / Khaled Ibn El Waleed St.,90,14000,155.56,1,2,1.21,9.7,True
722,66,46,7,Healthcare,Alexandria / Khaled Ibn El Waleed St.,90,14000,155.56,10,14,1.21,4.93,False
723,66,46,8,Healthcare,Alexandria / Khaled Ibn El Waleed St.,90,14000,155.56,10,14,1.21,4.93,False
724,66,46,9,Retail,Alexandria / Khaled Ibn El Waleed St.,90,14000,155.56,0,0,1.21,10,True
725,66,46,10,Retail,Alexandria / Khaled Ibn El Waleed St.,90,14000,155.56,0,0,1.21,10,True
726,66,46,11,Tourism & Hospitality,Alexandria / Khaled Ibn El Waleed St.,90,14000,155.56,0,1,1.21,10,True
727,67,46,1,Financial Services,Alexandria / Khaled Ibn El Waleed St.,200,50000,250,0,2,1.03,10,True
728,67,46,2,Food & Beverage,Alexandria / Khaled Ibn El Waleed St.,200,50000,250,0,2,1.03,10,True
729,67,46,3,Food & Beverage,Alexandria / Khaled Ibn El Waleed St.,200,50000,250,0,2,1.03,10,True
730,67,46,4,Food & Beverage,Alexandria / Khaled Ibn El Waleed St.,200,50000,250,0,2,1.03,10,True
731,67,46,5,Food & Beverage,Alexandria / Khaled Ibn El Waleed St.,200,50000,250,0,2,1.03,10,True
732,67,46,6,Health & Fitness,Alexandria / Khaled Ibn El Waleed St.,200,50000,250,1,2,1.03,9.7,True
733,67,46,7,Healthcare,Alexandria / Khaled Ibn El Waleed St.,200,50000,250,10,14,1.03,4.93,False
734,67,46,8,Healthcare,Alexandria / Khaled Ibn El Waleed St.,200,50000,250,10,14,1.03,4.93,False
735,67,46,9,Retail,Alexandria / Khaled Ibn El Waleed St.,200,50000,250,0,0,1.03,10,True
736,67,46,10,Retail,Alexandria / Khaled Ibn El Waleed St.,200,50000,250,0,0,1.03,10,True
737,67,46,11,Tourism & Hospitality,Alexandria / Khaled Ibn El Waleed St.,200,50000,250,0,1,1.03,10,True
738,68,46,1,Financial Services,Alexandria / Khaled Ibn El Waleed St.,150,30000,200,0,2,1.13,10,True
739,68,46,2,Food & Beverage,Alexandria / Khaled Ibn El Waleed St.,150,30000,200,0,2,1.13,10,True
740,68,46,3,Food & Beverage,Alexandria / Khaled Ibn El Waleed St.,150,30000,200,0,2,1.13,10,True
741,68,46,4,Food & Beverage,Alexandria / Khaled Ibn El Waleed St.,150,30000,200,0,2,1.13,10,True
742,68,46,5,Food & Beverage,Alexandria / Khaled Ibn El Waleed St.,150,30000,200,0,2,1.13,10,True
743,68,46,6,Health & Fitness,Alexandria / Khaled Ibn El Waleed St.,150,30000,200,1,2,1.13,9.7,True
744,68,46,7,Healthcare,Alexandria / Khaled Ibn El Waleed St.,150,30000,200,10,14,1.13,4.93,False
745,68,46,8,Healthcare,Alexandria / Khaled Ibn El Waleed St.,150,30000,200,10,14,1.13,4.93,False
746,68,46,9,Retail,Alexandria / Khaled Ibn El Waleed St.,150,30000,200,0,0,1.13,10,True
747,68,46,10,Retail,Alexandria / Khaled Ibn El Waleed St.,150,30000,200,0,0,1.13,10,True
748,68,46,11,Tourism & Hospitality,Alexandria / Khaled Ibn El Waleed St.,150,30000,200,0,1,1.13,10,True
749,69,46,1,Financial Services,Alexandria / Khaled Ibn El Waleed St.,180,50000,277.78,0,2,0.98,9.93,True
750,69,46,2,Food & Beverage,Alexandria / Khaled Ibn El Waleed St.,180,50000,277.78,0,2,0.98,9.93,True
751,69,46,3,Food & Beverage,Alexandria / Khaled Ibn El Waleed St.,180,50000,277.78,0,2,0.98,9.93,True
752,69,46,4,Food & Beverage,Alexandria / Khaled Ibn El Waleed St.,180,50000,277.78,0,2,0.98,9.93,True
753,69,46,5,Food & Beverage,Alexandria / Khaled Ibn El Waleed St.,180,50000,277.78,0,2,0.98,9.93,True
754,69,46,6,Health & Fitness,Alexandria / Khaled Ibn El Waleed St.,180,50000,277.78,1,2,0.98,9.63,True
755,69,46,7,Healthcare,Alexandria / Khaled Ibn El Waleed St.,180,50000,277.78,10,14,0.98,4.86,False
756,69,46,8,Healthcare,Alexandria / Khaled Ibn El Waleed St.,180,50000,277.78,10,14,0.98,4.86,False
757,69,46,9,Retail,Alexandria / Khaled Ibn El Waleed St.,180,50000,277.78,0,0,0.98,9.93,True
758,69,46,10,Retail,Alexandria / Khaled Ibn El Waleed St.,180,50000,277.78,0,0,0.98,9.93,True
759,69,46,11,Tourism & Hospitality,Alexandria / Khaled Ibn El Waleed St.,180,50000,277.78,0,1,0.98,9.93,True
760,70,46,1,Financial Services,Alexandria / Khaled Ibn El Waleed St.,148,45000,304.05,0,2,0.93,9.73,True
761,70,46,2,Food & Beverage,Alexandria / Khaled Ibn El Waleed St.,148,45000,304.05,0,2,0.93,9.73,True
762,70,46,3,Food & Beverage,Alexandria / Khaled Ibn El Waleed St.,148,45000,304.05,0,2,0.93,9.73,True
763,70,46,4,Food & Beverage,Alexandria / Khaled Ibn El Waleed St.,148,45000,304.05,0,2,0.93,9.73,True
764,70,46,5,Food & Beverage,Alexandria / Khaled Ibn El Waleed St.,148,45000,304.05,0,2,0.93,9.73,True
765,70,46,6,Health & Fitness,Alexandria / Khaled Ibn El Waleed St.,148,45000,304.05,1,2,0.93,9.43,True
766,70,46,7,Healthcare,Alexandria / Khaled Ibn El Waleed St.,148,45000,304.05,10,14,0.93,4.66,False
767,70,46,8,Healthcare,Alexandria / Khaled Ibn El Waleed St.,148,45000,304.05,10,14,0.93,4.66,False
768,70,46,9,Retail,Alexandria / Khaled Ibn El Waleed St.,148,45000,304.05,0,0,0.93,9.73,True
769,70,46,10,Retail,Alexandria / Khaled Ibn El Waleed St.,148,45000,304.05,0,0,0.93,9.73,True
770,70,46,11,Tourism & Hospitality,Alexandria / Khaled Ibn El Waleed St.,148,45000,304.05,0,1,0.93,9.73,True
771,71,22,1,Financial Services,Alexandria / Kornesh El-Maamoura St,140,135000,964.29,0,0,0.57,8.3,True
772,71,22,2,Food & Beverage,Alexandria / Kornesh El-Maamoura St,140,135000,964.29,0,0,0.57,8.3,True
773,71,22,3,Food & Beverage,Alexandria / Kornesh El-Maamoura St,140,135000,964.29,0,0,0.57,8.3,True
774,71,22,4,Food & Beverage,Alexandria / Kornesh El-Maamoura St,140,135000,964.29,0,0,0.57,8.3,True
775,71,22,5,Food & Beverage,Alexandria / Kornesh El-Maamoura St,140,135000,964.29,0,0,0.57,8.3,True
776,71,22,6,Health & Fitness,Alexandria / Kornesh El-Maamoura St,140,135000,964.29,0,0,0.57,8.3,True
777,71,22,7,Healthcare,Alexandria / Kornesh El-Maamoura St,140,135000,964.29,2,2,0.57,7.7,True
778,71,22,8,Healthcare,Alexandria / Kornesh El-Maamoura St,140,135000,964.29,2,2,0.57,7.7,True
779,71,22,9,Retail,Alexandria / Kornesh El-Maamoura St,140,135000,964.29,0,0,0.57,8.3,True
780,71,22,10,Retail,Alexandria / Kornesh El-Maamoura St,140,135000,964.29,0,0,0.57,8.3,True
781,71,22,11,Tourism & Hospitality,Alexandria / Kornesh El-Maamoura St,140,135000,964.29,3,4,0.57,6.27,True
782,72,14,1,Financial Services,Alexandria / La Jetee St.,65,20000,307.69,2,2,0.88,8.93,True
783,72,14,2,Food & Beverage,Alexandria / La Jetee St.,65,20000,307.69,8,24,0.88,4.8,False
784,72,14,3,Food & Beverage,Alexandria / La Jetee St.,65,20000,307.69,8,24,0.88,4.8,False
785,72,14,4,Food & Beverage,Alexandria / La Jetee St.,65,20000,307.69,8,24,0.88,4.8,False
786,72,14,5,Food & Beverage,Alexandria / La Jetee St.,65,20000,307.69,8,24,0.88,4.8,False
787,72,14,6,Health & Fitness,Alexandria / La Jetee St.,65,20000,307.69,0,0,0.88,9.53,True
788,72,14,7,Healthcare,Alexandria / La Jetee St.,65,20000,307.69,6,6,0.88,7.4,True
789,72,14,8,Healthcare,Alexandria / La Jetee St.,65,20000,307.69,6,6,0.88,7.4,True
790,72,14,9,Retail,Alexandria / La Jetee St.,65,20000,307.69,2,2,0.88,8.93,True
791,72,14,10,Retail,Alexandria / La Jetee St.,65,20000,307.69,2,2,0.88,8.93,True
792,72,14,11,Tourism & Hospitality,Alexandria / La Jetee St.,65,20000,307.69,1,1,0.88,9.23,True
793,73,14,1,Financial Services,Alexandria / La Jetee St.,125,20000,160,2,2,1.18,9.4,True
794,73,14,2,Food & Beverage,Alexandria / La Jetee St.,125,20000,160,8,24,1.18,5.27,False
795,73,14,3,Food & Beverage,Alexandria / La Jetee St.,125,20000,160,8,24,1.18,5.27,False
796,73,14,4,Food & Beverage,Alexandria / La Jetee St.,125,20000,160,8,24,1.18,5.27,False
797,73,14,5,Food & Beverage,Alexandria / La Jetee St.,125,20000,160,8,24,1.18,5.27,False
798,73,14,6,Health & Fitness,Alexandria / La Jetee St.,125,20000,160,0,0,1.18,10,True
799,73,14,7,Healthcare,Alexandria / La Jetee St.,125,20000,160,6,6,1.18,7.87,True
800,73,14,8,Healthcare,Alexandria / La Jetee St.,125,20000,160,6,6,1.18,7.87,True
801,73,14,9,Retail,Alexandria / La Jetee St.,125,20000,160,2,2,1.18,9.4,True
802,73,14,10,Retail,Alexandria / La Jetee St.,125,20000,160,2,2,1.18,9.4,True
803,73,14,11,Tourism & Hospitality,Alexandria / La Jetee St.,125,20000,160,1,1,1.18,9.7,True
804,74,14,1,Financial Services,Alexandria / La Jetee St.,100,15000,150,2,2,1.2,9.4,True
805,74,14,2,Food & Beverage,Alexandria / La Jetee St.,100,15000,150,8,24,1.2,5.27,False
806,74,14,3,Food & Beverage,Alexandria / La Jetee St.,100,15000,150,8,24,1.2,5.27,False
807,74,14,4,Food & Beverage,Alexandria / La Jetee St.,100,15000,150,8,24,1.2,5.27,False
808,74,14,5,Food & Beverage,Alexandria / La Jetee St.,100,15000,150,8,24,1.2,5.27,False
809,74,14,6,Health & Fitness,Alexandria / La Jetee St.,100,15000,150,0,0,1.2,10,True
810,74,14,7,Healthcare,Alexandria / La Jetee St.,100,15000,150,6,6,1.2,7.87,True
811,74,14,8,Healthcare,Alexandria / La Jetee St.,100,15000,150,6,6,1.2,7.87,True
812,74,14,9,Retail,Alexandria / La Jetee St.,100,15000,150,2,2,1.2,9.4,True
813,74,14,10,Retail,Alexandria / La Jetee St.,100,15000,150,2,2,1.2,9.4,True
814,74,14,11,Tourism & Hospitality,Alexandria / La Jetee St.,100,15000,150,1,1,1.2,9.7,True
815,75,37,1,Financial Services,Alexandria / Miami,70,10000,142.86,0,0,1.14,10,True
816,75,37,2,Food & Beverage,Alexandria / Miami,70,10000,142.86,0,0,1.14,10,True
817,75,37,3,Food & Beverage,Alexandria / Miami,70,10000,142.86,0,0,1.14,10,True
818,75,37,4,Food & Beverage,Alexandria / Miami,70,10000,142.86,0,0,1.14,10,True
819,75,37,5,Food & Beverage,Alexandria / Miami,70,10000,142.86,0,0,1.14,10,True
820,75,37,6,Health & Fitness,Alexandria / Miami,70,10000,142.86,0,0,1.14,10,True
821,75,37,7,Healthcare,Alexandria / Miami,70,10000,142.86,2,6,1.14,8.07,True
822,75,37,8,Healthcare,Alexandria / Miami,70,10000,142.86,2,6,1.14,8.07,True
823,75,37,9,Retail,Alexandria / Miami,70,10000,142.86,0,0,1.14,10,True
824,75,37,10,Retail,Alexandria / Miami,70,10000,142.86,0,0,1.14,10,True
825,75,37,11,Tourism & Hospitality,Alexandria / Miami,70,10000,142.86,0,0,1.14,10,True
826,76,37,1,Financial Services,Alexandria / Miami,60,15000,250,0,0,0.86,9.45,True
827,76,37,2,Food & Beverage,Alexandria / Miami,60,15000,250,0,0,0.86,9.45,True
828,76,37,3,Food & Beverage,Alexandria / Miami,60,15000,250,0,0,0.86,9.45,True
829,76,37,4,Food & Beverage,Alexandria / Miami,60,15000,250,0,0,0.86,9.45,True
830,76,37,5,Food & Beverage,Alexandria / Miami,60,15000,250,0,0,0.86,9.45,True
831,76,37,6,Health & Fitness,Alexandria / Miami,60,15000,250,0,0,0.86,9.45,True
832,76,37,7,Healthcare,Alexandria / Miami,60,15000,250,2,6,0.86,7.52,True
833,76,37,8,Healthcare,Alexandria / Miami,60,15000,250,2,6,0.86,7.52,True
834,76,37,9,Retail,Alexandria / Miami,60,15000,250,0,0,0.86,9.45,True
835,76,37,10,Retail,Alexandria / Miami,60,15000,250,0,0,0.86,9.45,True
836,76,37,11,Tourism & Hospitality,Alexandria / Miami,60,15000,250,0,0,0.86,9.45,True
837,77,38,1,Financial Services,Alexandria / Mohammed Al Eqbal St.,80,20000,250,3,8,1.03,8.22,True
838,77,38,2,Food & Beverage,Alexandria / Mohammed Al Eqbal St.,80,20000,250,3,11,1.03,7.65,True
839,77,38,3,Food & Beverage,Alexandria / Mohammed Al Eqbal St.,80,20000,250,3,11,1.03,7.65,True
840,77,38,4,Food & Beverage,Alexandria / Mohammed Al Eqbal St.,80,20000,250,3,11,1.03,7.65,True
841,77,38,5,Food & Beverage,Alexandria / Mohammed Al Eqbal St.,80,20000,250,3,11,1.03,7.65,True
842,77,38,6,Health & Fitness,Alexandria / Mohammed Al Eqbal St.,80,20000,250,0,2,1.03,10,True
843,77,38,7,Healthcare,Alexandria / Mohammed Al Eqbal St.,80,20000,250,6,8,1.03,7.33,True
844,77,38,8,Healthcare,Alexandria / Mohammed Al Eqbal St.,80,20000,250,6,8,1.03,7.33,True
845,77,38,9,Retail,Alexandria / Mohammed Al Eqbal St.,80,20000,250,3,5,1.03,9.1,True
846,77,38,10,Retail,Alexandria / Mohammed Al Eqbal St.,80,20000,250,3,5,1.03,9.1,True
847,77,38,11,Tourism & Hospitality,Alexandria / Mohammed Al Eqbal St.,80,20000,250,2,2,1.03,9.4,True
848,78,38,1,Financial Services,Alexandria / Mohammed Al Eqbal St.,80,25000,312.5,3,8,0.91,7.87,True
849,78,38,2,Food & Beverage,Alexandria / Mohammed Al Eqbal St.,80,25000,312.5,3,11,0.91,7.29,True
850,78,38,3,Food & Beverage,Alexandria / Mohammed Al Eqbal St.,80,25000,312.5,3,11,0.91,7.29,True
851,78,38,4,Food & Beverage,Alexandria / Mohammed Al Eqbal St.,80,25000,312.5,3,11,0.91,7.29,True
852,78,38,5,Food & Beverage,Alexandria / Mohammed Al Eqbal St.,80,25000,312.5,3,11,0.91,7.29,True
853,78,38,6,Health & Fitness,Alexandria / Mohammed Al Eqbal St.,80,25000,312.5,0,2,0.91,9.65,True
854,78,38,7,Healthcare,Alexandria / Mohammed Al Eqbal St.,80,25000,312.5,6,8,0.91,6.97,True
855,78,38,8,Healthcare,Alexandria / Mohammed Al Eqbal St.,80,25000,312.5,6,8,0.91,6.97,True
856,78,38,9,Retail,Alexandria / Mohammed Al Eqbal St.,80,25000,312.5,3,5,0.91,8.75,True
857,78,38,10,Retail,Alexandria / Mohammed Al Eqbal St.,80,25000,312.5,3,5,0.91,8.75,True
858,78,38,11,Tourism & Hospitality,Alexandria / Mohammed Al Eqbal St.,80,25000,312.5,2,2,0.91,9.05,True
859,79,20,1,Financial Services,Alexandria / Mohammed Darwish El-Deeb St.,85,120000,1411.76,0,0,0.26,7.04,True
860,79,20,2,Food & Beverage,Alexandria / Mohammed Darwish El-Deeb St.,85,120000,1411.76,0,3,0.26,7.04,True
861,79,20,3,Food & Beverage,Alexandria / Mohammed Darwish El-Deeb St.,85,120000,1411.76,0,3,0.26,7.04,True
862,79,20,4,Food & Beverage,Alexandria / Mohammed Darwish El-Deeb St.,85,120000,1411.76,0,3,0.26,7.04,True
863,79,20,5,Food & Beverage,Alexandria / Mohammed Darwish El-Deeb St.,85,120000,1411.76,0,3,0.26,7.04,True
864,79,20,6,Health & Fitness,Alexandria / Mohammed Darwish El-Deeb St.,85,120000,1411.76,0,0,0.26,7.04,True
865,79,20,7,Healthcare,Alexandria / Mohammed Darwish El-Deeb St.,85,120000,1411.76,6,11,0.26,4.24,False
866,79,20,8,Healthcare,Alexandria / Mohammed Darwish El-Deeb St.,85,120000,1411.76,6,11,0.26,4.24,False
867,79,20,9,Retail,Alexandria / Mohammed Darwish El-Deeb St.,85,120000,1411.76,0,1,0.26,7.04,True
868,79,20,10,Retail,Alexandria / Mohammed Darwish El-Deeb St.,85,120000,1411.76,0,1,0.26,7.04,True
869,79,20,11,Tourism & Hospitality,Alexandria / Mohammed Darwish El-Deeb St.,85,120000,1411.76,0,0,0.26,7.04,True
870,80,31,1,Financial Services,Alexandria / Mohammed Fawzi Moaz St.,250,250000,1000,1,8,1,8.95,True
871,80,31,2,Food & Beverage,Alexandria / Mohammed Fawzi Moaz St.,250,250000,1000,5,22,1,6.32,True
872,80,31,3,Food & Beverage,Alexandria / Mohammed Fawzi Moaz St.,250,250000,1000,5,22,1,6.32,True
873,80,31,4,Food & Beverage,Alexandria / Mohammed Fawzi Moaz St.,250,250000,1000,5,22,1,6.32,True
874,80,31,5,Food & Beverage,Alexandria / Mohammed Fawzi Moaz St.,250,250000,1000,5,22,1,6.32,True
875,80,31,6,Health & Fitness,Alexandria / Mohammed Fawzi Moaz St.,250,250000,1000,1,1,1,9.7,True
876,80,31,7,Healthcare,Alexandria / Mohammed Fawzi Moaz St.,250,250000,1000,7,20,1,5.8,False
877,80,31,8,Healthcare,Alexandria / Mohammed Fawzi Moaz St.,250,250000,1000,7,20,1,5.8,False
878,80,31,9,Retail,Alexandria / Mohammed Fawzi Moaz St.,250,250000,1000,5,10,1,7.3,True
879,80,31,10,Retail,Alexandria / Mohammed Fawzi Moaz St.,250,250000,1000,5,10,1,7.3,True
880,80,31,11,Tourism & Hospitality,Alexandria / Mohammed Fawzi Moaz St.,250,250000,1000,0,3,1,10,True
881,81,40,1,Financial Services,Alexandria / Mostafa Fahmy St,700,95000,135.71,1,7,1.25,8.41,True
882,81,40,2,Food & Beverage,Alexandria / Mostafa Fahmy St,700,95000,135.71,2,8,1.25,7.9,True
883,81,40,3,Food & Beverage,Alexandria / Mostafa Fahmy St,700,95000,135.71,2,8,1.25,7.9,True
884,81,40,4,Food & Beverage,Alexandria / Mostafa Fahmy St,700,95000,135.71,2,8,1.25,7.9,True
885,81,40,5,Food & Beverage,Alexandria / Mostafa Fahmy St,700,95000,135.71,2,8,1.25,7.9,True
886,81,40,6,Health & Fitness,Alexandria / Mostafa Fahmy St,700,95000,135.71,0,1,1.25,10,True
887,81,40,7,Healthcare,Alexandria / Mostafa Fahmy St,700,95000,135.71,8,17,1.25,5.31,False
888,81,40,8,Healthcare,Alexandria / Mostafa Fahmy St,700,95000,135.71,8,17,1.25,5.31,False
889,81,40,9,Retail,Alexandria / Mostafa Fahmy St,700,95000,135.71,1,5,1.25,9.1,True
890,81,40,10,Retail,Alexandria / Mostafa Fahmy St,700,95000,135.71,1,5,1.25,9.1,True
891,81,40,11,Tourism & Hospitality,Alexandria / Mostafa Fahmy St,700,95000,135.71,0,2,1.25,10,True
892,82,20,1,Financial Services,Alexandria / New El Hadra,150,15000,100,0,0,1.41,10,True
893,82,20,2,Food & Beverage,Alexandria / New El Hadra,150,15000,100,0,3,1.41,10,True
894,82,20,3,Food & Beverage,Alexandria / New El Hadra,150,15000,100,0,3,1.41,10,True
895,82,20,4,Food & Beverage,Alexandria / New El Hadra,150,15000,100,0,3,1.41,10,True
896,82,20,5,Food & Beverage,Alexandria / New El Hadra,150,15000,100,0,3,1.41,10,True
897,82,20,6,Health & Fitness,Alexandria / New El Hadra,150,15000,100,0,0,1.41,10,True
898,82,20,7,Healthcare,Alexandria / New El Hadra,150,15000,100,6,11,1.41,7.2,True
899,82,20,8,Healthcare,Alexandria / New El Hadra,150,15000,100,6,11,1.41,7.2,True
900,82,20,9,Retail,Alexandria / New El Hadra,150,15000,100,0,1,1.41,10,True
901,82,20,10,Retail,Alexandria / New El Hadra,150,15000,100,0,1,1.41,10,True
902,82,20,11,Tourism & Hospitality,Alexandria / New El Hadra,150,15000,100,0,0,1.41,10,True
903,83,20,1,Financial Services,Alexandria / New El Hadra,150,12000,80,0,0,1.43,10,True
904,83,20,2,Food & Beverage,Alexandria / New El Hadra,150,12000,80,0,3,1.43,10,True
905,83,20,3,Food & Beverage,Alexandria / New El Hadra,150,12000,80,0,3,1.43,10,True
906,83,20,4,Food & Beverage,Alexandria / New El Hadra,150,12000,80,0,3,1.43,10,True
907,83,20,5,Food & Beverage,Alexandria / New El Hadra,150,12000,80,0,3,1.43,10,True
908,83,20,6,Health & Fitness,Alexandria / New El Hadra,150,12000,80,0,0,1.43,10,True
909,83,20,7,Healthcare,Alexandria / New El Hadra,150,12000,80,6,11,1.43,7.2,True
910,83,20,8,Healthcare,Alexandria / New El Hadra,150,12000,80,6,11,1.43,7.2,True
911,83,20,9,Retail,Alexandria / New El Hadra,150,12000,80,0,1,1.43,10,True
912,83,20,10,Retail,Alexandria / New El Hadra,150,12000,80,0,1,1.43,10,True
913,83,20,11,Tourism & Hospitality,Alexandria / New El Hadra,150,12000,80,0,0,1.43,10,True
914,84,5,1,Financial Services,Alexandria / Riad St,310,210000,677.42,19,48,0.78,3.54,False
915,84,5,2,Food & Beverage,Alexandria / Riad St,310,210000,677.42,100,141,0.78,3.26,False
916,84,5,3,Food & Beverage,Alexandria / Riad St,310,210000,677.42,100,141,0.78,3.26,False
917,84,5,4,Food & Beverage,Alexandria / Riad St,310,210000,677.42,100,141,0.78,3.26,False
918,84,5,5,Food & Beverage,Alexandria / Riad St,310,210000,677.42,100,141,0.78,3.26,False
919,84,5,6,Health & Fitness,Alexandria / Riad St,310,210000,677.42,1,1,0.78,8.82,True
920,84,5,7,Healthcare,Alexandria / Riad St,310,210000,677.42,42,74,0.78,3.39,False
921,84,5,8,Healthcare,Alexandria / Riad St,310,210000,677.42,42,74,0.78,3.39,False
922,84,5,9,Retail,Alexandria / Riad St,310,210000,677.42,164,173,0.78,3.24,False
923,84,5,10,Retail,Alexandria / Riad St,310,210000,677.42,164,173,0.78,3.24,False
924,84,5,11,Tourism & Hospitality,Alexandria / Riad St,310,210000,677.42,20,29,0.78,3.81,False
925,85,40,1,Financial Services,Alexandria / Roushdy Basha St.,60,25000,416.67,1,7,0.75,7.4,True
926,85,40,2,Food & Beverage,Alexandria / Roushdy Basha St.,60,25000,416.67,2,8,0.75,6.88,True
927,85,40,3,Food & Beverage,Alexandria / Roushdy Basha St.,60,25000,416.67,2,8,0.75,6.88,True
928,85,40,4,Food & Beverage,Alexandria / Roushdy Basha St.,60,25000,416.67,2,8,0.75,6.88,True
929,85,40,5,Food & Beverage,Alexandria / Roushdy Basha St.,60,25000,416.67,2,8,0.75,6.88,True
930,85,40,6,Health & Fitness,Alexandria / Roushdy Basha St.,60,25000,416.67,0,1,0.75,8.98,True
931,85,40,7,Healthcare,Alexandria / Roushdy Basha St.,60,25000,416.67,8,17,0.75,4.29,False
932,85,40,8,Healthcare,Alexandria / Roushdy Basha St.,60,25000,416.67,8,17,0.75,4.29,False
933,85,40,9,Retail,Alexandria / Roushdy Basha St.,60,25000,416.67,1,5,0.75,8.08,True
934,85,40,10,Retail,Alexandria / Roushdy Basha St.,60,25000,416.67,1,5,0.75,8.08,True
935,85,40,11,Tourism & Hospitality,Alexandria / Roushdy Basha St.,60,25000,416.67,0,2,0.75,8.98,True
936,86,16,1,Financial Services,Alexandria / Saad Zaghloul St.,100,100000,1000,9,43,0.83,4.1,False
937,86,16,2,Food & Beverage,Alexandria / Saad Zaghloul St.,100,100000,1000,30,132,0.83,3.48,False
938,86,16,3,Food & Beverage,Alexandria / Saad Zaghloul St.,100,100000,1000,30,132,0.83,3.48,False
939,86,16,4,Food & Beverage,Alexandria / Saad Zaghloul St.,100,100000,1000,30,132,0.83,3.48,False
940,86,16,5,Food & Beverage,Alexandria / Saad Zaghloul St.,100,100000,1000,30,132,0.83,3.48,False
941,86,16,6,Health & Fitness,Alexandria / Saad Zaghloul St.,100,100000,1000,0,2,0.83,9.33,True
942,86,16,7,Healthcare,Alexandria / Saad Zaghloul St.,100,100000,1000,29,66,0.83,3.64,False
943,86,16,8,Healthcare,Alexandria / Saad Zaghloul St.,100,100000,1000,29,66,0.83,3.64,False
944,86,16,9,Retail,Alexandria / Saad Zaghloul St.,100,100000,1000,22,169,0.83,3.45,False
945,86,16,10,Retail,Alexandria / Saad Zaghloul St.,100,100000,1000,22,169,0.83,3.45,False
946,86,16,11,Tourism & Hospitality,Alexandria / Saad Zaghloul St.,100,100000,1000,0,19,0.83,7.39,True
947,87,46,1,Financial Services,Alexandria / Salah Salem St.,183,45000,245.9,0,2,1.04,10,True
948,87,46,2,Food & Beverage,Alexandria / Salah Salem St.,183,45000,245.9,0,2,1.04,10,True
949,87,46,3,Food & Beverage,Alexandria / Salah Salem St.,183,45000,245.9,0,2,1.04,10,True
950,87,46,4,Food & Beverage,Alexandria / Salah Salem St.,183,45000,245.9,0,2,1.04,10,True
951,87,46,5,Food & Beverage,Alexandria / Salah Salem St.,183,45000,245.9,0,2,1.04,10,True
952,87,46,6,Health & Fitness,Alexandria / Salah Salem St.,183,45000,245.9,1,2,1.04,9.7,True
953,87,46,7,Healthcare,Alexandria / Salah Salem St.,183,45000,245.9,10,14,1.04,4.93,False
954,87,46,8,Healthcare,Alexandria / Salah Salem St.,183,45000,245.9,10,14,1.04,4.93,False
955,87,46,9,Retail,Alexandria / Salah Salem St.,183,45000,245.9,0,0,1.04,10,True
956,87,46,10,Retail,Alexandria / Salah Salem St.,183,45000,245.9,0,0,1.04,10,True
957,87,46,11,Tourism & Hospitality,Alexandria / Salah Salem St.,183,45000,245.9,0,1,1.04,10,True
958,88,46,1,Financial Services,Alexandria / Salah Salem St.,194,80000,412.37,0,2,0.73,8.92,True
959,88,46,2,Food & Beverage,Alexandria / Salah Salem St.,194,80000,412.37,0,2,0.73,8.92,True
960,88,46,3,Food & Beverage,Alexandria / Salah Salem St.,194,80000,412.37,0,2,0.73,8.92,True
961,88,46,4,Food & Beverage,Alexandria / Salah Salem St.,194,80000,412.37,0,2,0.73,8.92,True
962,88,46,5,Food & Beverage,Alexandria / Salah Salem St.,194,80000,412.37,0,2,0.73,8.92,True
963,88,46,6,Health & Fitness,Alexandria / Salah Salem St.,194,80000,412.37,1,2,0.73,8.62,True
964,88,46,7,Healthcare,Alexandria / Salah Salem St.,194,80000,412.37,10,14,0.73,3.85,False
965,88,46,8,Healthcare,Alexandria / Salah Salem St.,194,80000,412.37,10,14,0.73,3.85,False
966,88,46,9,Retail,Alexandria / Salah Salem St.,194,80000,412.37,0,0,0.73,8.92,True
967,88,46,10,Retail,Alexandria / Salah Salem St.,194,80000,412.37,0,0,0.73,8.92,True
968,88,46,11,Tourism & Hospitality,Alexandria / Salah Salem St.,194,80000,412.37,0,1,0.73,8.92,True
969,89,14,1,Financial Services,Alexandria / Sant Giyn St.,138,75000,543.48,2,2,0.41,7.05,True
970,89,14,2,Food & Beverage,Alexandria / Sant Giyn St.,138,75000,543.48,8,24,0.41,2.91,False
971,89,14,3,Food & Beverage,Alexandria / Sant Giyn St.,138,75000,543.48,8,24,0.41,2.91,False
972,89,14,4,Food & Beverage,Alexandria / Sant Giyn St.,138,75000,543.48,8,24,0.41,2.91,False
973,89,14,5,Food & Beverage,Alexandria / Sant Giyn St.,138,75000,543.48,8,24,0.41,2.91,False
974,89,14,6,Health & Fitness,Alexandria / Sant Giyn St.,138,75000,543.48,0,0,0.41,7.65,True
975,89,14,7,Healthcare,Alexandria / Sant Giyn St.,138,75000,543.48,6,6,0.41,5.51,False
976,89,14,8,Healthcare,Alexandria / Sant Giyn St.,138,75000,543.48,6,6,0.41,5.51,False
977,89,14,9,Retail,Alexandria / Sant Giyn St.,138,75000,543.48,2,2,0.41,7.05,True
978,89,14,10,Retail,Alexandria / Sant Giyn St.,138,75000,543.48,2,2,0.41,7.05,True
979,89,14,11,Tourism & Hospitality,Alexandria / Sant Giyn St.,138,75000,543.48,1,1,0.41,7.35,True
980,90,22,1,Financial Services,Alexandria / Shatee El Nakheel,450,35000,77.78,0,0,1.43,10,True
981,90,22,2,Food & Beverage,Alexandria / Shatee El Nakheel,450,35000,77.78,0,0,1.43,10,True
982,90,22,3,Food & Beverage,Alexandria / Shatee El Nakheel,450,35000,77.78,0,0,1.43,10,True
983,90,22,4,Food & Beverage,Alexandria / Shatee El Nakheel,450,35000,77.78,0,0,1.43,10,True
984,90,22,5,Food & Beverage,Alexandria / Shatee El Nakheel,450,35000,77.78,0,0,1.43,10,True
985,90,22,6,Health & Fitness,Alexandria / Shatee El Nakheel,450,35000,77.78,0,0,1.43,10,True
986,90,22,7,Healthcare,Alexandria / Shatee El Nakheel,450,35000,77.78,2,2,1.43,9.4,True
987,90,22,8,Healthcare,Alexandria / Shatee El Nakheel,450,35000,77.78,2,2,1.43,9.4,True
988,90,22,9,Retail,Alexandria / Shatee El Nakheel,450,35000,77.78,0,0,1.43,10,True
989,90,22,10,Retail,Alexandria / Shatee El Nakheel,450,35000,77.78,0,0,1.43,10,True
990,90,22,11,Tourism & Hospitality,Alexandria / Shatee El Nakheel,450,35000,77.78,3,4,1.43,7.97,True
991,91,43,1,Financial Services,Alexandria / Sidi Bishr,70,40000,571.43,0,0,0.45,7.79,True
992,91,43,2,Food & Beverage,Alexandria / Sidi Bishr,70,40000,571.43,0,0,0.45,7.79,True
993,91,43,3,Food & Beverage,Alexandria / Sidi Bishr,70,40000,571.43,0,0,0.45,7.79,True
994,91,43,4,Food & Beverage,Alexandria / Sidi Bishr,70,40000,571.43,0,0,0.45,7.79,True
995,91,43,5,Food & Beverage,Alexandria / Sidi Bishr,70,40000,571.43,0,0,0.45,7.79,True
996,91,43,6,Health & Fitness,Alexandria / Sidi Bishr,70,40000,571.43,0,0,0.45,7.79,True
997,91,43,7,Healthcare,Alexandria / Sidi Bishr,70,40000,571.43,2,2,0.45,7.19,True
998,91,43,8,Healthcare,Alexandria / Sidi Bishr,70,40000,571.43,2,2,0.45,7.19,True
999,91,43,9,Retail,Alexandria / Sidi Bishr,70,40000,571.43,0,0,0.45,7.79,True
1000,91,43,10,Retail,Alexandria / Sidi Bishr,70,40000,571.43,0,0,0.45,7.79,True
1001,91,43,11,Tourism & Hospitality,Alexandria / Sidi Bishr,70,40000,571.43,0,0,0.45,7.79,True
1002,92,43,1,Financial Services,Alexandria / Sidi Bishr,100,13000,130,0,0,1.26,10,True
1003,92,43,2,Food & Beverage,Alexandria / Sidi Bishr,100,13000,130,0,0,1.26,10,True
1004,92,43,3,Food & Beverage,Alexandria / Sidi Bishr,100,13000,130,0,0,1.26,10,True
1005,92,43,4,Food & Beverage,Alexandria / Sidi Bishr,100,13000,130,0,0,1.26,10,True
1006,92,43,5,Food & Beverage,Alexandria / Sidi Bishr,100,13000,130,0,0,1.26,10,True
1007,92,43,6,Health & Fitness,Alexandria / Sidi Bishr,100,13000,130,0,0,1.26,10,True
1008,92,43,7,Healthcare,Alexandria / Sidi Bishr,100,13000,130,2,2,1.26,9.4,True
1009,92,43,8,Healthcare,Alexandria / Sidi Bishr,100,13000,130,2,2,1.26,9.4,True
1010,92,43,9,Retail,Alexandria / Sidi Bishr,100,13000,130,0,0,1.26,10,True
1011,92,43,10,Retail,Alexandria / Sidi Bishr,100,13000,130,0,0,1.26,10,True
1012,92,43,11,Tourism & Hospitality,Alexandria / Sidi Bishr,100,13000,130,0,0,1.26,10,True
1013,93,43,1,Financial Services,Alexandria / Sidi Bishr,60,5000,83.33,0,0,1.35,10,True
1014,93,43,2,Food & Beverage,Alexandria / Sidi Bishr,60,5000,83.33,0,0,1.35,10,True
1015,93,43,3,Food & Beverage,Alexandria / Sidi Bishr,60,5000,83.33,0,0,1.35,10,True
1016,93,43,4,Food & Beverage,Alexandria / Sidi Bishr,60,5000,83.33,0,0,1.35,10,True
1017,93,43,5,Food & Beverage,Alexandria / Sidi Bishr,60,5000,83.33,0,0,1.35,10,True
1018,93,43,6,Health & Fitness,Alexandria / Sidi Bishr,60,5000,83.33,0,0,1.35,10,True
1019,93,43,7,Healthcare,Alexandria / Sidi Bishr,60,5000,83.33,2,2,1.35,9.4,True
1020,93,43,8,Healthcare,Alexandria / Sidi Bishr,60,5000,83.33,2,2,1.35,9.4,True
1021,93,43,9,Retail,Alexandria / Sidi Bishr,60,5000,83.33,0,0,1.35,10,True
1022,93,43,10,Retail,Alexandria / Sidi Bishr,60,5000,83.33,0,0,1.35,10,True
1023,93,43,11,Tourism & Hospitality,Alexandria / Sidi Bishr,60,5000,83.33,0,0,1.35,10,True
1024,94,43,1,Financial Services,Alexandria / Sidi Bishr,230,10000,43.48,0,0,1.42,10,True
1025,94,43,2,Food & Beverage,Alexandria / Sidi Bishr,230,10000,43.48,0,0,1.42,10,True
1026,94,43,3,Food & Beverage,Alexandria / Sidi Bishr,230,10000,43.48,0,0,1.42,10,True
1027,94,43,4,Food & Beverage,Alexandria / Sidi Bishr,230,10000,43.48,0,0,1.42,10,True
1028,94,43,5,Food & Beverage,Alexandria / Sidi Bishr,230,10000,43.48,0,0,1.42,10,True
1029,94,43,6,Health & Fitness,Alexandria / Sidi Bishr,230,10000,43.48,0,0,1.42,10,True
1030,94,43,7,Healthcare,Alexandria / Sidi Bishr,230,10000,43.48,2,2,1.42,9.4,True
1031,94,43,8,Healthcare,Alexandria / Sidi Bishr,230,10000,43.48,2,2,1.42,9.4,True
1032,94,43,9,Retail,Alexandria / Sidi Bishr,230,10000,43.48,0,0,1.42,10,True
1033,94,43,10,Retail,Alexandria / Sidi Bishr,230,10000,43.48,0,0,1.42,10,True
1034,94,43,11,Tourism & Hospitality,Alexandria / Sidi Bishr,230,10000,43.48,0,0,1.42,10,True
1035,95,43,1,Financial Services,Alexandria / Sidi Bishr,70,8500,121.43,0,0,1.28,10,True
1036,95,43,2,Food & Beverage,Alexandria / Sidi Bishr,70,8500,121.43,0,0,1.28,10,True
1037,95,43,3,Food & Beverage,Alexandria / Sidi Bishr,70,8500,121.43,0,0,1.28,10,True
1038,95,43,4,Food & Beverage,Alexandria / Sidi Bishr,70,8500,121.43,0,0,1.28,10,True
1039,95,43,5,Food & Beverage,Alexandria / Sidi Bishr,70,8500,121.43,0,0,1.28,10,True
1040,95,43,6,Health & Fitness,Alexandria / Sidi Bishr,70,8500,121.43,0,0,1.28,10,True
1041,95,43,7,Healthcare,Alexandria / Sidi Bishr,70,8500,121.43,2,2,1.28,9.4,True
1042,95,43,8,Healthcare,Alexandria / Sidi Bishr,70,8500,121.43,2,2,1.28,9.4,True
1043,95,43,9,Retail,Alexandria / Sidi Bishr,70,8500,121.43,0,0,1.28,10,True
1044,95,43,10,Retail,Alexandria / Sidi Bishr,70,8500,121.43,0,0,1.28,10,True
1045,95,43,11,Tourism & Hospitality,Alexandria / Sidi Bishr,70,8500,121.43,0,0,1.28,10,True
1046,96,43,1,Financial Services,Alexandria / Sidi Bishr,60,4500,75,0,0,1.36,10,True
1047,96,43,2,Food & Beverage,Alexandria / Sidi Bishr,60,4500,75,0,0,1.36,10,True
1048,96,43,3,Food & Beverage,Alexandria / Sidi Bishr,60,4500,75,0,0,1.36,10,True
1049,96,43,4,Food & Beverage,Alexandria / Sidi Bishr,60,4500,75,0,0,1.36,10,True
1050,96,43,5,Food & Beverage,Alexandria / Sidi Bishr,60,4500,75,0,0,1.36,10,True
1051,96,43,6,Health & Fitness,Alexandria / Sidi Bishr,60,4500,75,0,0,1.36,10,True
1052,96,43,7,Healthcare,Alexandria / Sidi Bishr,60,4500,75,2,2,1.36,9.4,True
1053,96,43,8,Healthcare,Alexandria / Sidi Bishr,60,4500,75,2,2,1.36,9.4,True
1054,96,43,9,Retail,Alexandria / Sidi Bishr,60,4500,75,0,0,1.36,10,True
1055,96,43,10,Retail,Alexandria / Sidi Bishr,60,4500,75,0,0,1.36,10,True
1056,96,43,11,Tourism & Hospitality,Alexandria / Sidi Bishr,60,4500,75,0,0,1.36,10,True
1057,97,50,1,Financial Services,Alexandria / Victoria,55,15000,272.73,0,0,1.15,10,True
1058,97,50,2,Food & Beverage,Alexandria / Victoria,55,15000,272.73,0,0,1.15,10,True
1059,97,50,3,Food & Beverage,Alexandria / Victoria,55,15000,272.73,0,0,1.15,10,True
1060,97,50,4,Food & Beverage,Alexandria / Victoria,55,15000,272.73,0,0,1.15,10,True
1061,97,50,5,Food & Beverage,Alexandria / Victoria,55,15000,272.73,0,0,1.15,10,True
1062,97,50,6,Health & Fitness,Alexandria / Victoria,55,15000,272.73,0,0,1.15,10,True
1063,97,50,7,Healthcare,Alexandria / Victoria,55,15000,272.73,2,2,1.15,9.4,True
1064,97,50,8,Healthcare,Alexandria / Victoria,55,15000,272.73,2,2,1.15,9.4,True
1065,97,50,9,Retail,Alexandria / Victoria,55,15000,272.73,0,0,1.15,10,True
1066,97,50,10,Retail,Alexandria / Victoria,55,15000,272.73,0,0,1.15,10,True
1067,97,50,11,Tourism & Hospitality,Alexandria / Victoria,55,15000,272.73,0,0,1.15,10,True
1068,98,50,1,Financial Services,Alexandria / Victoria,60,25000,416.67,0,0,0.97,9.88,True
1069,98,50,2,Food & Beverage,Alexandria / Victoria,60,25000,416.67,0,0,0.97,9.88,True
1070,98,50,3,Food & Beverage,Alexandria / Victoria,60,25000,416.67,0,0,0.97,9.88,True
1071,98,50,4,Food & Beverage,Alexandria / Victoria,60,25000,416.67,0,0,0.97,9.88,True
1072,98,50,5,Food & Beverage,Alexandria / Victoria,60,25000,416.67,0,0,0.97,9.88,True
1073,98,50,6,Health & Fitness,Alexandria / Victoria,60,25000,416.67,0,0,0.97,9.88,True
1074,98,50,7,Healthcare,Alexandria / Victoria,60,25000,416.67,2,2,0.97,9.28,True
1075,98,50,8,Healthcare,Alexandria / Victoria,60,25000,416.67,2,2,0.97,9.28,True
1076,98,50,9,Retail,Alexandria / Victoria,60,25000,416.67,0,0,0.97,9.88,True
1077,98,50,10,Retail,Alexandria / Victoria,60,25000,416.67,0,0,0.97,9.88,True
1078,98,50,11,Tourism & Hospitality,Alexandria / Victoria,60,25000,416.67,0,0,0.97,9.88,True
1079,99,50,1,Financial Services,Alexandria / Victoria,50,20000,400,0,0,0.99,9.96,True
1080,99,50,2,Food & Beverage,Alexandria / Victoria,50,20000,400,0,0,0.99,9.96,True
1081,99,50,3,Food & Beverage,Alexandria / Victoria,50,20000,400,0,0,0.99,9.96,True
1082,99,50,4,Food & Beverage,Alexandria / Victoria,50,20000,400,0,0,0.99,9.96,True
1083,99,50,5,Food & Beverage,Alexandria / Victoria,50,20000,400,0,0,0.99,9.96,True
1084,99,50,6,Health & Fitness,Alexandria / Victoria,50,20000,400,0,0,0.99,9.96,True
1085,99,50,7,Healthcare,Alexandria / Victoria,50,20000,400,2,2,0.99,9.36,True
1086,99,50,8,Healthcare,Alexandria / Victoria,50,20000,400,2,2,0.99,9.36,True
1087,99,50,9,Retail,Alexandria / Victoria,50,20000,400,0,0,0.99,9.96,True
1088,99,50,10,Retail,Alexandria / Victoria,50,20000,400,0,0,0.99,9.96,True
1089,99,50,11,Tourism & Hospitality,Alexandria / Victoria,50,20000,400,0,0,0.99,9.96,True
1090,100,50,1,Financial Services,Alexandria / Victoria,60,26000,433.33,0,0,0.95,9.79,True
1091,100,50,2,Food & Beverage,Alexandria / Victoria,60,26000,433.33,0,0,0.95,9.79,True
1092,100,50,3,Food & Beverage,Alexandria / Victoria,60,26000,433.33,0,0,0.95,9.79,True
1093,100,50,4,Food & Beverage,Alexandria / Victoria,60,26000,433.33,0,0,0.95,9.79,True
1094,100,50,5,Food & Beverage,Alexandria / Victoria,60,26000,433.33,0,0,0.95,9.79,True
1095,100,50,6,Health & Fitness,Alexandria / Victoria,60,26000,433.33,0,0,0.95,9.79,True
1096,100,50,7,Healthcare,Alexandria / Victoria,60,26000,433.33,2,2,0.95,9.19,True
1097,100,50,8,Healthcare,Alexandria / Victoria,60,26000,433.33,2,2,0.95,9.19,True
1098,100,50,9,Retail,Alexandria / Victoria,60,26000,433.33,0,0,0.95,9.79,True
1099,100,50,10,Retail,Alexandria / Victoria,60,26000,433.33,0,0,0.95,9.79,True
1100,100,50,11,Tourism & Hospitality,Alexandria / Victoria,60,26000,433.33,0,0,0.95,9.79,True
1101,101,50,1,Financial Services,Alexandria / Victoria,55,25000,454.55,0,0,0.92,9.68,True
1102,101,50,2,Food & Beverage,Alexandria / Victoria,55,25000,454.55,0,0,0.92,9.68,True
1103,101,50,3,Food & Beverage,Alexandria / Victoria,55,25000,454.55,0,0,0.92,9.68,True
1104,101,50,4,Food & Beverage,Alexandria / Victoria,55,25000,454.55,0,0,0.92,9.68,True
1105,101,50,5,Food & Beverage,Alexandria / Victoria,55,25000,454.55,0,0,0.92,9.68,True
1106,101,50,6,Health & Fitness,Alexandria / Victoria,55,25000,454.55,0,0,0.92,9.68,True
1107,101,50,7,Healthcare,Alexandria / Victoria,55,25000,454.55,2,2,0.92,9.08,True
1108,101,50,8,Healthcare,Alexandria / Victoria,55,25000,454.55,2,2,0.92,9.08,True
1109,101,50,9,Retail,Alexandria / Victoria,55,25000,454.55,0,0,0.92,9.68,True
1110,101,50,10,Retail,Alexandria / Victoria,55,25000,454.55,0,0,0.92,9.68,True
1111,101,50,11,Tourism & Hospitality,Alexandria / Victoria,55,25000,454.55,0,0,0.92,9.68,True
1112,102,5,1,Financial Services,Alexandria / Abd El-Salam Aref St,650,220000,338.46,19,48,1.14,4.42,False
1113,102,5,2,Food & Beverage,Alexandria / Abd El-Salam Aref St,650,220000,338.46,100,141,1.14,4.14,False
1114,102,5,3,Food & Beverage,Alexandria / Abd El-Salam Aref St,650,220000,338.46,100,141,1.14,4.14,False
1115,102,5,4,Food & Beverage,Alexandria / Abd El-Salam Aref St,650,220000,338.46,100,141,1.14,4.14,False
1116,102,5,5,Food & Beverage,Alexandria / Abd El-Salam Aref St,650,220000,338.46,100,141,1.14,4.14,False
1117,102,5,6,Health & Fitness,Alexandria / Abd El-Salam Aref St,650,220000,338.46,1,1,1.14,9.7,True
1118,102,5,7,Healthcare,Alexandria / Abd El-Salam Aref St,650,220000,338.46,42,74,1.14,4.27,False
1119,102,5,8,Healthcare,Alexandria / Abd El-Salam Aref St,650,220000,338.46,42,74,1.14,4.27,False
1120,102,5,9,Retail,Alexandria / Abd El-Salam Aref St,650,220000,338.46,164,173,1.14,4.12,False
1121,102,5,10,Retail,Alexandria / Abd El-Salam Aref St,650,220000,338.46,164,173,1.14,4.12,False
1122,102,5,11,Tourism & Hospitality,Alexandria / Abd El-Salam Aref St,650,220000,338.46,20,29,1.14,4.69,False
1123,103,5,1,Financial Services,Alexandria / Abdel Salam Aref St.,300,120000,400,19,48,1.07,4.42,False
1124,103,5,2,Food & Beverage,Alexandria / Abdel Salam Aref St.,300,120000,400,100,141,1.07,4.14,False
1125,103,5,3,Food & Beverage,Alexandria / Abdel Salam Aref St.,300,120000,400,100,141,1.07,4.14,False
1126,103,5,4,Food & Beverage,Alexandria / Abdel Salam Aref St.,300,120000,400,100,141,1.07,4.14,False
1127,103,5,5,Food & Beverage,Alexandria / Abdel Salam Aref St.,300,120000,400,100,141,1.07,4.14,False
1128,103,5,6,Health & Fitness,Alexandria / Abdel Salam Aref St.,300,120000,400,1,1,1.07,9.7,True
1129,103,5,7,Healthcare,Alexandria / Abdel Salam Aref St.,300,120000,400,42,74,1.07,4.27,False
1130,103,5,8,Healthcare,Alexandria / Abdel Salam Aref St.,300,120000,400,42,74,1.07,4.27,False
1131,103,5,9,Retail,Alexandria / Abdel Salam Aref St.,300,120000,400,164,173,1.07,4.12,False
1132,103,5,10,Retail,Alexandria / Abdel Salam Aref St.,300,120000,400,164,173,1.07,4.12,False
1133,103,5,11,Tourism & Hospitality,Alexandria / Abdel Salam Aref St.,300,120000,400,20,29,1.07,4.69,False
1134,104,26,1,Financial Services,Alexandria / Ademon Fremon St.,825,412500,500,23,50,1,4.28,False
1135,104,26,2,Food & Beverage,Alexandria / Ademon Fremon St.,825,412500,500,50,151,1,4.09,False
1136,104,26,3,Food & Beverage,Alexandria / Ademon Fremon St.,825,412500,500,50,151,1,4.09,False
1137,104,26,4,Food & Beverage,Alexandria / Ademon Fremon St.,825,412500,500,50,151,1,4.09,False
1138,104,26,5,Food & Beverage,Alexandria / Ademon Fremon St.,825,412500,500,50,151,1,4.09,False
1139,104,26,6,Health & Fitness,Alexandria / Ademon Fremon St.,825,412500,500,1,3,1,9.7,True
1140,104,26,7,Healthcare,Alexandria / Ademon Fremon St.,825,412500,500,33,71,1,4.2,False
1141,104,26,8,Healthcare,Alexandria / Ademon Fremon St.,825,412500,500,33,71,1,4.2,False
1142,104,26,9,Retail,Alexandria / Ademon Fremon St.,825,412500,500,48,174,1,4.08,False
1143,104,26,10,Retail,Alexandria / Ademon Fremon St.,825,412500,500,48,174,1,4.08,False
1144,104,26,11,Tourism & Hospitality,Alexandria / Ademon Fremon St.,825,412500,500,0,27,1,7.52,True
1145,105,13,1,Financial Services,Alexandria / Al Agamy,50,2000,40,0,0,1.26,10,True
1146,105,13,2,Food & Beverage,Alexandria / Al Agamy,50,2000,40,0,0,1.26,10,True
1147,105,13,3,Food & Beverage,Alexandria / Al Agamy,50,2000,40,0,0,1.26,10,True
1148,105,13,4,Food & Beverage,Alexandria / Al Agamy,50,2000,40,0,0,1.26,10,True
1149,105,13,5,Food & Beverage,Alexandria / Al Agamy,50,2000,40,0,0,1.26,10,True
1150,105,13,6,Health & Fitness,Alexandria / Al Agamy,50,2000,40,0,0,1.26,10,True
1151,105,13,7,Healthcare,Alexandria / Al Agamy,50,2000,40,1,1,1.26,9.7,True
1152,105,13,8,Healthcare,Alexandria / Al Agamy,50,2000,40,1,1,1.26,9.7,True
1153,105,13,9,Retail,Alexandria / Al Agamy,50,2000,40,0,0,1.26,10,True
1154,105,13,10,Retail,Alexandria / Al Agamy,50,2000,40,0,0,1.26,10,True
1155,105,13,11,Tourism & Hospitality,Alexandria / Al Agamy,50,2000,40,0,0,1.26,10,True
1156,106,13,1,Financial Services,Alexandria / Al Agamy,100,12000,120,0,0,0.77,9.09,True
1157,106,13,2,Food & Beverage,Alexandria / Al Agamy,100,12000,120,0,0,0.77,9.09,True
1158,106,13,3,Food & Beverage,Alexandria / Al Agamy,100,12000,120,0,0,0.77,9.09,True
1159,106,13,4,Food & Beverage,Alexandria / Al Agamy,100,12000,120,0,0,0.77,9.09,True
1160,106,13,5,Food & Beverage,Alexandria / Al Agamy,100,12000,120,0,0,0.77,9.09,True
1161,106,13,6,Health & Fitness,Alexandria / Al Agamy,100,12000,120,0,0,0.77,9.09,True
1162,106,13,7,Healthcare,Alexandria / Al Agamy,100,12000,120,1,1,0.77,8.79,True
1163,106,13,8,Healthcare,Alexandria / Al Agamy,100,12000,120,1,1,0.77,8.79,True
1164,106,13,9,Retail,Alexandria / Al Agamy,100,12000,120,0,0,0.77,9.09,True
1165,106,13,10,Retail,Alexandria / Al Agamy,100,12000,120,0,0,0.77,9.09,True
1166,106,13,11,Tourism & Hospitality,Alexandria / Al Agamy,100,12000,120,0,0,0.77,9.09,True
1167,107,20,1,Financial Services,Alexandria / Al Moaaskar Al Romani St.,185,150000,810.81,0,0,0.79,9.15,True
1168,107,20,2,Food & Beverage,Alexandria / Al Moaaskar Al Romani St.,185,150000,810.81,0,3,0.79,9.15,True
1169,107,20,3,Food & Beverage,Alexandria / Al Moaaskar Al Romani St.,185,150000,810.81,0,3,0.79,9.15,True
1170,107,20,4,Food & Beverage,Alexandria / Al Moaaskar Al Romani St.,185,150000,810.81,0,3,0.79,9.15,True
1171,107,20,5,Food & Beverage,Alexandria / Al Moaaskar Al Romani St.,185,150000,810.81,0,3,0.79,9.15,True
1172,107,20,6,Health & Fitness,Alexandria / Al Moaaskar Al Romani St.,185,150000,810.81,0,0,0.79,9.15,True
1173,107,20,7,Healthcare,Alexandria / Al Moaaskar Al Romani St.,185,150000,810.81,6,11,0.79,6.35,True
1174,107,20,8,Healthcare,Alexandria / Al Moaaskar Al Romani St.,185,150000,810.81,6,11,0.79,6.35,True
1175,107,20,9,Retail,Alexandria / Al Moaaskar Al Romani St.,185,150000,810.81,0,1,0.79,9.15,True
1176,107,20,10,Retail,Alexandria / Al Moaaskar Al Romani St.,185,150000,810.81,0,1,0.79,9.15,True
1177,107,20,11,Tourism & Hospitality,Alexandria / Al Moaaskar Al Romani St.,185,150000,810.81,0,0,0.79,9.15,True
1178,108,20,1,Financial Services,Alexandria / Al Moaaskar Al Romani St.,56,25000,446.43,0,0,1.11,10,True
1179,108,20,2,Food & Beverage,Alexandria / Al Moaaskar Al Romani St.,56,25000,446.43,0,3,1.11,10,True
1180,108,20,3,Food & Beverage,Alexandria / Al Moaaskar Al Romani St.,56,25000,446.43,0,3,1.11,10,True
1181,108,20,4,Food & Beverage,Alexandria / Al Moaaskar Al Romani St.,56,25000,446.43,0,3,1.11,10,True
1182,108,20,5,Food & Beverage,Alexandria / Al Moaaskar Al Romani St.,56,25000,446.43,0,3,1.11,10,True
1183,108,20,6,Health & Fitness,Alexandria / Al Moaaskar Al Romani St.,56,25000,446.43,0,0,1.11,10,True
1184,108,20,7,Healthcare,Alexandria / Al Moaaskar Al Romani St.,56,25000,446.43,6,11,1.11,7.2,True
1185,108,20,8,Healthcare,Alexandria / Al Moaaskar Al Romani St.,56,25000,446.43,6,11,1.11,7.2,True
1186,108,20,9,Retail,Alexandria / Al Moaaskar Al Romani St.,56,25000,446.43,0,1,1.11,10,True
1187,108,20,10,Retail,Alexandria / Al Moaaskar Al Romani St.,56,25000,446.43,0,1,1.11,10,True
1188,108,20,11,Tourism & Hospitality,Alexandria / Al Moaaskar Al Romani St.,56,25000,446.43,0,0,1.11,10,True
1189,109,16,1,Financial Services,Alexandria / El Azarita,100,50000,500,9,43,1.17,4.77,False
1190,109,16,2,Food & Beverage,Alexandria / El Azarita,100,50000,500,30,132,1.17,4.15,False
1191,109,16,3,Food & Beverage,Alexandria / El Azarita,100,50000,500,30,132,1.17,4.15,False
1192,109,16,4,Food & Beverage,Alexandria / El Azarita,100,50000,500,30,132,1.17,4.15,False
1193,109,16,5,Food & Beverage,Alexandria / El Azarita,100,50000,500,30,132,1.17,4.15,False
1194,109,16,6,Health & Fitness,Alexandria / El Azarita,100,50000,500,0,2,1.17,10,True
1195,109,16,7,Healthcare,Alexandria / El Azarita,100,50000,500,29,66,1.17,4.3,False
1196,109,16,8,Healthcare,Alexandria / El Azarita,100,50000,500,29,66,1.17,4.3,False
1197,109,16,9,Retail,Alexandria / El Azarita,100,50000,500,22,169,1.17,4.12,False
1198,109,16,10,Retail,Alexandria / El Azarita,100,50000,500,22,169,1.17,4.12,False
1199,109,16,11,Tourism & Hospitality,Alexandria / El Azarita,100,50000,500,0,19,1.17,8.05,True
1200,110,43,1,Financial Services,Alexandria / El Gaish Road,160,80000,500,0,0,0.58,8.32,True
1201,110,43,2,Food & Beverage,Alexandria / El Gaish Road,160,80000,500,0,0,0.58,8.32,True
1202,110,43,3,Food & Beverage,Alexandria / El Gaish Road,160,80000,500,0,0,0.58,8.32,True
1203,110,43,4,Food & Beverage,Alexandria / El Gaish Road,160,80000,500,0,0,0.58,8.32,True
1204,110,43,5,Food & Beverage,Alexandria / El Gaish Road,160,80000,500,0,0,0.58,8.32,True
1205,110,43,6,Health & Fitness,Alexandria / El Gaish Road,160,80000,500,0,0,0.58,8.32,True
1206,110,43,7,Healthcare,Alexandria / El Gaish Road,160,80000,500,2,2,0.58,7.72,True
1207,110,43,8,Healthcare,Alexandria / El Gaish Road,160,80000,500,2,2,0.58,7.72,True
1208,110,43,9,Retail,Alexandria / El Gaish Road,160,80000,500,0,0,0.58,8.32,True
1209,110,43,10,Retail,Alexandria / El Gaish Road,160,80000,500,0,0,0.58,8.32,True
1210,110,43,11,Tourism & Hospitality,Alexandria / El Gaish Road,160,80000,500,0,0,0.58,8.32,True
1211,111,43,1,Financial Services,Alexandria / El Gaish Road,70,45000,642.86,0,0,0.32,7.27,True
1212,111,43,2,Food & Beverage,Alexandria / El Gaish Road,70,45000,642.86,0,0,0.32,7.27,True
1213,111,43,3,Food & Beverage,Alexandria / El Gaish Road,70,45000,642.86,0,0,0.32,7.27,True
1214,111,43,4,Food & Beverage,Alexandria / El Gaish Road,70,45000,642.86,0,0,0.32,7.27,True
1215,111,43,5,Food & Beverage,Alexandria / El Gaish Road,70,45000,642.86,0,0,0.32,7.27,True
1216,111,43,6,Health & Fitness,Alexandria / El Gaish Road,70,45000,642.86,0,0,0.32,7.27,True
1217,111,43,7,Healthcare,Alexandria / El Gaish Road,70,45000,642.86,2,2,0.32,6.67,True
1218,111,43,8,Healthcare,Alexandria / El Gaish Road,70,45000,642.86,2,2,0.32,6.67,True
1219,111,43,9,Retail,Alexandria / El Gaish Road,70,45000,642.86,0,0,0.32,7.27,True
1220,111,43,10,Retail,Alexandria / El Gaish Road,70,45000,642.86,0,0,0.32,7.27,True
1221,111,43,11,Tourism & Hospitality,Alexandria / El Gaish Road,70,45000,642.86,0,0,0.32,7.27,True
1222,112,43,1,Financial Services,Alexandria / El Gaish Road,115,25000,217.39,0,0,1.1,10,True
1223,112,43,2,Food & Beverage,Alexandria / El Gaish Road,115,25000,217.39,0,0,1.1,10,True
1224,112,43,3,Food & Beverage,Alexandria / El Gaish Road,115,25000,217.39,0,0,1.1,10,True
1225,112,43,4,Food & Beverage,Alexandria / El Gaish Road,115,25000,217.39,0,0,1.1,10,True
1226,112,43,5,Food & Beverage,Alexandria / El Gaish Road,115,25000,217.39,0,0,1.1,10,True
1227,112,43,6,Health & Fitness,Alexandria / El Gaish Road,115,25000,217.39,0,0,1.1,10,True
1228,112,43,7,Healthcare,Alexandria / El Gaish Road,115,25000,217.39,2,2,1.1,9.4,True
1229,112,43,8,Healthcare,Alexandria / El Gaish Road,115,25000,217.39,2,2,1.1,9.4,True
1230,112,43,9,Retail,Alexandria / El Gaish Road,115,25000,217.39,0,0,1.1,10,True
1231,112,43,10,Retail,Alexandria / El Gaish Road,115,25000,217.39,0,0,1.1,10,True
1232,112,43,11,Tourism & Hospitality,Alexandria / El Gaish Road,115,25000,217.39,0,0,1.1,10,True
1233,113,43,1,Financial Services,Alexandria / El Gaish Road,85,13000,152.94,0,0,1.22,10,True
1234,113,43,2,Food & Beverage,Alexandria / El Gaish Road,85,13000,152.94,0,0,1.22,10,True
1235,113,43,3,Food & Beverage,Alexandria / El Gaish Road,85,13000,152.94,0,0,1.22,10,True
1236,113,43,4,Food & Beverage,Alexandria / El Gaish Road,85,13000,152.94,0,0,1.22,10,True
1237,113,43,5,Food & Beverage,Alexandria / El Gaish Road,85,13000,152.94,0,0,1.22,10,True
1238,113,43,6,Health & Fitness,Alexandria / El Gaish Road,85,13000,152.94,0,0,1.22,10,True
1239,113,43,7,Healthcare,Alexandria / El Gaish Road,85,13000,152.94,2,2,1.22,9.4,True
1240,113,43,8,Healthcare,Alexandria / El Gaish Road,85,13000,152.94,2,2,1.22,9.4,True
1241,113,43,9,Retail,Alexandria / El Gaish Road,85,13000,152.94,0,0,1.22,10,True
1242,113,43,10,Retail,Alexandria / El Gaish Road,85,13000,152.94,0,0,1.22,10,True
1243,113,43,11,Tourism & Hospitality,Alexandria / El Gaish Road,85,13000,152.94,0,0,1.22,10,True
1244,114,43,1,Financial Services,Alexandria / El Gaish Road,125,120000,960,0,0,0,6,True
1245,114,43,2,Food & Beverage,Alexandria / El Gaish Road,125,120000,960,0,0,0,6,True
1246,114,43,3,Food & Beverage,Alexandria / El Gaish Road,125,120000,960,0,0,0,6,True
1247,114,43,4,Food & Beverage,Alexandria / El Gaish Road,125,120000,960,0,0,0,6,True
1248,114,43,5,Food & Beverage,Alexandria / El Gaish Road,125,120000,960,0,0,0,6,True
1249,114,43,6,Health & Fitness,Alexandria / El Gaish Road,125,120000,960,0,0,0,6,True
1250,114,43,7,Healthcare,Alexandria / El Gaish Road,125,120000,960,2,2,0,5.4,False
1251,114,43,8,Healthcare,Alexandria / El Gaish Road,125,120000,960,2,2,0,5.4,False
1252,114,43,9,Retail,Alexandria / El Gaish Road,125,120000,960,0,0,0,6,True
1253,114,43,10,Retail,Alexandria / El Gaish Road,125,120000,960,0,0,0,6,True
1254,114,43,11,Tourism & Hospitality,Alexandria / El Gaish Road,125,120000,960,0,0,0,6,True
1255,115,43,1,Financial Services,Alexandria / El Geish Rd.,470,350000,744.68,0,0,0.13,6.52,True
1256,115,43,2,Food & Beverage,Alexandria / El Geish Rd.,470,350000,744.68,0,0,0.13,6.52,True
1257,115,43,3,Food & Beverage,Alexandria / El Geish Rd.,470,350000,744.68,0,0,0.13,6.52,True
1258,115,43,4,Food & Beverage,Alexandria / El Geish Rd.,470,350000,744.68,0,0,0.13,6.52,True
1259,115,43,5,Food & Beverage,Alexandria / El Geish Rd.,470,350000,744.68,0,0,0.13,6.52,True
1260,115,43,6,Health & Fitness,Alexandria / El Geish Rd.,470,350000,744.68,0,0,0.13,6.52,True
1261,115,43,7,Healthcare,Alexandria / El Geish Rd.,470,350000,744.68,2,2,0.13,5.92,False
1262,115,43,8,Healthcare,Alexandria / El Geish Rd.,470,350000,744.68,2,2,0.13,5.92,False
1263,115,43,9,Retail,Alexandria / El Geish Rd.,470,350000,744.68,0,0,0.13,6.52,True
1264,115,43,10,Retail,Alexandria / El Geish Rd.,470,350000,744.68,0,0,0.13,6.52,True
1265,115,43,11,Tourism & Hospitality,Alexandria / El Geish Rd.,470,350000,744.68,0,0,0.13,6.52,True
1266,116,43,1,Financial Services,Alexandria / El Geish Rd.,60,30000,500,0,0,0.58,8.32,True
1267,116,43,2,Food & Beverage,Alexandria / El Geish Rd.,60,30000,500,0,0,0.58,8.32,True
1268,116,43,3,Food & Beverage,Alexandria / El Geish Rd.,60,30000,500,0,0,0.58,8.32,True
1269,116,43,4,Food & Beverage,Alexandria / El Geish Rd.,60,30000,500,0,0,0.58,8.32,True
1270,116,43,5,Food & Beverage,Alexandria / El Geish Rd.,60,30000,500,0,0,0.58,8.32,True
1271,116,43,6,Health & Fitness,Alexandria / El Geish Rd.,60,30000,500,0,0,0.58,8.32,True
1272,116,43,7,Healthcare,Alexandria / El Geish Rd.,60,30000,500,2,2,0.58,7.72,True
1273,116,43,8,Healthcare,Alexandria / El Geish Rd.,60,30000,500,2,2,0.58,7.72,True
1274,116,43,9,Retail,Alexandria / El Geish Rd.,60,30000,500,0,0,0.58,8.32,True
1275,116,43,10,Retail,Alexandria / El Geish Rd.,60,30000,500,0,0,0.58,8.32,True
1276,116,43,11,Tourism & Hospitality,Alexandria / El Geish Rd.,60,30000,500,0,0,0.58,8.32,True
1277,117,23,1,Financial Services,Alexandria / El Mandara Qebli,180,18000,100,2,4,1.25,8.65,True
1278,117,23,2,Food & Beverage,Alexandria / El Mandara Qebli,180,18000,100,4,8,1.25,6.93,True
1279,117,23,3,Food & Beverage,Alexandria / El Mandara Qebli,180,18000,100,4,8,1.25,6.93,True
1280,117,23,4,Food & Beverage,Alexandria / El Mandara Qebli,180,18000,100,4,8,1.25,6.93,True
1281,117,23,5,Food & Beverage,Alexandria / El Mandara Qebli,180,18000,100,4,8,1.25,6.93,True
1282,117,23,6,Health & Fitness,Alexandria / El Mandara Qebli,180,18000,100,0,0,1.25,10,True
1283,117,23,7,Healthcare,Alexandria / El Mandara Qebli,180,18000,100,3,4,1.25,8.35,True
1284,117,23,8,Healthcare,Alexandria / El Mandara Qebli,180,18000,100,3,4,1.25,8.35,True
1285,117,23,9,Retail,Alexandria / El Mandara Qebli,180,18000,100,1,4,1.25,8.95,True
1286,117,23,10,Retail,Alexandria / El Mandara Qebli,180,18000,100,1,4,1.25,8.95,True
1287,117,23,11,Tourism & Hospitality,Alexandria / El Mandara Qebli,180,18000,100,1,1,1.25,9.7,True
1288,118,43,1,Financial Services,Alexandria / El-Gaish Rd,60,19000,316.67,0,0,0.92,9.67,True
1289,118,43,2,Food & Beverage,Alexandria / El-Gaish Rd,60,19000,316.67,0,0,0.92,9.67,True
1290,118,43,3,Food & Beverage,Alexandria / El-Gaish Rd,60,19000,316.67,0,0,0.92,9.67,True
1291,118,43,4,Food & Beverage,Alexandria / El-Gaish Rd,60,19000,316.67,0,0,0.92,9.67,True
1292,118,43,5,Food & Beverage,Alexandria / El-Gaish Rd,60,19000,316.67,0,0,0.92,9.67,True
1293,118,43,6,Health & Fitness,Alexandria / El-Gaish Rd,60,19000,316.67,0,0,0.92,9.67,True
1294,118,43,7,Healthcare,Alexandria / El-Gaish Rd,60,19000,316.67,2,2,0.92,9.07,True
1295,118,43,8,Healthcare,Alexandria / El-Gaish Rd,60,19000,316.67,2,2,0.92,9.07,True
1296,118,43,9,Retail,Alexandria / El-Gaish Rd,60,19000,316.67,0,0,0.92,9.67,True
1297,118,43,10,Retail,Alexandria / El-Gaish Rd,60,19000,316.67,0,0,0.92,9.67,True
1298,118,43,11,Tourism & Hospitality,Alexandria / El-Gaish Rd,60,19000,316.67,0,0,0.92,9.67,True
1299,119,43,1,Financial Services,Alexandria / El-Gaish Rd,560,325000,580.36,0,0,0.43,7.73,True
1300,119,43,2,Food & Beverage,Alexandria / El-Gaish Rd,560,325000,580.36,0,0,0.43,7.73,True
1301,119,43,3,Food & Beverage,Alexandria / El-Gaish Rd,560,325000,580.36,0,0,0.43,7.73,True
1302,119,43,4,Food & Beverage,Alexandria / El-Gaish Rd,560,325000,580.36,0,0,0.43,7.73,True
1303,119,43,5,Food & Beverage,Alexandria / El-Gaish Rd,560,325000,580.36,0,0,0.43,7.73,True
1304,119,43,6,Health & Fitness,Alexandria / El-Gaish Rd,560,325000,580.36,0,0,0.43,7.73,True
1305,119,43,7,Healthcare,Alexandria / El-Gaish Rd,560,325000,580.36,2,2,0.43,7.13,True
1306,119,43,8,Healthcare,Alexandria / El-Gaish Rd,560,325000,580.36,2,2,0.43,7.13,True
1307,119,43,9,Retail,Alexandria / El-Gaish Rd,560,325000,580.36,0,0,0.43,7.73,True
1308,119,43,10,Retail,Alexandria / El-Gaish Rd,560,325000,580.36,0,0,0.43,7.73,True
1309,119,43,11,Tourism & Hospitality,Alexandria / El-Gaish Rd,560,325000,580.36,0,0,0.43,7.73,True
1310,120,43,1,Financial Services,Alexandria / Gamal Abd El Nasir St,240,100000,416.67,0,0,0.73,8.93,True
1311,120,43,2,Food & Beverage,Alexandria / Gamal Abd El Nasir St,240,100000,416.67,0,0,0.73,8.93,True
1312,120,43,3,Food & Beverage,Alexandria / Gamal Abd El Nasir St,240,100000,416.67,0,0,0.73,8.93,True
1313,120,43,4,Food & Beverage,Alexandria / Gamal Abd El Nasir St,240,100000,416.67,0,0,0.73,8.93,True
1314,120,43,5,Food & Beverage,Alexandria / Gamal Abd El Nasir St,240,100000,416.67,0,0,0.73,8.93,True
1315,120,43,6,Health & Fitness,Alexandria / Gamal Abd El Nasir St,240,100000,416.67,0,0,0.73,8.93,True
1316,120,43,7,Healthcare,Alexandria / Gamal Abd El Nasir St,240,100000,416.67,2,2,0.73,8.33,True
1317,120,43,8,Healthcare,Alexandria / Gamal Abd El Nasir St,240,100000,416.67,2,2,0.73,8.33,True
1318,120,43,9,Retail,Alexandria / Gamal Abd El Nasir St,240,100000,416.67,0,0,0.73,8.93,True
1319,120,43,10,Retail,Alexandria / Gamal Abd El Nasir St,240,100000,416.67,0,0,0.73,8.93,True
1320,120,43,11,Tourism & Hospitality,Alexandria / Gamal Abd El Nasir St,240,100000,416.67,0,0,0.73,8.93,True
1321,121,43,1,Financial Services,Alexandria / Gamal Abd El Nasir St,55,10000,181.82,0,0,1.17,10,True
1322,121,43,2,Food & Beverage,Alexandria / Gamal Abd El Nasir St,55,10000,181.82,0,0,1.17,10,True
1323,121,43,3,Food & Beverage,Alexandria / Gamal Abd El Nasir St,55,10000,181.82,0,0,1.17,10,True
1324,121,43,4,Food & Beverage,Alexandria / Gamal Abd El Nasir St,55,10000,181.82,0,0,1.17,10,True
1325,121,43,5,Food & Beverage,Alexandria / Gamal Abd El Nasir St,55,10000,181.82,0,0,1.17,10,True
1326,121,43,6,Health & Fitness,Alexandria / Gamal Abd El Nasir St,55,10000,181.82,0,0,1.17,10,True
1327,121,43,7,Healthcare,Alexandria / Gamal Abd El Nasir St,55,10000,181.82,2,2,1.17,9.4,True
1328,121,43,8,Healthcare,Alexandria / Gamal Abd El Nasir St,55,10000,181.82,2,2,1.17,9.4,True
1329,121,43,9,Retail,Alexandria / Gamal Abd El Nasir St,55,10000,181.82,0,0,1.17,10,True
1330,121,43,10,Retail,Alexandria / Gamal Abd El Nasir St,55,10000,181.82,0,0,1.17,10,True
1331,121,43,11,Tourism & Hospitality,Alexandria / Gamal Abd El Nasir St,55,10000,181.82,0,0,1.17,10,True
1332,122,43,1,Financial Services,Alexandria / Gamal Abd El Nasir St,160,15000,93.75,0,0,1.33,10,True
1333,122,43,2,Food & Beverage,Alexandria / Gamal Abd El Nasir St,160,15000,93.75,0,0,1.33,10,True
1334,122,43,3,Food & Beverage,Alexandria / Gamal Abd El Nasir St,160,15000,93.75,0,0,1.33,10,True
1335,122,43,4,Food & Beverage,Alexandria / Gamal Abd El Nasir St,160,15000,93.75,0,0,1.33,10,True
1336,122,43,5,Food & Beverage,Alexandria / Gamal Abd El Nasir St,160,15000,93.75,0,0,1.33,10,True
1337,122,43,6,Health & Fitness,Alexandria / Gamal Abd El Nasir St,160,15000,93.75,0,0,1.33,10,True
1338,122,43,7,Healthcare,Alexandria / Gamal Abd El Nasir St,160,15000,93.75,2,2,1.33,9.4,True
1339,122,43,8,Healthcare,Alexandria / Gamal Abd El Nasir St,160,15000,93.75,2,2,1.33,9.4,True
1340,122,43,9,Retail,Alexandria / Gamal Abd El Nasir St,160,15000,93.75,0,0,1.33,10,True
1341,122,43,10,Retail,Alexandria / Gamal Abd El Nasir St,160,15000,93.75,0,0,1.33,10,True
1342,122,43,11,Tourism & Hospitality,Alexandria / Gamal Abd El Nasir St,160,15000,93.75,0,0,1.33,10,True
1343,123,43,1,Financial Services,Alexandria / Gamal Abd El Nasir St,55,15000,272.73,0,0,1,9.99,True
1344,123,43,2,Food & Beverage,Alexandria / Gamal Abd El Nasir St,55,15000,272.73,0,0,1,9.99,True
1345,123,43,3,Food & Beverage,Alexandria / Gamal Abd El Nasir St,55,15000,272.73,0,0,1,9.99,True
1346,123,43,4,Food & Beverage,Alexandria / Gamal Abd El Nasir St,55,15000,272.73,0,0,1,9.99,True
1347,123,43,5,Food & Beverage,Alexandria / Gamal Abd El Nasir St,55,15000,272.73,0,0,1,9.99,True
1348,123,43,6,Health & Fitness,Alexandria / Gamal Abd El Nasir St,55,15000,272.73,0,0,1,9.99,True
1349,123,43,7,Healthcare,Alexandria / Gamal Abd El Nasir St,55,15000,272.73,2,2,1,9.39,True
1350,123,43,8,Healthcare,Alexandria / Gamal Abd El Nasir St,55,15000,272.73,2,2,1,9.39,True
1351,123,43,9,Retail,Alexandria / Gamal Abd El Nasir St,55,15000,272.73,0,0,1,9.99,True
1352,123,43,10,Retail,Alexandria / Gamal Abd El Nasir St,55,15000,272.73,0,0,1,9.99,True
1353,123,43,11,Tourism & Hospitality,Alexandria / Gamal Abd El Nasir St,55,15000,272.73,0,0,1,9.99,True
1354,124,43,1,Financial Services,Alexandria / Gamal Abd El Nasir St,100,25000,250,0,0,1.04,10,True
1355,124,43,2,Food & Beverage,Alexandria / Gamal Abd El Nasir St,100,25000,250,0,0,1.04,10,True
1356,124,43,3,Food & Beverage,Alexandria / Gamal Abd El Nasir St,100,25000,250,0,0,1.04,10,True
1357,124,43,4,Food & Beverage,Alexandria / Gamal Abd El Nasir St,100,25000,250,0,0,1.04,10,True
1358,124,43,5,Food & Beverage,Alexandria / Gamal Abd El Nasir St,100,25000,250,0,0,1.04,10,True
1359,124,43,6,Health & Fitness,Alexandria / Gamal Abd El Nasir St,100,25000,250,0,0,1.04,10,True
1360,124,43,7,Healthcare,Alexandria / Gamal Abd El Nasir St,100,25000,250,2,2,1.04,9.4,True
1361,124,43,8,Healthcare,Alexandria / Gamal Abd El Nasir St,100,25000,250,2,2,1.04,9.4,True
1362,124,43,9,Retail,Alexandria / Gamal Abd El Nasir St,100,25000,250,0,0,1.04,10,True
1363,124,43,10,Retail,Alexandria / Gamal Abd El Nasir St,100,25000,250,0,0,1.04,10,True
1364,124,43,11,Tourism & Hospitality,Alexandria / Gamal Abd El Nasir St,100,25000,250,0,0,1.04,10,True
1365,125,43,1,Financial Services,Alexandria / Gamal Abd El Nasir St,130,14000,107.69,0,0,1.3,10,True
1366,125,43,2,Food & Beverage,Alexandria / Gamal Abd El Nasir St,130,14000,107.69,0,0,1.3,10,True
1367,125,43,3,Food & Beverage,Alexandria / Gamal Abd El Nasir St,130,14000,107.69,0,0,1.3,10,True
1368,125,43,4,Food & Beverage,Alexandria / Gamal Abd El Nasir St,130,14000,107.69,0,0,1.3,10,True
1369,125,43,5,Food & Beverage,Alexandria / Gamal Abd El Nasir St,130,14000,107.69,0,0,1.3,10,True
1370,125,43,6,Health & Fitness,Alexandria / Gamal Abd El Nasir St,130,14000,107.69,0,0,1.3,10,True
1371,125,43,7,Healthcare,Alexandria / Gamal Abd El Nasir St,130,14000,107.69,2,2,1.3,9.4,True
1372,125,43,8,Healthcare,Alexandria / Gamal Abd El Nasir St,130,14000,107.69,2,2,1.3,9.4,True
1373,125,43,9,Retail,Alexandria / Gamal Abd El Nasir St,130,14000,107.69,0,0,1.3,10,True
1374,125,43,10,Retail,Alexandria / Gamal Abd El Nasir St,130,14000,107.69,0,0,1.3,10,True
1375,125,43,11,Tourism & Hospitality,Alexandria / Gamal Abd El Nasir St,130,14000,107.69,0,0,1.3,10,True
1376,126,43,1,Financial Services,Alexandria / Gamal Abd El Nasir St,300,25000,83.33,0,0,1.35,10,True
1377,126,43,2,Food & Beverage,Alexandria / Gamal Abd El Nasir St,300,25000,83.33,0,0,1.35,10,True
1378,126,43,3,Food & Beverage,Alexandria / Gamal Abd El Nasir St,300,25000,83.33,0,0,1.35,10,True
1379,126,43,4,Food & Beverage,Alexandria / Gamal Abd El Nasir St,300,25000,83.33,0,0,1.35,10,True
1380,126,43,5,Food & Beverage,Alexandria / Gamal Abd El Nasir St,300,25000,83.33,0,0,1.35,10,True
1381,126,43,6,Health & Fitness,Alexandria / Gamal Abd El Nasir St,300,25000,83.33,0,0,1.35,10,True
1382,126,43,7,Healthcare,Alexandria / Gamal Abd El Nasir St,300,25000,83.33,2,2,1.35,9.4,True
1383,126,43,8,Healthcare,Alexandria / Gamal Abd El Nasir St,300,25000,83.33,2,2,1.35,9.4,True
1384,126,43,9,Retail,Alexandria / Gamal Abd El Nasir St,300,25000,83.33,0,0,1.35,10,True
1385,126,43,10,Retail,Alexandria / Gamal Abd El Nasir St,300,25000,83.33,0,0,1.35,10,True
1386,126,43,11,Tourism & Hospitality,Alexandria / Gamal Abd El Nasir St,300,25000,83.33,0,0,1.35,10,True
1387,127,43,1,Financial Services,Alexandria / Gamal Abd El Nasir St,135,15000,111.11,0,0,1.3,10,True
1388,127,43,2,Food & Beverage,Alexandria / Gamal Abd El Nasir St,135,15000,111.11,0,0,1.3,10,True
1389,127,43,3,Food & Beverage,Alexandria / Gamal Abd El Nasir St,135,15000,111.11,0,0,1.3,10,True
1390,127,43,4,Food & Beverage,Alexandria / Gamal Abd El Nasir St,135,15000,111.11,0,0,1.3,10,True
1391,127,43,5,Food & Beverage,Alexandria / Gamal Abd El Nasir St,135,15000,111.11,0,0,1.3,10,True
1392,127,43,6,Health & Fitness,Alexandria / Gamal Abd El Nasir St,135,15000,111.11,0,0,1.3,10,True
1393,127,43,7,Healthcare,Alexandria / Gamal Abd El Nasir St,135,15000,111.11,2,2,1.3,9.4,True
1394,127,43,8,Healthcare,Alexandria / Gamal Abd El Nasir St,135,15000,111.11,2,2,1.3,9.4,True
1395,127,43,9,Retail,Alexandria / Gamal Abd El Nasir St,135,15000,111.11,0,0,1.3,10,True
1396,127,43,10,Retail,Alexandria / Gamal Abd El Nasir St,135,15000,111.11,0,0,1.3,10,True
1397,127,43,11,Tourism & Hospitality,Alexandria / Gamal Abd El Nasir St,135,15000,111.11,0,0,1.3,10,True
1398,128,43,1,Financial Services,Alexandria / Gamal Abd El Nasir St,100,13000,130,0,0,1.26,10,True
1399,128,43,2,Food & Beverage,Alexandria / Gamal Abd El Nasir St,100,13000,130,0,0,1.26,10,True
1400,128,43,3,Food & Beverage,Alexandria / Gamal Abd El Nasir St,100,13000,130,0,0,1.26,10,True
1401,128,43,4,Food & Beverage,Alexandria / Gamal Abd El Nasir St,100,13000,130,0,0,1.26,10,True
1402,128,43,5,Food & Beverage,Alexandria / Gamal Abd El Nasir St,100,13000,130,0,0,1.26,10,True
1403,128,43,6,Health & Fitness,Alexandria / Gamal Abd El Nasir St,100,13000,130,0,0,1.26,10,True
1404,128,43,7,Healthcare,Alexandria / Gamal Abd El Nasir St,100,13000,130,2,2,1.26,9.4,True
1405,128,43,8,Healthcare,Alexandria / Gamal Abd El Nasir St,100,13000,130,2,2,1.26,9.4,True
1406,128,43,9,Retail,Alexandria / Gamal Abd El Nasir St,100,13000,130,0,0,1.26,10,True
1407,128,43,10,Retail,Alexandria / Gamal Abd El Nasir St,100,13000,130,0,0,1.26,10,True
1408,128,43,11,Tourism & Hospitality,Alexandria / Gamal Abd El Nasir St,100,13000,130,0,0,1.26,10,True
1409,129,43,1,Financial Services,Alexandria / Gamal Abd El Nasir St,80,9500,118.75,0,0,1.28,10,True
1410,129,43,2,Food & Beverage,Alexandria / Gamal Abd El Nasir St,80,9500,118.75,0,0,1.28,10,True
1411,129,43,3,Food & Beverage,Alexandria / Gamal Abd El Nasir St,80,9500,118.75,0,0,1.28,10,True
1412,129,43,4,Food & Beverage,Alexandria / Gamal Abd El Nasir St,80,9500,118.75,0,0,1.28,10,True
1413,129,43,5,Food & Beverage,Alexandria / Gamal Abd El Nasir St,80,9500,118.75,0,0,1.28,10,True
1414,129,43,6,Health & Fitness,Alexandria / Gamal Abd El Nasir St,80,9500,118.75,0,0,1.28,10,True
1415,129,43,7,Healthcare,Alexandria / Gamal Abd El Nasir St,80,9500,118.75,2,2,1.28,9.4,True
1416,129,43,8,Healthcare,Alexandria / Gamal Abd El Nasir St,80,9500,118.75,2,2,1.28,9.4,True
1417,129,43,9,Retail,Alexandria / Gamal Abd El Nasir St,80,9500,118.75,0,0,1.28,10,True
1418,129,43,10,Retail,Alexandria / Gamal Abd El Nasir St,80,9500,118.75,0,0,1.28,10,True
1419,129,43,11,Tourism & Hospitality,Alexandria / Gamal Abd El Nasir St,80,9500,118.75,0,0,1.28,10,True
1420,130,43,1,Financial Services,Alexandria / Gamal Abd El Nasir St,100,12000,120,0,0,1.28,10,True
1421,130,43,2,Food & Beverage,Alexandria / Gamal Abd El Nasir St,100,12000,120,0,0,1.28,10,True
1422,130,43,3,Food & Beverage,Alexandria / Gamal Abd El Nasir St,100,12000,120,0,0,1.28,10,True
1423,130,43,4,Food & Beverage,Alexandria / Gamal Abd El Nasir St,100,12000,120,0,0,1.28,10,True
1424,130,43,5,Food & Beverage,Alexandria / Gamal Abd El Nasir St,100,12000,120,0,0,1.28,10,True
1425,130,43,6,Health & Fitness,Alexandria / Gamal Abd El Nasir St,100,12000,120,0,0,1.28,10,True
1426,130,43,7,Healthcare,Alexandria / Gamal Abd El Nasir St,100,12000,120,2,2,1.28,9.4,True
1427,130,43,8,Healthcare,Alexandria / Gamal Abd El Nasir St,100,12000,120,2,2,1.28,9.4,True
1428,130,43,9,Retail,Alexandria / Gamal Abd El Nasir St,100,12000,120,0,0,1.28,10,True
1429,130,43,10,Retail,Alexandria / Gamal Abd El Nasir St,100,12000,120,0,0,1.28,10,True
1430,130,43,11,Tourism & Hospitality,Alexandria / Gamal Abd El Nasir St,100,12000,120,0,0,1.28,10,True
1431,131,43,1,Financial Services,Alexandria / Gamal Abd El Nasir St,600,300000,500,0,0,0.58,8.32,True
1432,131,43,2,Food & Beverage,Alexandria / Gamal Abd El Nasir St,600,300000,500,0,0,0.58,8.32,True
1433,131,43,3,Food & Beverage,Alexandria / Gamal Abd El Nasir St,600,300000,500,0,0,0.58,8.32,True
1434,131,43,4,Food & Beverage,Alexandria / Gamal Abd El Nasir St,600,300000,500,0,0,0.58,8.32,True
1435,131,43,5,Food & Beverage,Alexandria / Gamal Abd El Nasir St,600,300000,500,0,0,0.58,8.32,True
1436,131,43,6,Health & Fitness,Alexandria / Gamal Abd El Nasir St,600,300000,500,0,0,0.58,8.32,True
1437,131,43,7,Healthcare,Alexandria / Gamal Abd El Nasir St,600,300000,500,2,2,0.58,7.72,True
1438,131,43,8,Healthcare,Alexandria / Gamal Abd El Nasir St,600,300000,500,2,2,0.58,7.72,True
1439,131,43,9,Retail,Alexandria / Gamal Abd El Nasir St,600,300000,500,0,0,0.58,8.32,True
1440,131,43,10,Retail,Alexandria / Gamal Abd El Nasir St,600,300000,500,0,0,0.58,8.32,True
1441,131,43,11,Tourism & Hospitality,Alexandria / Gamal Abd El Nasir St,600,300000,500,0,0,0.58,8.32,True
1442,132,43,1,Financial Services,Alexandria / Gamal Abd El Nasir St,50,10000,200,0,0,1.13,10,True
1443,132,43,2,Food & Beverage,Alexandria / Gamal Abd El Nasir St,50,10000,200,0,0,1.13,10,True
1444,132,43,3,Food & Beverage,Alexandria / Gamal Abd El Nasir St,50,10000,200,0,0,1.13,10,True
1445,132,43,4,Food & Beverage,Alexandria / Gamal Abd El Nasir St,50,10000,200,0,0,1.13,10,True
1446,132,43,5,Food & Beverage,Alexandria / Gamal Abd El Nasir St,50,10000,200,0,0,1.13,10,True
1447,132,43,6,Health & Fitness,Alexandria / Gamal Abd El Nasir St,50,10000,200,0,0,1.13,10,True
1448,132,43,7,Healthcare,Alexandria / Gamal Abd El Nasir St,50,10000,200,2,2,1.13,9.4,True
1449,132,43,8,Healthcare,Alexandria / Gamal Abd El Nasir St,50,10000,200,2,2,1.13,9.4,True
1450,132,43,9,Retail,Alexandria / Gamal Abd El Nasir St,50,10000,200,0,0,1.13,10,True
1451,132,43,10,Retail,Alexandria / Gamal Abd El Nasir St,50,10000,200,0,0,1.13,10,True
1452,132,43,11,Tourism & Hospitality,Alexandria / Gamal Abd El Nasir St,50,10000,200,0,0,1.13,10,True
1453,133,43,1,Financial Services,Alexandria / Gamal Abd El Nasir St,150,20000,133.33,0,0,1.25,10,True
1454,133,43,2,Food & Beverage,Alexandria / Gamal Abd El Nasir St,150,20000,133.33,0,0,1.25,10,True
1455,133,43,3,Food & Beverage,Alexandria / Gamal Abd El Nasir St,150,20000,133.33,0,0,1.25,10,True
1456,133,43,4,Food & Beverage,Alexandria / Gamal Abd El Nasir St,150,20000,133.33,0,0,1.25,10,True
1457,133,43,5,Food & Beverage,Alexandria / Gamal Abd El Nasir St,150,20000,133.33,0,0,1.25,10,True
1458,133,43,6,Health & Fitness,Alexandria / Gamal Abd El Nasir St,150,20000,133.33,0,0,1.25,10,True
1459,133,43,7,Healthcare,Alexandria / Gamal Abd El Nasir St,150,20000,133.33,2,2,1.25,9.4,True
1460,133,43,8,Healthcare,Alexandria / Gamal Abd El Nasir St,150,20000,133.33,2,2,1.25,9.4,True
1461,133,43,9,Retail,Alexandria / Gamal Abd El Nasir St,150,20000,133.33,0,0,1.25,10,True
1462,133,43,10,Retail,Alexandria / Gamal Abd El Nasir St,150,20000,133.33,0,0,1.25,10,True
1463,133,43,11,Tourism & Hospitality,Alexandria / Gamal Abd El Nasir St,150,20000,133.33,0,0,1.25,10,True
1464,134,43,1,Financial Services,Alexandria / Gamal Abd El Nasir St,180,35000,194.44,0,0,1.14,10,True
1465,134,43,2,Food & Beverage,Alexandria / Gamal Abd El Nasir St,180,35000,194.44,0,0,1.14,10,True
1466,134,43,3,Food & Beverage,Alexandria / Gamal Abd El Nasir St,180,35000,194.44,0,0,1.14,10,True
1467,134,43,4,Food & Beverage,Alexandria / Gamal Abd El Nasir St,180,35000,194.44,0,0,1.14,10,True
1468,134,43,5,Food & Beverage,Alexandria / Gamal Abd El Nasir St,180,35000,194.44,0,0,1.14,10,True
1469,134,43,6,Health & Fitness,Alexandria / Gamal Abd El Nasir St,180,35000,194.44,0,0,1.14,10,True
1470,134,43,7,Healthcare,Alexandria / Gamal Abd El Nasir St,180,35000,194.44,2,2,1.14,9.4,True
1471,134,43,8,Healthcare,Alexandria / Gamal Abd El Nasir St,180,35000,194.44,2,2,1.14,9.4,True
1472,134,43,9,Retail,Alexandria / Gamal Abd El Nasir St,180,35000,194.44,0,0,1.14,10,True
1473,134,43,10,Retail,Alexandria / Gamal Abd El Nasir St,180,35000,194.44,0,0,1.14,10,True
1474,134,43,11,Tourism & Hospitality,Alexandria / Gamal Abd El Nasir St,180,35000,194.44,0,0,1.14,10,True
1475,135,43,1,Financial Services,Alexandria / Gamal Abdel Nasser St.,150,17000,113.33,0,0,1.29,10,True
1476,135,43,2,Food & Beverage,Alexandria / Gamal Abdel Nasser St.,150,17000,113.33,0,0,1.29,10,True
1477,135,43,3,Food & Beverage,Alexandria / Gamal Abdel Nasser St.,150,17000,113.33,0,0,1.29,10,True
1478,135,43,4,Food & Beverage,Alexandria / Gamal Abdel Nasser St.,150,17000,113.33,0,0,1.29,10,True
1479,135,43,5,Food & Beverage,Alexandria / Gamal Abdel Nasser St.,150,17000,113.33,0,0,1.29,10,True
1480,135,43,6,Health & Fitness,Alexandria / Gamal Abdel Nasser St.,150,17000,113.33,0,0,1.29,10,True
1481,135,43,7,Healthcare,Alexandria / Gamal Abdel Nasser St.,150,17000,113.33,2,2,1.29,9.4,True
1482,135,43,8,Healthcare,Alexandria / Gamal Abdel Nasser St.,150,17000,113.33,2,2,1.29,9.4,True
1483,135,43,9,Retail,Alexandria / Gamal Abdel Nasser St.,150,17000,113.33,0,0,1.29,10,True
1484,135,43,10,Retail,Alexandria / Gamal Abdel Nasser St.,150,17000,113.33,0,0,1.29,10,True
1485,135,43,11,Tourism & Hospitality,Alexandria / Gamal Abdel Nasser St.,150,17000,113.33,0,0,1.29,10,True
1486,136,43,1,Financial Services,Alexandria / Gamal Abdel Nasser St.,60,25000,416.67,0,0,0.73,8.93,True
1487,136,43,2,Food & Beverage,Alexandria / Gamal Abdel Nasser St.,60,25000,416.67,0,0,0.73,8.93,True
1488,136,43,3,Food & Beverage,Alexandria / Gamal Abdel Nasser St.,60,25000,416.67,0,0,0.73,8.93,True
1489,136,43,4,Food & Beverage,Alexandria / Gamal Abdel Nasser St.,60,25000,416.67,0,0,0.73,8.93,True
1490,136,43,5,Food & Beverage,Alexandria / Gamal Abdel Nasser St.,60,25000,416.67,0,0,0.73,8.93,True
1491,136,43,6,Health & Fitness,Alexandria / Gamal Abdel Nasser St.,60,25000,416.67,0,0,0.73,8.93,True
1492,136,43,7,Healthcare,Alexandria / Gamal Abdel Nasser St.,60,25000,416.67,2,2,0.73,8.33,True
1493,136,43,8,Healthcare,Alexandria / Gamal Abdel Nasser St.,60,25000,416.67,2,2,0.73,8.33,True
1494,136,43,9,Retail,Alexandria / Gamal Abdel Nasser St.,60,25000,416.67,0,0,0.73,8.93,True
1495,136,43,10,Retail,Alexandria / Gamal Abdel Nasser St.,60,25000,416.67,0,0,0.73,8.93,True
1496,136,43,11,Tourism & Hospitality,Alexandria / Gamal Abdel Nasser St.,60,25000,416.67,0,0,0.73,8.93,True
1497,137,43,1,Financial Services,Alexandria / Gamal Abdel Nasser St.,100,25000,250,0,0,1.04,10,True
1498,137,43,2,Food & Beverage,Alexandria / Gamal Abdel Nasser St.,100,25000,250,0,0,1.04,10,True
1499,137,43,3,Food & Beverage,Alexandria / Gamal Abdel Nasser St.,100,25000,250,0,0,1.04,10,True
1500,137,43,4,Food & Beverage,Alexandria / Gamal Abdel Nasser St.,100,25000,250,0,0,1.04,10,True
1501,137,43,5,Food & Beverage,Alexandria / Gamal Abdel Nasser St.,100,25000,250,0,0,1.04,10,True
1502,137,43,6,Health & Fitness,Alexandria / Gamal Abdel Nasser St.,100,25000,250,0,0,1.04,10,True
1503,137,43,7,Healthcare,Alexandria / Gamal Abdel Nasser St.,100,25000,250,2,2,1.04,9.4,True
1504,137,43,8,Healthcare,Alexandria / Gamal Abdel Nasser St.,100,25000,250,2,2,1.04,9.4,True
1505,137,43,9,Retail,Alexandria / Gamal Abdel Nasser St.,100,25000,250,0,0,1.04,10,True
1506,137,43,10,Retail,Alexandria / Gamal Abdel Nasser St.,100,25000,250,0,0,1.04,10,True
1507,137,43,11,Tourism & Hospitality,Alexandria / Gamal Abdel Nasser St.,100,25000,250,0,0,1.04,10,True
1508,138,43,1,Financial Services,Alexandria / Gamal Abdel Nasser St.,120,12000,100,0,0,1.32,10,True
1509,138,43,2,Food & Beverage,Alexandria / Gamal Abdel Nasser St.,120,12000,100,0,0,1.32,10,True
1510,138,43,3,Food & Beverage,Alexandria / Gamal Abdel Nasser St.,120,12000,100,0,0,1.32,10,True
1511,138,43,4,Food & Beverage,Alexandria / Gamal Abdel Nasser St.,120,12000,100,0,0,1.32,10,True
1512,138,43,5,Food & Beverage,Alexandria / Gamal Abdel Nasser St.,120,12000,100,0,0,1.32,10,True
1513,138,43,6,Health & Fitness,Alexandria / Gamal Abdel Nasser St.,120,12000,100,0,0,1.32,10,True
1514,138,43,7,Healthcare,Alexandria / Gamal Abdel Nasser St.,120,12000,100,2,2,1.32,9.4,True
1515,138,43,8,Healthcare,Alexandria / Gamal Abdel Nasser St.,120,12000,100,2,2,1.32,9.4,True
1516,138,43,9,Retail,Alexandria / Gamal Abdel Nasser St.,120,12000,100,0,0,1.32,10,True
1517,138,43,10,Retail,Alexandria / Gamal Abdel Nasser St.,120,12000,100,0,0,1.32,10,True
1518,138,43,11,Tourism & Hospitality,Alexandria / Gamal Abdel Nasser St.,120,12000,100,0,0,1.32,10,True
1519,139,43,1,Financial Services,Alexandria / Gamal Abdel Nasser St.,120,10000,83.33,0,0,1.35,10,True
1520,139,43,2,Food & Beverage,Alexandria / Gamal Abdel Nasser St.,120,10000,83.33,0,0,1.35,10,True
1521,139,43,3,Food & Beverage,Alexandria / Gamal Abdel Nasser St.,120,10000,83.33,0,0,1.35,10,True
1522,139,43,4,Food & Beverage,Alexandria / Gamal Abdel Nasser St.,120,10000,83.33,0,0,1.35,10,True
1523,139,43,5,Food & Beverage,Alexandria / Gamal Abdel Nasser St.,120,10000,83.33,0,0,1.35,10,True
1524,139,43,6,Health & Fitness,Alexandria / Gamal Abdel Nasser St.,120,10000,83.33,0,0,1.35,10,True
1525,139,43,7,Healthcare,Alexandria / Gamal Abdel Nasser St.,120,10000,83.33,2,2,1.35,9.4,True
1526,139,43,8,Healthcare,Alexandria / Gamal Abdel Nasser St.,120,10000,83.33,2,2,1.35,9.4,True
1527,139,43,9,Retail,Alexandria / Gamal Abdel Nasser St.,120,10000,83.33,0,0,1.35,10,True
1528,139,43,10,Retail,Alexandria / Gamal Abdel Nasser St.,120,10000,83.33,0,0,1.35,10,True
1529,139,43,11,Tourism & Hospitality,Alexandria / Gamal Abdel Nasser St.,120,10000,83.33,0,0,1.35,10,True
1530,140,43,1,Financial Services,Alexandria / Gamal Abdel Nasser St.,120,15000,125,0,0,1.27,10,True
1531,140,43,2,Food & Beverage,Alexandria / Gamal Abdel Nasser St.,120,15000,125,0,0,1.27,10,True
1532,140,43,3,Food & Beverage,Alexandria / Gamal Abdel Nasser St.,120,15000,125,0,0,1.27,10,True
1533,140,43,4,Food & Beverage,Alexandria / Gamal Abdel Nasser St.,120,15000,125,0,0,1.27,10,True
1534,140,43,5,Food & Beverage,Alexandria / Gamal Abdel Nasser St.,120,15000,125,0,0,1.27,10,True
1535,140,43,6,Health & Fitness,Alexandria / Gamal Abdel Nasser St.,120,15000,125,0,0,1.27,10,True
1536,140,43,7,Healthcare,Alexandria / Gamal Abdel Nasser St.,120,15000,125,2,2,1.27,9.4,True
1537,140,43,8,Healthcare,Alexandria / Gamal Abdel Nasser St.,120,15000,125,2,2,1.27,9.4,True
1538,140,43,9,Retail,Alexandria / Gamal Abdel Nasser St.,120,15000,125,0,0,1.27,10,True
1539,140,43,10,Retail,Alexandria / Gamal Abdel Nasser St.,120,15000,125,0,0,1.27,10,True
1540,140,43,11,Tourism & Hospitality,Alexandria / Gamal Abdel Nasser St.,120,15000,125,0,0,1.27,10,True
1541,141,43,1,Financial Services,Alexandria / Gamal Abdel Nasser St.,250,85000,340,0,0,0.87,9.5,True
1542,141,43,2,Food & Beverage,Alexandria / Gamal Abdel Nasser St.,250,85000,340,0,0,0.87,9.5,True
1543,141,43,3,Food & Beverage,Alexandria / Gamal Abdel Nasser St.,250,85000,340,0,0,0.87,9.5,True
1544,141,43,4,Food & Beverage,Alexandria / Gamal Abdel Nasser St.,250,85000,340,0,0,0.87,9.5,True
1545,141,43,5,Food & Beverage,Alexandria / Gamal Abdel Nasser St.,250,85000,340,0,0,0.87,9.5,True
1546,141,43,6,Health & Fitness,Alexandria / Gamal Abdel Nasser St.,250,85000,340,0,0,0.87,9.5,True
1547,141,43,7,Healthcare,Alexandria / Gamal Abdel Nasser St.,250,85000,340,2,2,0.87,8.9,True
1548,141,43,8,Healthcare,Alexandria / Gamal Abdel Nasser St.,250,85000,340,2,2,0.87,8.9,True
1549,141,43,9,Retail,Alexandria / Gamal Abdel Nasser St.,250,85000,340,0,0,0.87,9.5,True
1550,141,43,10,Retail,Alexandria / Gamal Abdel Nasser St.,250,85000,340,0,0,0.87,9.5,True
1551,141,43,11,Tourism & Hospitality,Alexandria / Gamal Abdel Nasser St.,250,85000,340,0,0,0.87,9.5,True
1552,142,43,1,Financial Services,Alexandria / Gamal Abdel Nasser St.,240,100000,416.67,0,0,0.73,8.93,True
1553,142,43,2,Food & Beverage,Alexandria / Gamal Abdel Nasser St.,240,100000,416.67,0,0,0.73,8.93,True
1554,142,43,3,Food & Beverage,Alexandria / Gamal Abdel Nasser St.,240,100000,416.67,0,0,0.73,8.93,True
1555,142,43,4,Food & Beverage,Alexandria / Gamal Abdel Nasser St.,240,100000,416.67,0,0,0.73,8.93,True
1556,142,43,5,Food & Beverage,Alexandria / Gamal Abdel Nasser St.,240,100000,416.67,0,0,0.73,8.93,True
1557,142,43,6,Health & Fitness,Alexandria / Gamal Abdel Nasser St.,240,100000,416.67,0,0,0.73,8.93,True
1558,142,43,7,Healthcare,Alexandria / Gamal Abdel Nasser St.,240,100000,416.67,2,2,0.73,8.33,True
1559,142,43,8,Healthcare,Alexandria / Gamal Abdel Nasser St.,240,100000,416.67,2,2,0.73,8.33,True
1560,142,43,9,Retail,Alexandria / Gamal Abdel Nasser St.,240,100000,416.67,0,0,0.73,8.93,True
1561,142,43,10,Retail,Alexandria / Gamal Abdel Nasser St.,240,100000,416.67,0,0,0.73,8.93,True
1562,142,43,11,Tourism & Hospitality,Alexandria / Gamal Abdel Nasser St.,240,100000,416.67,0,0,0.73,8.93,True
1563,143,43,1,Financial Services,Alexandria / Gamal Abdel Nasser St.,240,90000,375,0,0,0.81,9.24,True
1564,143,43,2,Food & Beverage,Alexandria / Gamal Abdel Nasser St.,240,90000,375,0,0,0.81,9.24,True
1565,143,43,3,Food & Beverage,Alexandria / Gamal Abdel Nasser St.,240,90000,375,0,0,0.81,9.24,True
1566,143,43,4,Food & Beverage,Alexandria / Gamal Abdel Nasser St.,240,90000,375,0,0,0.81,9.24,True
1567,143,43,5,Food & Beverage,Alexandria / Gamal Abdel Nasser St.,240,90000,375,0,0,0.81,9.24,True
1568,143,43,6,Health & Fitness,Alexandria / Gamal Abdel Nasser St.,240,90000,375,0,0,0.81,9.24,True
1569,143,43,7,Healthcare,Alexandria / Gamal Abdel Nasser St.,240,90000,375,2,2,0.81,8.64,True
1570,143,43,8,Healthcare,Alexandria / Gamal Abdel Nasser St.,240,90000,375,2,2,0.81,8.64,True
1571,143,43,9,Retail,Alexandria / Gamal Abdel Nasser St.,240,90000,375,0,0,0.81,9.24,True
1572,143,43,10,Retail,Alexandria / Gamal Abdel Nasser St.,240,90000,375,0,0,0.81,9.24,True
1573,143,43,11,Tourism & Hospitality,Alexandria / Gamal Abdel Nasser St.,240,90000,375,0,0,0.81,9.24,True
1574,144,43,1,Financial Services,Alexandria / Gamal Abdel Nasser St.,80,12000,150,0,0,1.22,10,True
1575,144,43,2,Food & Beverage,Alexandria / Gamal Abdel Nasser St.,80,12000,150,0,0,1.22,10,True
1576,144,43,3,Food & Beverage,Alexandria / Gamal Abdel Nasser St.,80,12000,150,0,0,1.22,10,True
1577,144,43,4,Food & Beverage,Alexandria / Gamal Abdel Nasser St.,80,12000,150,0,0,1.22,10,True
1578,144,43,5,Food & Beverage,Alexandria / Gamal Abdel Nasser St.,80,12000,150,0,0,1.22,10,True
1579,144,43,6,Health & Fitness,Alexandria / Gamal Abdel Nasser St.,80,12000,150,0,0,1.22,10,True
1580,144,43,7,Healthcare,Alexandria / Gamal Abdel Nasser St.,80,12000,150,2,2,1.22,9.4,True
1581,144,43,8,Healthcare,Alexandria / Gamal Abdel Nasser St.,80,12000,150,2,2,1.22,9.4,True
1582,144,43,9,Retail,Alexandria / Gamal Abdel Nasser St.,80,12000,150,0,0,1.22,10,True
1583,144,43,10,Retail,Alexandria / Gamal Abdel Nasser St.,80,12000,150,0,0,1.22,10,True
1584,144,43,11,Tourism & Hospitality,Alexandria / Gamal Abdel Nasser St.,80,12000,150,0,0,1.22,10,True
1585,145,43,1,Financial Services,Alexandria / Gamal Abdel Nasser St.,65,10500,161.54,0,0,1.2,10,True
1586,145,43,2,Food & Beverage,Alexandria / Gamal Abdel Nasser St.,65,10500,161.54,0,0,1.2,10,True
1587,145,43,3,Food & Beverage,Alexandria / Gamal Abdel Nasser St.,65,10500,161.54,0,0,1.2,10,True
1588,145,43,4,Food & Beverage,Alexandria / Gamal Abdel Nasser St.,65,10500,161.54,0,0,1.2,10,True
1589,145,43,5,Food & Beverage,Alexandria / Gamal Abdel Nasser St.,65,10500,161.54,0,0,1.2,10,True
1590,145,43,6,Health & Fitness,Alexandria / Gamal Abdel Nasser St.,65,10500,161.54,0,0,1.2,10,True
1591,145,43,7,Healthcare,Alexandria / Gamal Abdel Nasser St.,65,10500,161.54,2,2,1.2,9.4,True
1592,145,43,8,Healthcare,Alexandria / Gamal Abdel Nasser St.,65,10500,161.54,2,2,1.2,9.4,True
1593,145,43,9,Retail,Alexandria / Gamal Abdel Nasser St.,65,10500,161.54,0,0,1.2,10,True
1594,145,43,10,Retail,Alexandria / Gamal Abdel Nasser St.,65,10500,161.54,0,0,1.2,10,True
1595,145,43,11,Tourism & Hospitality,Alexandria / Gamal Abdel Nasser St.,65,10500,161.54,0,0,1.2,10,True
1596,146,43,1,Financial Services,Alexandria / Gamal Abdel Nasser St.,100,10000,100,0,0,1.32,10,True
1597,146,43,2,Food & Beverage,Alexandria / Gamal Abdel Nasser St.,100,10000,100,0,0,1.32,10,True
1598,146,43,3,Food & Beverage,Alexandria / Gamal Abdel Nasser St.,100,10000,100,0,0,1.32,10,True
1599,146,43,4,Food & Beverage,Alexandria / Gamal Abdel Nasser St.,100,10000,100,0,0,1.32,10,True
1600,146,43,5,Food & Beverage,Alexandria / Gamal Abdel Nasser St.,100,10000,100,0,0,1.32,10,True
1601,146,43,6,Health & Fitness,Alexandria / Gamal Abdel Nasser St.,100,10000,100,0,0,1.32,10,True
1602,146,43,7,Healthcare,Alexandria / Gamal Abdel Nasser St.,100,10000,100,2,2,1.32,9.4,True
1603,146,43,8,Healthcare,Alexandria / Gamal Abdel Nasser St.,100,10000,100,2,2,1.32,9.4,True
1604,146,43,9,Retail,Alexandria / Gamal Abdel Nasser St.,100,10000,100,0,0,1.32,10,True
1605,146,43,10,Retail,Alexandria / Gamal Abdel Nasser St.,100,10000,100,0,0,1.32,10,True
1606,146,43,11,Tourism & Hospitality,Alexandria / Gamal Abdel Nasser St.,100,10000,100,0,0,1.32,10,True
1607,147,46,1,Financial Services,Alexandria / Khaled Ibn El Waleed St.,200,50000,250,0,2,1.03,10,True
1608,147,46,2,Food & Beverage,Alexandria / Khaled Ibn El Waleed St.,200,50000,250,0,2,1.03,10,True
1609,147,46,3,Food & Beverage,Alexandria / Khaled Ibn El Waleed St.,200,50000,250,0,2,1.03,10,True
1610,147,46,4,Food & Beverage,Alexandria / Khaled Ibn El Waleed St.,200,50000,250,0,2,1.03,10,True
1611,147,46,5,Food & Beverage,Alexandria / Khaled Ibn El Waleed St.,200,50000,250,0,2,1.03,10,True
1612,147,46,6,Health & Fitness,Alexandria / Khaled Ibn El Waleed St.,200,50000,250,1,2,1.03,9.7,True
1613,147,46,7,Healthcare,Alexandria / Khaled Ibn El Waleed St.,200,50000,250,10,14,1.03,4.93,False
1614,147,46,8,Healthcare,Alexandria / Khaled Ibn El Waleed St.,200,50000,250,10,14,1.03,4.93,False
1615,147,46,9,Retail,Alexandria / Khaled Ibn El Waleed St.,200,50000,250,0,0,1.03,10,True
1616,147,46,10,Retail,Alexandria / Khaled Ibn El Waleed St.,200,50000,250,0,0,1.03,10,True
1617,147,46,11,Tourism & Hospitality,Alexandria / Khaled Ibn El Waleed St.,200,50000,250,0,1,1.03,10,True
1618,148,46,1,Financial Services,Alexandria / Khaled Ibn El Waleed St.,150,30000,200,0,2,1.13,10,True
1619,148,46,2,Food & Beverage,Alexandria / Khaled Ibn El Waleed St.,150,30000,200,0,2,1.13,10,True
1620,148,46,3,Food & Beverage,Alexandria / Khaled Ibn El Waleed St.,150,30000,200,0,2,1.13,10,True
1621,148,46,4,Food & Beverage,Alexandria / Khaled Ibn El Waleed St.,150,30000,200,0,2,1.13,10,True
1622,148,46,5,Food & Beverage,Alexandria / Khaled Ibn El Waleed St.,150,30000,200,0,2,1.13,10,True
1623,148,46,6,Health & Fitness,Alexandria / Khaled Ibn El Waleed St.,150,30000,200,1,2,1.13,9.7,True
1624,148,46,7,Healthcare,Alexandria / Khaled Ibn El Waleed St.,150,30000,200,10,14,1.13,4.93,False
1625,148,46,8,Healthcare,Alexandria / Khaled Ibn El Waleed St.,150,30000,200,10,14,1.13,4.93,False
1626,148,46,9,Retail,Alexandria / Khaled Ibn El Waleed St.,150,30000,200,0,0,1.13,10,True
1627,148,46,10,Retail,Alexandria / Khaled Ibn El Waleed St.,150,30000,200,0,0,1.13,10,True
1628,148,46,11,Tourism & Hospitality,Alexandria / Khaled Ibn El Waleed St.,150,30000,200,0,1,1.13,10,True
1629,149,46,1,Financial Services,Alexandria / Khaled Ibn El Waleed St.,148,45000,304.05,0,2,0.93,9.73,True
1630,149,46,2,Food & Beverage,Alexandria / Khaled Ibn El Waleed St.,148,45000,304.05,0,2,0.93,9.73,True
1631,149,46,3,Food & Beverage,Alexandria / Khaled Ibn El Waleed St.,148,45000,304.05,0,2,0.93,9.73,True
1632,149,46,4,Food & Beverage,Alexandria / Khaled Ibn El Waleed St.,148,45000,304.05,0,2,0.93,9.73,True
1633,149,46,5,Food & Beverage,Alexandria / Khaled Ibn El Waleed St.,148,45000,304.05,0,2,0.93,9.73,True
1634,149,46,6,Health & Fitness,Alexandria / Khaled Ibn El Waleed St.,148,45000,304.05,1,2,0.93,9.43,True
1635,149,46,7,Healthcare,Alexandria / Khaled Ibn El Waleed St.,148,45000,304.05,10,14,0.93,4.66,False
1636,149,46,8,Healthcare,Alexandria / Khaled Ibn El Waleed St.,148,45000,304.05,10,14,0.93,4.66,False
1637,149,46,9,Retail,Alexandria / Khaled Ibn El Waleed St.,148,45000,304.05,0,0,0.93,9.73,True
1638,149,46,10,Retail,Alexandria / Khaled Ibn El Waleed St.,148,45000,304.05,0,0,0.93,9.73,True
1639,149,46,11,Tourism & Hospitality,Alexandria / Khaled Ibn El Waleed St.,148,45000,304.05,0,1,0.93,9.73,True
1640,150,46,1,Financial Services,Alexandria / Khaled Ibn El Waleed St.,90,14000,155.56,0,2,1.21,10,True
1641,150,46,2,Food & Beverage,Alexandria / Khaled Ibn El Waleed St.,90,14000,155.56,0,2,1.21,10,True
1642,150,46,3,Food & Beverage,Alexandria / Khaled Ibn El Waleed St.,90,14000,155.56,0,2,1.21,10,True
1643,150,46,4,Food & Beverage,Alexandria / Khaled Ibn El Waleed St.,90,14000,155.56,0,2,1.21,10,True
1644,150,46,5,Food & Beverage,Alexandria / Khaled Ibn El Waleed St.,90,14000,155.56,0,2,1.21,10,True
1645,150,46,6,Health & Fitness,Alexandria / Khaled Ibn El Waleed St.,90,14000,155.56,1,2,1.21,9.7,True
1646,150,46,7,Healthcare,Alexandria / Khaled Ibn El Waleed St.,90,14000,155.56,10,14,1.21,4.93,False
1647,150,46,8,Healthcare,Alexandria / Khaled Ibn El Waleed St.,90,14000,155.56,10,14,1.21,4.93,False
1648,150,46,9,Retail,Alexandria / Khaled Ibn El Waleed St.,90,14000,155.56,0,0,1.21,10,True
1649,150,46,10,Retail,Alexandria / Khaled Ibn El Waleed St.,90,14000,155.56,0,0,1.21,10,True
1650,150,46,11,Tourism & Hospitality,Alexandria / Khaled Ibn El Waleed St.,90,14000,155.56,0,1,1.21,10,True
1651,151,22,1,Financial Services,Alexandria / Kornesh El-Maamoura St,140,135000,964.29,0,0,0.57,8.3,True
1652,151,22,2,Food & Beverage,Alexandria / Kornesh El-Maamoura St,140,135000,964.29,0,0,0.57,8.3,True
1653,151,22,3,Food & Beverage,Alexandria / Kornesh El-Maamoura St,140,135000,964.29,0,0,0.57,8.3,True
1654,151,22,4,Food & Beverage,Alexandria / Kornesh El-Maamoura St,140,135000,964.29,0,0,0.57,8.3,True
1655,151,22,5,Food & Beverage,Alexandria / Kornesh El-Maamoura St,140,135000,964.29,0,0,0.57,8.3,True
1656,151,22,6,Health & Fitness,Alexandria / Kornesh El-Maamoura St,140,135000,964.29,0,0,0.57,8.3,True
1657,151,22,7,Healthcare,Alexandria / Kornesh El-Maamoura St,140,135000,964.29,2,2,0.57,7.7,True
1658,151,22,8,Healthcare,Alexandria / Kornesh El-Maamoura St,140,135000,964.29,2,2,0.57,7.7,True
1659,151,22,9,Retail,Alexandria / Kornesh El-Maamoura St,140,135000,964.29,0,0,0.57,8.3,True
1660,151,22,10,Retail,Alexandria / Kornesh El-Maamoura St,140,135000,964.29,0,0,0.57,8.3,True
1661,151,22,11,Tourism & Hospitality,Alexandria / Kornesh El-Maamoura St,140,135000,964.29,3,4,0.57,6.27,True
1662,152,14,1,Financial Services,Alexandria / La Jetee St.,125,20000,160,2,2,1.18,9.4,True
1663,152,14,2,Food & Beverage,Alexandria / La Jetee St.,125,20000,160,8,24,1.18,5.27,False
1664,152,14,3,Food & Beverage,Alexandria / La Jetee St.,125,20000,160,8,24,1.18,5.27,False
1665,152,14,4,Food & Beverage,Alexandria / La Jetee St.,125,20000,160,8,24,1.18,5.27,False
1666,152,14,5,Food & Beverage,Alexandria / La Jetee St.,125,20000,160,8,24,1.18,5.27,False
1667,152,14,6,Health & Fitness,Alexandria / La Jetee St.,125,20000,160,0,0,1.18,10,True
1668,152,14,7,Healthcare,Alexandria / La Jetee St.,125,20000,160,6,6,1.18,7.87,True
1669,152,14,8,Healthcare,Alexandria / La Jetee St.,125,20000,160,6,6,1.18,7.87,True
1670,152,14,9,Retail,Alexandria / La Jetee St.,125,20000,160,2,2,1.18,9.4,True
1671,152,14,10,Retail,Alexandria / La Jetee St.,125,20000,160,2,2,1.18,9.4,True
1672,152,14,11,Tourism & Hospitality,Alexandria / La Jetee St.,125,20000,160,1,1,1.18,9.7,True
1673,153,14,1,Financial Services,Alexandria / La Jetee St.,65,20000,307.69,2,2,0.88,8.93,True
1674,153,14,2,Food & Beverage,Alexandria / La Jetee St.,65,20000,307.69,8,24,0.88,4.8,False
1675,153,14,3,Food & Beverage,Alexandria / La Jetee St.,65,20000,307.69,8,24,0.88,4.8,False
1676,153,14,4,Food & Beverage,Alexandria / La Jetee St.,65,20000,307.69,8,24,0.88,4.8,False
1677,153,14,5,Food & Beverage,Alexandria / La Jetee St.,65,20000,307.69,8,24,0.88,4.8,False
1678,153,14,6,Health & Fitness,Alexandria / La Jetee St.,65,20000,307.69,0,0,0.88,9.53,True
1679,153,14,7,Healthcare,Alexandria / La Jetee St.,65,20000,307.69,6,6,0.88,7.4,True
1680,153,14,8,Healthcare,Alexandria / La Jetee St.,65,20000,307.69,6,6,0.88,7.4,True
1681,153,14,9,Retail,Alexandria / La Jetee St.,65,20000,307.69,2,2,0.88,8.93,True
1682,153,14,10,Retail,Alexandria / La Jetee St.,65,20000,307.69,2,2,0.88,8.93,True
1683,153,14,11,Tourism & Hospitality,Alexandria / La Jetee St.,65,20000,307.69,1,1,0.88,9.23,True
1684,154,14,1,Financial Services,Alexandria / La Jetee St.,100,15000,150,2,2,1.2,9.4,True
1685,154,14,2,Food & Beverage,Alexandria / La Jetee St.,100,15000,150,8,24,1.2,5.27,False
1686,154,14,3,Food & Beverage,Alexandria / La Jetee St.,100,15000,150,8,24,1.2,5.27,False
1687,154,14,4,Food & Beverage,Alexandria / La Jetee St.,100,15000,150,8,24,1.2,5.27,False
1688,154,14,5,Food & Beverage,Alexandria / La Jetee St.,100,15000,150,8,24,1.2,5.27,False
1689,154,14,6,Health & Fitness,Alexandria / La Jetee St.,100,15000,150,0,0,1.2,10,True
1690,154,14,7,Healthcare,Alexandria / La Jetee St.,100,15000,150,6,6,1.2,7.87,True
1691,154,14,8,Healthcare,Alexandria / La Jetee St.,100,15000,150,6,6,1.2,7.87,True
1692,154,14,9,Retail,Alexandria / La Jetee St.,100,15000,150,2,2,1.2,9.4,True
1693,154,14,10,Retail,Alexandria / La Jetee St.,100,15000,150,2,2,1.2,9.4,True
1694,154,14,11,Tourism & Hospitality,Alexandria / La Jetee St.,100,15000,150,1,1,1.2,9.7,True
1695,155,38,1,Financial Services,Alexandria / Mohammed Al Eqbal St.,80,20000,250,3,8,1.03,8.22,True
1696,155,38,2,Food & Beverage,Alexandria / Mohammed Al Eqbal St.,80,20000,250,3,11,1.03,7.65,True
1697,155,38,3,Food & Beverage,Alexandria / Mohammed Al Eqbal St.,80,20000,250,3,11,1.03,7.65,True
1698,155,38,4,Food & Beverage,Alexandria / Mohammed Al Eqbal St.,80,20000,250,3,11,1.03,7.65,True
1699,155,38,5,Food & Beverage,Alexandria / Mohammed Al Eqbal St.,80,20000,250,3,11,1.03,7.65,True
1700,155,38,6,Health & Fitness,Alexandria / Mohammed Al Eqbal St.,80,20000,250,0,2,1.03,10,True
1701,155,38,7,Healthcare,Alexandria / Mohammed Al Eqbal St.,80,20000,250,6,8,1.03,7.33,True
1702,155,38,8,Healthcare,Alexandria / Mohammed Al Eqbal St.,80,20000,250,6,8,1.03,7.33,True
1703,155,38,9,Retail,Alexandria / Mohammed Al Eqbal St.,80,20000,250,3,5,1.03,9.1,True
1704,155,38,10,Retail,Alexandria / Mohammed Al Eqbal St.,80,20000,250,3,5,1.03,9.1,True
1705,155,38,11,Tourism & Hospitality,Alexandria / Mohammed Al Eqbal St.,80,20000,250,2,2,1.03,9.4,True
1706,156,20,1,Financial Services,Alexandria / Mohammed Darwish El-Deeb St.,85,120000,1411.76,0,0,0.26,7.04,True
1707,156,20,2,Food & Beverage,Alexandria / Mohammed Darwish El-Deeb St.,85,120000,1411.76,0,3,0.26,7.04,True
1708,156,20,3,Food & Beverage,Alexandria / Mohammed Darwish El-Deeb St.,85,120000,1411.76,0,3,0.26,7.04,True
1709,156,20,4,Food & Beverage,Alexandria / Mohammed Darwish El-Deeb St.,85,120000,1411.76,0,3,0.26,7.04,True
1710,156,20,5,Food & Beverage,Alexandria / Mohammed Darwish El-Deeb St.,85,120000,1411.76,0,3,0.26,7.04,True
1711,156,20,6,Health & Fitness,Alexandria / Mohammed Darwish El-Deeb St.,85,120000,1411.76,0,0,0.26,7.04,True
1712,156,20,7,Healthcare,Alexandria / Mohammed Darwish El-Deeb St.,85,120000,1411.76,6,11,0.26,4.24,False
1713,156,20,8,Healthcare,Alexandria / Mohammed Darwish El-Deeb St.,85,120000,1411.76,6,11,0.26,4.24,False
1714,156,20,9,Retail,Alexandria / Mohammed Darwish El-Deeb St.,85,120000,1411.76,0,1,0.26,7.04,True
1715,156,20,10,Retail,Alexandria / Mohammed Darwish El-Deeb St.,85,120000,1411.76,0,1,0.26,7.04,True
1716,156,20,11,Tourism & Hospitality,Alexandria / Mohammed Darwish El-Deeb St.,85,120000,1411.76,0,0,0.26,7.04,True
1717,157,31,1,Financial Services,Alexandria / Mohammed Fawzi Moaz St.,250,250000,1000,1,8,1,8.95,True
1718,157,31,2,Food & Beverage,Alexandria / Mohammed Fawzi Moaz St.,250,250000,1000,5,22,1,6.32,True
1719,157,31,3,Food & Beverage,Alexandria / Mohammed Fawzi Moaz St.,250,250000,1000,5,22,1,6.32,True
1720,157,31,4,Food & Beverage,Alexandria / Mohammed Fawzi Moaz St.,250,250000,1000,5,22,1,6.32,True
1721,157,31,5,Food & Beverage,Alexandria / Mohammed Fawzi Moaz St.,250,250000,1000,5,22,1,6.32,True
1722,157,31,6,Health & Fitness,Alexandria / Mohammed Fawzi Moaz St.,250,250000,1000,1,1,1,9.7,True
1723,157,31,7,Healthcare,Alexandria / Mohammed Fawzi Moaz St.,250,250000,1000,7,20,1,5.8,False
1724,157,31,8,Healthcare,Alexandria / Mohammed Fawzi Moaz St.,250,250000,1000,7,20,1,5.8,False
1725,157,31,9,Retail,Alexandria / Mohammed Fawzi Moaz St.,250,250000,1000,5,10,1,7.3,True
1726,157,31,10,Retail,Alexandria / Mohammed Fawzi Moaz St.,250,250000,1000,5,10,1,7.3,True
1727,157,31,11,Tourism & Hospitality,Alexandria / Mohammed Fawzi Moaz St.,250,250000,1000,0,3,1,10,True
1728,158,40,1,Financial Services,Alexandria / Mostafa Fahmy St,700,95000,135.71,1,7,1.25,8.41,True
1729,158,40,2,Food & Beverage,Alexandria / Mostafa Fahmy St,700,95000,135.71,2,8,1.25,7.9,True
1730,158,40,3,Food & Beverage,Alexandria / Mostafa Fahmy St,700,95000,135.71,2,8,1.25,7.9,True
1731,158,40,4,Food & Beverage,Alexandria / Mostafa Fahmy St,700,95000,135.71,2,8,1.25,7.9,True
1732,158,40,5,Food & Beverage,Alexandria / Mostafa Fahmy St,700,95000,135.71,2,8,1.25,7.9,True
1733,158,40,6,Health & Fitness,Alexandria / Mostafa Fahmy St,700,95000,135.71,0,1,1.25,10,True
1734,158,40,7,Healthcare,Alexandria / Mostafa Fahmy St,700,95000,135.71,8,17,1.25,5.31,False
1735,158,40,8,Healthcare,Alexandria / Mostafa Fahmy St,700,95000,135.71,8,17,1.25,5.31,False
1736,158,40,9,Retail,Alexandria / Mostafa Fahmy St,700,95000,135.71,1,5,1.25,9.1,True
1737,158,40,10,Retail,Alexandria / Mostafa Fahmy St,700,95000,135.71,1,5,1.25,9.1,True
1738,158,40,11,Tourism & Hospitality,Alexandria / Mostafa Fahmy St,700,95000,135.71,0,2,1.25,10,True
1739,159,20,1,Financial Services,Alexandria / New El Hadra,150,15000,100,0,0,1.41,10,True
1740,159,20,2,Food & Beverage,Alexandria / New El Hadra,150,15000,100,0,3,1.41,10,True
1741,159,20,3,Food & Beverage,Alexandria / New El Hadra,150,15000,100,0,3,1.41,10,True
1742,159,20,4,Food & Beverage,Alexandria / New El Hadra,150,15000,100,0,3,1.41,10,True
1743,159,20,5,Food & Beverage,Alexandria / New El Hadra,150,15000,100,0,3,1.41,10,True
1744,159,20,6,Health & Fitness,Alexandria / New El Hadra,150,15000,100,0,0,1.41,10,True
1745,159,20,7,Healthcare,Alexandria / New El Hadra,150,15000,100,6,11,1.41,7.2,True
1746,159,20,8,Healthcare,Alexandria / New El Hadra,150,15000,100,6,11,1.41,7.2,True
1747,159,20,9,Retail,Alexandria / New El Hadra,150,15000,100,0,1,1.41,10,True
1748,159,20,10,Retail,Alexandria / New El Hadra,150,15000,100,0,1,1.41,10,True
1749,159,20,11,Tourism & Hospitality,Alexandria / New El Hadra,150,15000,100,0,0,1.41,10,True
1750,160,20,1,Financial Services,Alexandria / New El Hadra,150,12000,80,0,0,1.43,10,True
1751,160,20,2,Food & Beverage,Alexandria / New El Hadra,150,12000,80,0,3,1.43,10,True
1752,160,20,3,Food & Beverage,Alexandria / New El Hadra,150,12000,80,0,3,1.43,10,True
1753,160,20,4,Food & Beverage,Alexandria / New El Hadra,150,12000,80,0,3,1.43,10,True
1754,160,20,5,Food & Beverage,Alexandria / New El Hadra,150,12000,80,0,3,1.43,10,True
1755,160,20,6,Health & Fitness,Alexandria / New El Hadra,150,12000,80,0,0,1.43,10,True
1756,160,20,7,Healthcare,Alexandria / New El Hadra,150,12000,80,6,11,1.43,7.2,True
1757,160,20,8,Healthcare,Alexandria / New El Hadra,150,12000,80,6,11,1.43,7.2,True
1758,160,20,9,Retail,Alexandria / New El Hadra,150,12000,80,0,1,1.43,10,True
1759,160,20,10,Retail,Alexandria / New El Hadra,150,12000,80,0,1,1.43,10,True
1760,160,20,11,Tourism & Hospitality,Alexandria / New El Hadra,150,12000,80,0,0,1.43,10,True
1761,161,5,1,Financial Services,Alexandria / Riad St,310,210000,677.42,19,48,0.78,3.54,False
1762,161,5,2,Food & Beverage,Alexandria / Riad St,310,210000,677.42,100,141,0.78,3.26,False
1763,161,5,3,Food & Beverage,Alexandria / Riad St,310,210000,677.42,100,141,0.78,3.26,False
1764,161,5,4,Food & Beverage,Alexandria / Riad St,310,210000,677.42,100,141,0.78,3.26,False
1765,161,5,5,Food & Beverage,Alexandria / Riad St,310,210000,677.42,100,141,0.78,3.26,False
1766,161,5,6,Health & Fitness,Alexandria / Riad St,310,210000,677.42,1,1,0.78,8.82,True
1767,161,5,7,Healthcare,Alexandria / Riad St,310,210000,677.42,42,74,0.78,3.39,False
1768,161,5,8,Healthcare,Alexandria / Riad St,310,210000,677.42,42,74,0.78,3.39,False
1769,161,5,9,Retail,Alexandria / Riad St,310,210000,677.42,164,173,0.78,3.24,False
1770,161,5,10,Retail,Alexandria / Riad St,310,210000,677.42,164,173,0.78,3.24,False
1771,161,5,11,Tourism & Hospitality,Alexandria / Riad St,310,210000,677.42,20,29,0.78,3.81,False
1772,162,40,1,Financial Services,Alexandria / Roushdy Basha St.,60,25000,416.67,1,7,0.75,7.4,True
1773,162,40,2,Food & Beverage,Alexandria / Roushdy Basha St.,60,25000,416.67,2,8,0.75,6.88,True
1774,162,40,3,Food & Beverage,Alexandria / Roushdy Basha St.,60,25000,416.67,2,8,0.75,6.88,True
1775,162,40,4,Food & Beverage,Alexandria / Roushdy Basha St.,60,25000,416.67,2,8,0.75,6.88,True
1776,162,40,5,Food & Beverage,Alexandria / Roushdy Basha St.,60,25000,416.67,2,8,0.75,6.88,True
1777,162,40,6,Health & Fitness,Alexandria / Roushdy Basha St.,60,25000,416.67,0,1,0.75,8.98,True
1778,162,40,7,Healthcare,Alexandria / Roushdy Basha St.,60,25000,416.67,8,17,0.75,4.29,False
1779,162,40,8,Healthcare,Alexandria / Roushdy Basha St.,60,25000,416.67,8,17,0.75,4.29,False
1780,162,40,9,Retail,Alexandria / Roushdy Basha St.,60,25000,416.67,1,5,0.75,8.08,True
1781,162,40,10,Retail,Alexandria / Roushdy Basha St.,60,25000,416.67,1,5,0.75,8.08,True
1782,162,40,11,Tourism & Hospitality,Alexandria / Roushdy Basha St.,60,25000,416.67,0,2,0.75,8.98,True
1783,163,16,1,Financial Services,Alexandria / Saad Zaghloul St.,100,100000,1000,9,43,0.83,4.1,False
1784,163,16,2,Food & Beverage,Alexandria / Saad Zaghloul St.,100,100000,1000,30,132,0.83,3.48,False
1785,163,16,3,Food & Beverage,Alexandria / Saad Zaghloul St.,100,100000,1000,30,132,0.83,3.48,False
1786,163,16,4,Food & Beverage,Alexandria / Saad Zaghloul St.,100,100000,1000,30,132,0.83,3.48,False
1787,163,16,5,Food & Beverage,Alexandria / Saad Zaghloul St.,100,100000,1000,30,132,0.83,3.48,False
1788,163,16,6,Health & Fitness,Alexandria / Saad Zaghloul St.,100,100000,1000,0,2,0.83,9.33,True
1789,163,16,7,Healthcare,Alexandria / Saad Zaghloul St.,100,100000,1000,29,66,0.83,3.64,False
1790,163,16,8,Healthcare,Alexandria / Saad Zaghloul St.,100,100000,1000,29,66,0.83,3.64,False
1791,163,16,9,Retail,Alexandria / Saad Zaghloul St.,100,100000,1000,22,169,0.83,3.45,False
1792,163,16,10,Retail,Alexandria / Saad Zaghloul St.,100,100000,1000,22,169,0.83,3.45,False
1793,163,16,11,Tourism & Hospitality,Alexandria / Saad Zaghloul St.,100,100000,1000,0,19,0.83,7.39,True
1794,164,46,1,Financial Services,Alexandria / Salah Salem St.,183,45000,245.9,0,2,1.04,10,True
1795,164,46,2,Food & Beverage,Alexandria / Salah Salem St.,183,45000,245.9,0,2,1.04,10,True
1796,164,46,3,Food & Beverage,Alexandria / Salah Salem St.,183,45000,245.9,0,2,1.04,10,True
1797,164,46,4,Food & Beverage,Alexandria / Salah Salem St.,183,45000,245.9,0,2,1.04,10,True
1798,164,46,5,Food & Beverage,Alexandria / Salah Salem St.,183,45000,245.9,0,2,1.04,10,True
1799,164,46,6,Health & Fitness,Alexandria / Salah Salem St.,183,45000,245.9,1,2,1.04,9.7,True
1800,164,46,7,Healthcare,Alexandria / Salah Salem St.,183,45000,245.9,10,14,1.04,4.93,False
1801,164,46,8,Healthcare,Alexandria / Salah Salem St.,183,45000,245.9,10,14,1.04,4.93,False
1802,164,46,9,Retail,Alexandria / Salah Salem St.,183,45000,245.9,0,0,1.04,10,True
1803,164,46,10,Retail,Alexandria / Salah Salem St.,183,45000,245.9,0,0,1.04,10,True
1804,164,46,11,Tourism & Hospitality,Alexandria / Salah Salem St.,183,45000,245.9,0,1,1.04,10,True
1805,165,46,1,Financial Services,Alexandria / Salah Salem St.,194,80000,412.37,0,2,0.73,8.92,True
1806,165,46,2,Food & Beverage,Alexandria / Salah Salem St.,194,80000,412.37,0,2,0.73,8.92,True
1807,165,46,3,Food & Beverage,Alexandria / Salah Salem St.,194,80000,412.37,0,2,0.73,8.92,True
1808,165,46,4,Food & Beverage,Alexandria / Salah Salem St.,194,80000,412.37,0,2,0.73,8.92,True
1809,165,46,5,Food & Beverage,Alexandria / Salah Salem St.,194,80000,412.37,0,2,0.73,8.92,True
1810,165,46,6,Health & Fitness,Alexandria / Salah Salem St.,194,80000,412.37,1,2,0.73,8.62,True
1811,165,46,7,Healthcare,Alexandria / Salah Salem St.,194,80000,412.37,10,14,0.73,3.85,False
1812,165,46,8,Healthcare,Alexandria / Salah Salem St.,194,80000,412.37,10,14,0.73,3.85,False
1813,165,46,9,Retail,Alexandria / Salah Salem St.,194,80000,412.37,0,0,0.73,8.92,True
1814,165,46,10,Retail,Alexandria / Salah Salem St.,194,80000,412.37,0,0,0.73,8.92,True
1815,165,46,11,Tourism & Hospitality,Alexandria / Salah Salem St.,194,80000,412.37,0,1,0.73,8.92,True
1816,166,22,1,Financial Services,Alexandria / Shatee El Nakheel,450,35000,77.78,0,0,1.43,10,True
1817,166,22,2,Food & Beverage,Alexandria / Shatee El Nakheel,450,35000,77.78,0,0,1.43,10,True
1818,166,22,3,Food & Beverage,Alexandria / Shatee El Nakheel,450,35000,77.78,0,0,1.43,10,True
1819,166,22,4,Food & Beverage,Alexandria / Shatee El Nakheel,450,35000,77.78,0,0,1.43,10,True
1820,166,22,5,Food & Beverage,Alexandria / Shatee El Nakheel,450,35000,77.78,0,0,1.43,10,True
1821,166,22,6,Health & Fitness,Alexandria / Shatee El Nakheel,450,35000,77.78,0,0,1.43,10,True
1822,166,22,7,Healthcare,Alexandria / Shatee El Nakheel,450,35000,77.78,2,2,1.43,9.4,True
1823,166,22,8,Healthcare,Alexandria / Shatee El Nakheel,450,35000,77.78,2,2,1.43,9.4,True
1824,166,22,9,Retail,Alexandria / Shatee El Nakheel,450,35000,77.78,0,0,1.43,10,True
1825,166,22,10,Retail,Alexandria / Shatee El Nakheel,450,35000,77.78,0,0,1.43,10,True
1826,166,22,11,Tourism & Hospitality,Alexandria / Shatee El Nakheel,450,35000,77.78,3,4,1.43,7.97,True
1827,167,43,1,Financial Services,Alexandria / Sidi Bishr,70,40000,571.43,0,0,0.45,7.79,True
1828,167,43,2,Food & Beverage,Alexandria / Sidi Bishr,70,40000,571.43,0,0,0.45,7.79,True
1829,167,43,3,Food & Beverage,Alexandria / Sidi Bishr,70,40000,571.43,0,0,0.45,7.79,True
1830,167,43,4,Food & Beverage,Alexandria / Sidi Bishr,70,40000,571.43,0,0,0.45,7.79,True
1831,167,43,5,Food & Beverage,Alexandria / Sidi Bishr,70,40000,571.43,0,0,0.45,7.79,True
1832,167,43,6,Health & Fitness,Alexandria / Sidi Bishr,70,40000,571.43,0,0,0.45,7.79,True
1833,167,43,7,Healthcare,Alexandria / Sidi Bishr,70,40000,571.43,2,2,0.45,7.19,True
1834,167,43,8,Healthcare,Alexandria / Sidi Bishr,70,40000,571.43,2,2,0.45,7.19,True
1835,167,43,9,Retail,Alexandria / Sidi Bishr,70,40000,571.43,0,0,0.45,7.79,True
1836,167,43,10,Retail,Alexandria / Sidi Bishr,70,40000,571.43,0,0,0.45,7.79,True
1837,167,43,11,Tourism & Hospitality,Alexandria / Sidi Bishr,70,40000,571.43,0,0,0.45,7.79,True
1838,168,50,1,Financial Services,Alexandria / Victoria,60,26000,433.33,0,0,0.95,9.79,True
1839,168,50,2,Food & Beverage,Alexandria / Victoria,60,26000,433.33,0,0,0.95,9.79,True
1840,168,50,3,Food & Beverage,Alexandria / Victoria,60,26000,433.33,0,0,0.95,9.79,True
1841,168,50,4,Food & Beverage,Alexandria / Victoria,60,26000,433.33,0,0,0.95,9.79,True
1842,168,50,5,Food & Beverage,Alexandria / Victoria,60,26000,433.33,0,0,0.95,9.79,True
1843,168,50,6,Health & Fitness,Alexandria / Victoria,60,26000,433.33,0,0,0.95,9.79,True
1844,168,50,7,Healthcare,Alexandria / Victoria,60,26000,433.33,2,2,0.95,9.19,True
1845,168,50,8,Healthcare,Alexandria / Victoria,60,26000,433.33,2,2,0.95,9.19,True
1846,168,50,9,Retail,Alexandria / Victoria,60,26000,433.33,0,0,0.95,9.79,True
1847,168,50,10,Retail,Alexandria / Victoria,60,26000,433.33,0,0,0.95,9.79,True
1848,168,50,11,Tourism & Hospitality,Alexandria / Victoria,60,26000,433.33,0,0,0.95,9.79,True
1849,169,50,1,Financial Services,Alexandria / Victoria,50,20000,400,0,0,0.99,9.96,True
1850,169,50,2,Food & Beverage,Alexandria / Victoria,50,20000,400,0,0,0.99,9.96,True
1851,169,50,3,Food & Beverage,Alexandria / Victoria,50,20000,400,0,0,0.99,9.96,True
1852,169,50,4,Food & Beverage,Alexandria / Victoria,50,20000,400,0,0,0.99,9.96,True
1853,169,50,5,Food & Beverage,Alexandria / Victoria,50,20000,400,0,0,0.99,9.96,True
1854,169,50,6,Health & Fitness,Alexandria / Victoria,50,20000,400,0,0,0.99,9.96,True
1855,169,50,7,Healthcare,Alexandria / Victoria,50,20000,400,2,2,0.99,9.36,True
1856,169,50,8,Healthcare,Alexandria / Victoria,50,20000,400,2,2,0.99,9.36,True
1857,169,50,9,Retail,Alexandria / Victoria,50,20000,400,0,0,0.99,9.96,True
1858,169,50,10,Retail,Alexandria / Victoria,50,20000,400,0,0,0.99,9.96,True
1859,169,50,11,Tourism & Hospitality,Alexandria / Victoria,50,20000,400,0,0,0.99,9.96,True
1860,170,50,1,Financial Services,Alexandria / Victoria,60,25000,416.67,0,0,0.97,9.88,True
1861,170,50,2,Food & Beverage,Alexandria / Victoria,60,25000,416.67,0,0,0.97,9.88,True
1862,170,50,3,Food & Beverage,Alexandria / Victoria,60,25000,416.67,0,0,0.97,9.88,True
1863,170,50,4,Food & Beverage,Alexandria / Victoria,60,25000,416.67,0,0,0.97,9.88,True
1864,170,50,5,Food & Beverage,Alexandria / Victoria,60,25000,416.67,0,0,0.97,9.88,True
1865,170,50,6,Health & Fitness,Alexandria / Victoria,60,25000,416.67,0,0,0.97,9.88,True
1866,170,50,7,Healthcare,Alexandria / Victoria,60,25000,416.67,2,2,0.97,9.28,True
1867,170,50,8,Healthcare,Alexandria / Victoria,60,25000,416.67,2,2,0.97,9.28,True
1868,170,50,9,Retail,Alexandria / Victoria,60,25000,416.67,0,0,0.97,9.88,True
1869,170,50,10,Retail,Alexandria / Victoria,60,25000,416.67,0,0,0.97,9.88,True
1870,170,50,11,Tourism & Hospitality,Alexandria / Victoria,60,25000,416.67,0,0,0.97,9.88,True
1871,171,50,1,Financial Services,Alexandria / Victoria,100,25000,250,0,0,1.18,10,True
1872,171,50,2,Food & Beverage,Alexandria / Victoria,100,25000,250,0,0,1.18,10,True
1873,171,50,3,Food & Beverage,Alexandria / Victoria,100,25000,250,0,0,1.18,10,True
1874,171,50,4,Food & Beverage,Alexandria / Victoria,100,25000,250,0,0,1.18,10,True
1875,171,50,5,Food & Beverage,Alexandria / Victoria,100,25000,250,0,0,1.18,10,True
1876,171,50,6,Health & Fitness,Alexandria / Victoria,100,25000,250,0,0,1.18,10,True
1877,171,50,7,Healthcare,Alexandria / Victoria,100,25000,250,2,2,1.18,9.4,True
1878,171,50,8,Healthcare,Alexandria / Victoria,100,25000,250,2,2,1.18,9.4,True
1879,171,50,9,Retail,Alexandria / Victoria,100,25000,250,0,0,1.18,10,True
1880,171,50,10,Retail,Alexandria / Victoria,100,25000,250,0,0,1.18,10,True
1881,171,50,11,Tourism & Hospitality,Alexandria / Victoria,100,25000,250,0,0,1.18,10,True
1882,172,50,1,Financial Services,Alexandria / Victoria,55,25000,454.55,0,0,0.92,9.68,True
1883,172,50,2,Food & Beverage,Alexandria / Victoria,55,25000,454.55,0,0,0.92,9.68,True
1884,172,50,3,Food & Beverage,Alexandria / Victoria,55,25000,454.55,0,0,0.92,9.68,True
1885,172,50,4,Food & Beverage,Alexandria / Victoria,55,25000,454.55,0,0,0.92,9.68,True
1886,172,50,5,Food & Beverage,Alexandria / Victoria,55,25000,454.55,0,0,0.92,9.68,True
1887,172,50,6,Health & Fitness,Alexandria / Victoria,55,25000,454.55,0,0,0.92,9.68,True
1888,172,50,7,Healthcare,Alexandria / Victoria,55,25000,454.55,2,2,0.92,9.08,True
1889,172,50,8,Healthcare,Alexandria / Victoria,55,25000,454.55,2,2,0.92,9.08,True
1890,172,50,9,Retail,Alexandria / Victoria,55,25000,454.55,0,0,0.92,9.68,True
1891,172,50,10,Retail,Alexandria / Victoria,55,25000,454.55,0,0,0.92,9.68,True
1892,172,50,11,Tourism & Hospitality,Alexandria / Victoria,55,25000,454.55,0,0,0.92,9.68,True
1893,173,5,1,Financial Services,Alexandria / Abdel Salam Aref St.,300,120000,400,19,48,1.07,4.42,False
1894,173,5,2,Food & Beverage,Alexandria / Abdel Salam Aref St.,300,120000,400,100,141,1.07,4.14,False
1895,173,5,3,Food & Beverage,Alexandria / Abdel Salam Aref St.,300,120000,400,100,141,1.07,4.14,False
1896,173,5,4,Food & Beverage,Alexandria / Abdel Salam Aref St.,300,120000,400,100,141,1.07,4.14,False
1897,173,5,5,Food & Beverage,Alexandria / Abdel Salam Aref St.,300,120000,400,100,141,1.07,4.14,False
1898,173,5,6,Health & Fitness,Alexandria / Abdel Salam Aref St.,300,120000,400,1,1,1.07,9.7,True
1899,173,5,7,Healthcare,Alexandria / Abdel Salam Aref St.,300,120000,400,42,74,1.07,4.27,False
1900,173,5,8,Healthcare,Alexandria / Abdel Salam Aref St.,300,120000,400,42,74,1.07,4.27,False
1901,173,5,9,Retail,Alexandria / Abdel Salam Aref St.,300,120000,400,164,173,1.07,4.12,False
1902,173,5,10,Retail,Alexandria / Abdel Salam Aref St.,300,120000,400,164,173,1.07,4.12,False
1903,173,5,11,Tourism & Hospitality,Alexandria / Abdel Salam Aref St.,300,120000,400,20,29,1.07,4.69,False
1904,174,26,1,Financial Services,Alexandria / Ademon Fremon St.,825,412500,500,23,50,1,4.28,False
1905,174,26,2,Food & Beverage,Alexandria / Ademon Fremon St.,825,412500,500,50,151,1,4.09,False
1906,174,26,3,Food & Beverage,Alexandria / Ademon Fremon St.,825,412500,500,50,151,1,4.09,False
1907,174,26,4,Food & Beverage,Alexandria / Ademon Fremon St.,825,412500,500,50,151,1,4.09,False
1908,174,26,5,Food & Beverage,Alexandria / Ademon Fremon St.,825,412500,500,50,151,1,4.09,False
1909,174,26,6,Health & Fitness,Alexandria / Ademon Fremon St.,825,412500,500,1,3,1,9.7,True
1910,174,26,7,Healthcare,Alexandria / Ademon Fremon St.,825,412500,500,33,71,1,4.2,False
1911,174,26,8,Healthcare,Alexandria / Ademon Fremon St.,825,412500,500,33,71,1,4.2,False
1912,174,26,9,Retail,Alexandria / Ademon Fremon St.,825,412500,500,48,174,1,4.08,False
1913,174,26,10,Retail,Alexandria / Ademon Fremon St.,825,412500,500,48,174,1,4.08,False
1914,174,26,11,Tourism & Hospitality,Alexandria / Ademon Fremon St.,825,412500,500,0,27,1,7.52,True
1915,175,13,1,Financial Services,Alexandria / Al Agamy,100,12000,120,0,0,0.77,9.09,True
1916,175,13,2,Food & Beverage,Alexandria / Al Agamy,100,12000,120,0,0,0.77,9.09,True
1917,175,13,3,Food & Beverage,Alexandria / Al Agamy,100,12000,120,0,0,0.77,9.09,True
1918,175,13,4,Food & Beverage,Alexandria / Al Agamy,100,12000,120,0,0,0.77,9.09,True
1919,175,13,5,Food & Beverage,Alexandria / Al Agamy,100,12000,120,0,0,0.77,9.09,True
1920,175,13,6,Health & Fitness,Alexandria / Al Agamy,100,12000,120,0,0,0.77,9.09,True
1921,175,13,7,Healthcare,Alexandria / Al Agamy,100,12000,120,1,1,0.77,8.79,True
1922,175,13,8,Healthcare,Alexandria / Al Agamy,100,12000,120,1,1,0.77,8.79,True
1923,175,13,9,Retail,Alexandria / Al Agamy,100,12000,120,0,0,0.77,9.09,True
1924,175,13,10,Retail,Alexandria / Al Agamy,100,12000,120,0,0,0.77,9.09,True
1925,175,13,11,Tourism & Hospitality,Alexandria / Al Agamy,100,12000,120,0,0,0.77,9.09,True
1926,176,20,1,Financial Services,Alexandria / Al Moaaskar Al Romani St.,56,25000,446.43,0,0,1.11,10,True
1927,176,20,2,Food & Beverage,Alexandria / Al Moaaskar Al Romani St.,56,25000,446.43,0,3,1.11,10,True
1928,176,20,3,Food & Beverage,Alexandria / Al Moaaskar Al Romani St.,56,25000,446.43,0,3,1.11,10,True
1929,176,20,4,Food & Beverage,Alexandria / Al Moaaskar Al Romani St.,56,25000,446.43,0,3,1.11,10,True
1930,176,20,5,Food & Beverage,Alexandria / Al Moaaskar Al Romani St.,56,25000,446.43,0,3,1.11,10,True
1931,176,20,6,Health & Fitness,Alexandria / Al Moaaskar Al Romani St.,56,25000,446.43,0,0,1.11,10,True
1932,176,20,7,Healthcare,Alexandria / Al Moaaskar Al Romani St.,56,25000,446.43,6,11,1.11,7.2,True
1933,176,20,8,Healthcare,Alexandria / Al Moaaskar Al Romani St.,56,25000,446.43,6,11,1.11,7.2,True
1934,176,20,9,Retail,Alexandria / Al Moaaskar Al Romani St.,56,25000,446.43,0,1,1.11,10,True
1935,176,20,10,Retail,Alexandria / Al Moaaskar Al Romani St.,56,25000,446.43,0,1,1.11,10,True
1936,176,20,11,Tourism & Hospitality,Alexandria / Al Moaaskar Al Romani St.,56,25000,446.43,0,0,1.11,10,True
1937,177,20,1,Financial Services,Alexandria / Al Moaaskar Al Romani St.,185,150000,810.81,0,0,0.79,9.15,True
1938,177,20,2,Food & Beverage,Alexandria / Al Moaaskar Al Romani St.,185,150000,810.81,0,3,0.79,9.15,True
1939,177,20,3,Food & Beverage,Alexandria / Al Moaaskar Al Romani St.,185,150000,810.81,0,3,0.79,9.15,True
1940,177,20,4,Food & Beverage,Alexandria / Al Moaaskar Al Romani St.,185,150000,810.81,0,3,0.79,9.15,True
1941,177,20,5,Food & Beverage,Alexandria / Al Moaaskar Al Romani St.,185,150000,810.81,0,3,0.79,9.15,True
1942,177,20,6,Health & Fitness,Alexandria / Al Moaaskar Al Romani St.,185,150000,810.81,0,0,0.79,9.15,True
1943,177,20,7,Healthcare,Alexandria / Al Moaaskar Al Romani St.,185,150000,810.81,6,11,0.79,6.35,True
1944,177,20,8,Healthcare,Alexandria / Al Moaaskar Al Romani St.,185,150000,810.81,6,11,0.79,6.35,True
1945,177,20,9,Retail,Alexandria / Al Moaaskar Al Romani St.,185,150000,810.81,0,1,0.79,9.15,True
1946,177,20,10,Retail,Alexandria / Al Moaaskar Al Romani St.,185,150000,810.81,0,1,0.79,9.15,True
1947,177,20,11,Tourism & Hospitality,Alexandria / Al Moaaskar Al Romani St.,185,150000,810.81,0,0,0.79,9.15,True
1948,178,16,1,Financial Services,Alexandria / El Azarita,100,50000,500,9,43,1.17,4.77,False
1949,178,16,2,Food & Beverage,Alexandria / El Azarita,100,50000,500,30,132,1.17,4.15,False
1950,178,16,3,Food & Beverage,Alexandria / El Azarita,100,50000,500,30,132,1.17,4.15,False
1951,178,16,4,Food & Beverage,Alexandria / El Azarita,100,50000,500,30,132,1.17,4.15,False
1952,178,16,5,Food & Beverage,Alexandria / El Azarita,100,50000,500,30,132,1.17,4.15,False
1953,178,16,6,Health & Fitness,Alexandria / El Azarita,100,50000,500,0,2,1.17,10,True
1954,178,16,7,Healthcare,Alexandria / El Azarita,100,50000,500,29,66,1.17,4.3,False
1955,178,16,8,Healthcare,Alexandria / El Azarita,100,50000,500,29,66,1.17,4.3,False
1956,178,16,9,Retail,Alexandria / El Azarita,100,50000,500,22,169,1.17,4.12,False
1957,178,16,10,Retail,Alexandria / El Azarita,100,50000,500,22,169,1.17,4.12,False
1958,178,16,11,Tourism & Hospitality,Alexandria / El Azarita,100,50000,500,0,19,1.17,8.05,True
1959,179,43,1,Financial Services,Alexandria / El Gaish Road,160,80000,500,0,0,0.58,8.32,True
1960,179,43,2,Food & Beverage,Alexandria / El Gaish Road,160,80000,500,0,0,0.58,8.32,True
1961,179,43,3,Food & Beverage,Alexandria / El Gaish Road,160,80000,500,0,0,0.58,8.32,True
1962,179,43,4,Food & Beverage,Alexandria / El Gaish Road,160,80000,500,0,0,0.58,8.32,True
1963,179,43,5,Food & Beverage,Alexandria / El Gaish Road,160,80000,500,0,0,0.58,8.32,True
1964,179,43,6,Health & Fitness,Alexandria / El Gaish Road,160,80000,500,0,0,0.58,8.32,True
1965,179,43,7,Healthcare,Alexandria / El Gaish Road,160,80000,500,2,2,0.58,7.72,True
1966,179,43,8,Healthcare,Alexandria / El Gaish Road,160,80000,500,2,2,0.58,7.72,True
1967,179,43,9,Retail,Alexandria / El Gaish Road,160,80000,500,0,0,0.58,8.32,True
1968,179,43,10,Retail,Alexandria / El Gaish Road,160,80000,500,0,0,0.58,8.32,True
1969,179,43,11,Tourism & Hospitality,Alexandria / El Gaish Road,160,80000,500,0,0,0.58,8.32,True
1970,180,43,1,Financial Services,Alexandria / El Gaish Road,125,120000,960,0,0,0,6,True
1971,180,43,2,Food & Beverage,Alexandria / El Gaish Road,125,120000,960,0,0,0,6,True
1972,180,43,3,Food & Beverage,Alexandria / El Gaish Road,125,120000,960,0,0,0,6,True
1973,180,43,4,Food & Beverage,Alexandria / El Gaish Road,125,120000,960,0,0,0,6,True
1974,180,43,5,Food & Beverage,Alexandria / El Gaish Road,125,120000,960,0,0,0,6,True
1975,180,43,6,Health & Fitness,Alexandria / El Gaish Road,125,120000,960,0,0,0,6,True
1976,180,43,7,Healthcare,Alexandria / El Gaish Road,125,120000,960,2,2,0,5.4,False
1977,180,43,8,Healthcare,Alexandria / El Gaish Road,125,120000,960,2,2,0,5.4,False
1978,180,43,9,Retail,Alexandria / El Gaish Road,125,120000,960,0,0,0,6,True
1979,180,43,10,Retail,Alexandria / El Gaish Road,125,120000,960,0,0,0,6,True
1980,180,43,11,Tourism & Hospitality,Alexandria / El Gaish Road,125,120000,960,0,0,0,6,True
1981,181,43,1,Financial Services,Alexandria / El Gaish Road,115,25000,217.39,0,0,1.1,10,True
1982,181,43,2,Food & Beverage,Alexandria / El Gaish Road,115,25000,217.39,0,0,1.1,10,True
1983,181,43,3,Food & Beverage,Alexandria / El Gaish Road,115,25000,217.39,0,0,1.1,10,True
1984,181,43,4,Food & Beverage,Alexandria / El Gaish Road,115,25000,217.39,0,0,1.1,10,True
1985,181,43,5,Food & Beverage,Alexandria / El Gaish Road,115,25000,217.39,0,0,1.1,10,True
1986,181,43,6,Health & Fitness,Alexandria / El Gaish Road,115,25000,217.39,0,0,1.1,10,True
1987,181,43,7,Healthcare,Alexandria / El Gaish Road,115,25000,217.39,2,2,1.1,9.4,True
1988,181,43,8,Healthcare,Alexandria / El Gaish Road,115,25000,217.39,2,2,1.1,9.4,True
1989,181,43,9,Retail,Alexandria / El Gaish Road,115,25000,217.39,0,0,1.1,10,True
1990,181,43,10,Retail,Alexandria / El Gaish Road,115,25000,217.39,0,0,1.1,10,True
1991,181,43,11,Tourism & Hospitality,Alexandria / El Gaish Road,115,25000,217.39,0,0,1.1,10,True
1992,182,43,1,Financial Services,Alexandria / El Geish Rd.,470,350000,744.68,0,0,0.13,6.52,True
1993,182,43,2,Food & Beverage,Alexandria / El Geish Rd.,470,350000,744.68,0,0,0.13,6.52,True
1994,182,43,3,Food & Beverage,Alexandria / El Geish Rd.,470,350000,744.68,0,0,0.13,6.52,True
1995,182,43,4,Food & Beverage,Alexandria / El Geish Rd.,470,350000,744.68,0,0,0.13,6.52,True
1996,182,43,5,Food & Beverage,Alexandria / El Geish Rd.,470,350000,744.68,0,0,0.13,6.52,True
1997,182,43,6,Health & Fitness,Alexandria / El Geish Rd.,470,350000,744.68,0,0,0.13,6.52,True
1998,182,43,7,Healthcare,Alexandria / El Geish Rd.,470,350000,744.68,2,2,0.13,5.92,False
1999,182,43,8,Healthcare,Alexandria / El Geish Rd.,470,350000,744.68,2,2,0.13,5.92,False
2000,182,43,9,Retail,Alexandria / El Geish Rd.,470,350000,744.68,0,0,0.13,6.52,True
2001,182,43,10,Retail,Alexandria / El Geish Rd.,470,350000,744.68,0,0,0.13,6.52,True
2002,182,43,11,Tourism & Hospitality,Alexandria / El Geish Rd.,470,350000,744.68,0,0,0.13,6.52,True
2003,183,43,1,Financial Services,Alexandria / El Geish Rd.,60,30000,500,0,0,0.58,8.32,True
2004,183,43,2,Food & Beverage,Alexandria / El Geish Rd.,60,30000,500,0,0,0.58,8.32,True
2005,183,43,3,Food & Beverage,Alexandria / El Geish Rd.,60,30000,500,0,0,0.58,8.32,True
2006,183,43,4,Food & Beverage,Alexandria / El Geish Rd.,60,30000,500,0,0,0.58,8.32,True
2007,183,43,5,Food & Beverage,Alexandria / El Geish Rd.,60,30000,500,0,0,0.58,8.32,True
2008,183,43,6,Health & Fitness,Alexandria / El Geish Rd.,60,30000,500,0,0,0.58,8.32,True
2009,183,43,7,Healthcare,Alexandria / El Geish Rd.,60,30000,500,2,2,0.58,7.72,True
2010,183,43,8,Healthcare,Alexandria / El Geish Rd.,60,30000,500,2,2,0.58,7.72,True
2011,183,43,9,Retail,Alexandria / El Geish Rd.,60,30000,500,0,0,0.58,8.32,True
2012,183,43,10,Retail,Alexandria / El Geish Rd.,60,30000,500,0,0,0.58,8.32,True
2013,183,43,11,Tourism & Hospitality,Alexandria / El Geish Rd.,60,30000,500,0,0,0.58,8.32,True
2014,184,43,1,Financial Services,Alexandria / El-Gaish Rd,60,19000,316.67,0,0,0.92,9.67,True
2015,184,43,2,Food & Beverage,Alexandria / El-Gaish Rd,60,19000,316.67,0,0,0.92,9.67,True
2016,184,43,3,Food & Beverage,Alexandria / El-Gaish Rd,60,19000,316.67,0,0,0.92,9.67,True
2017,184,43,4,Food & Beverage,Alexandria / El-Gaish Rd,60,19000,316.67,0,0,0.92,9.67,True
2018,184,43,5,Food & Beverage,Alexandria / El-Gaish Rd,60,19000,316.67,0,0,0.92,9.67,True
2019,184,43,6,Health & Fitness,Alexandria / El-Gaish Rd,60,19000,316.67,0,0,0.92,9.67,True
2020,184,43,7,Healthcare,Alexandria / El-Gaish Rd,60,19000,316.67,2,2,0.92,9.07,True
2021,184,43,8,Healthcare,Alexandria / El-Gaish Rd,60,19000,316.67,2,2,0.92,9.07,True
2022,184,43,9,Retail,Alexandria / El-Gaish Rd,60,19000,316.67,0,0,0.92,9.67,True
2023,184,43,10,Retail,Alexandria / El-Gaish Rd,60,19000,316.67,0,0,0.92,9.67,True
2024,184,43,11,Tourism & Hospitality,Alexandria / El-Gaish Rd,60,19000,316.67,0,0,0.92,9.67,True
2025,185,43,1,Financial Services,Alexandria / Gamal Abd El Nasir St,100,13000,130,0,0,1.26,10,True
2026,185,43,2,Food & Beverage,Alexandria / Gamal Abd El Nasir St,100,13000,130,0,0,1.26,10,True
2027,185,43,3,Food & Beverage,Alexandria / Gamal Abd El Nasir St,100,13000,130,0,0,1.26,10,True
2028,185,43,4,Food & Beverage,Alexandria / Gamal Abd El Nasir St,100,13000,130,0,0,1.26,10,True
2029,185,43,5,Food & Beverage,Alexandria / Gamal Abd El Nasir St,100,13000,130,0,0,1.26,10,True
2030,185,43,6,Health & Fitness,Alexandria / Gamal Abd El Nasir St,100,13000,130,0,0,1.26,10,True
2031,185,43,7,Healthcare,Alexandria / Gamal Abd El Nasir St,100,13000,130,2,2,1.26,9.4,True
2032,185,43,8,Healthcare,Alexandria / Gamal Abd El Nasir St,100,13000,130,2,2,1.26,9.4,True
2033,185,43,9,Retail,Alexandria / Gamal Abd El Nasir St,100,13000,130,0,0,1.26,10,True
2034,185,43,10,Retail,Alexandria / Gamal Abd El Nasir St,100,13000,130,0,0,1.26,10,True
2035,185,43,11,Tourism & Hospitality,Alexandria / Gamal Abd El Nasir St,100,13000,130,0,0,1.26,10,True
2036,186,43,1,Financial Services,Alexandria / Gamal Abd El Nasir St,600,300000,500,0,0,0.58,8.32,True
2037,186,43,2,Food & Beverage,Alexandria / Gamal Abd El Nasir St,600,300000,500,0,0,0.58,8.32,True
2038,186,43,3,Food & Beverage,Alexandria / Gamal Abd El Nasir St,600,300000,500,0,0,0.58,8.32,True
2039,186,43,4,Food & Beverage,Alexandria / Gamal Abd El Nasir St,600,300000,500,0,0,0.58,8.32,True
2040,186,43,5,Food & Beverage,Alexandria / Gamal Abd El Nasir St,600,300000,500,0,0,0.58,8.32,True
2041,186,43,6,Health & Fitness,Alexandria / Gamal Abd El Nasir St,600,300000,500,0,0,0.58,8.32,True
2042,186,43,7,Healthcare,Alexandria / Gamal Abd El Nasir St,600,300000,500,2,2,0.58,7.72,True
2043,186,43,8,Healthcare,Alexandria / Gamal Abd El Nasir St,600,300000,500,2,2,0.58,7.72,True
2044,186,43,9,Retail,Alexandria / Gamal Abd El Nasir St,600,300000,500,0,0,0.58,8.32,True
2045,186,43,10,Retail,Alexandria / Gamal Abd El Nasir St,600,300000,500,0,0,0.58,8.32,True
2046,186,43,11,Tourism & Hospitality,Alexandria / Gamal Abd El Nasir St,600,300000,500,0,0,0.58,8.32,True
2047,187,43,1,Financial Services,Alexandria / Gamal Abd El Nasir St,135,15000,111.11,0,0,1.3,10,True
2048,187,43,2,Food & Beverage,Alexandria / Gamal Abd El Nasir St,135,15000,111.11,0,0,1.3,10,True
2049,187,43,3,Food & Beverage,Alexandria / Gamal Abd El Nasir St,135,15000,111.11,0,0,1.3,10,True
2050,187,43,4,Food & Beverage,Alexandria / Gamal Abd El Nasir St,135,15000,111.11,0,0,1.3,10,True
2051,187,43,5,Food & Beverage,Alexandria / Gamal Abd El Nasir St,135,15000,111.11,0,0,1.3,10,True
2052,187,43,6,Health & Fitness,Alexandria / Gamal Abd El Nasir St,135,15000,111.11,0,0,1.3,10,True
2053,187,43,7,Healthcare,Alexandria / Gamal Abd El Nasir St,135,15000,111.11,2,2,1.3,9.4,True
2054,187,43,8,Healthcare,Alexandria / Gamal Abd El Nasir St,135,15000,111.11,2,2,1.3,9.4,True
2055,187,43,9,Retail,Alexandria / Gamal Abd El Nasir St,135,15000,111.11,0,0,1.3,10,True
2056,187,43,10,Retail,Alexandria / Gamal Abd El Nasir St,135,15000,111.11,0,0,1.3,10,True
2057,187,43,11,Tourism & Hospitality,Alexandria / Gamal Abd El Nasir St,135,15000,111.11,0,0,1.3,10,True
2058,188,43,1,Financial Services,Alexandria / Gamal Abd El Nasir St,100,12000,120,0,0,1.28,10,True
2059,188,43,2,Food & Beverage,Alexandria / Gamal Abd El Nasir St,100,12000,120,0,0,1.28,10,True
2060,188,43,3,Food & Beverage,Alexandria / Gamal Abd El Nasir St,100,12000,120,0,0,1.28,10,True
2061,188,43,4,Food & Beverage,Alexandria / Gamal Abd El Nasir St,100,12000,120,0,0,1.28,10,True
2062,188,43,5,Food & Beverage,Alexandria / Gamal Abd El Nasir St,100,12000,120,0,0,1.28,10,True
2063,188,43,6,Health & Fitness,Alexandria / Gamal Abd El Nasir St,100,12000,120,0,0,1.28,10,True
2064,188,43,7,Healthcare,Alexandria / Gamal Abd El Nasir St,100,12000,120,2,2,1.28,9.4,True
2065,188,43,8,Healthcare,Alexandria / Gamal Abd El Nasir St,100,12000,120,2,2,1.28,9.4,True
2066,188,43,9,Retail,Alexandria / Gamal Abd El Nasir St,100,12000,120,0,0,1.28,10,True
2067,188,43,10,Retail,Alexandria / Gamal Abd El Nasir St,100,12000,120,0,0,1.28,10,True
2068,188,43,11,Tourism & Hospitality,Alexandria / Gamal Abd El Nasir St,100,12000,120,0,0,1.28,10,True
2069,189,43,1,Financial Services,Alexandria / Gamal Abd El Nasir St,180,35000,194.44,0,0,1.14,10,True
2070,189,43,2,Food & Beverage,Alexandria / Gamal Abd El Nasir St,180,35000,194.44,0,0,1.14,10,True
2071,189,43,3,Food & Beverage,Alexandria / Gamal Abd El Nasir St,180,35000,194.44,0,0,1.14,10,True
2072,189,43,4,Food & Beverage,Alexandria / Gamal Abd El Nasir St,180,35000,194.44,0,0,1.14,10,True
2073,189,43,5,Food & Beverage,Alexandria / Gamal Abd El Nasir St,180,35000,194.44,0,0,1.14,10,True
2074,189,43,6,Health & Fitness,Alexandria / Gamal Abd El Nasir St,180,35000,194.44,0,0,1.14,10,True
2075,189,43,7,Healthcare,Alexandria / Gamal Abd El Nasir St,180,35000,194.44,2,2,1.14,9.4,True
2076,189,43,8,Healthcare,Alexandria / Gamal Abd El Nasir St,180,35000,194.44,2,2,1.14,9.4,True
2077,189,43,9,Retail,Alexandria / Gamal Abd El Nasir St,180,35000,194.44,0,0,1.14,10,True
2078,189,43,10,Retail,Alexandria / Gamal Abd El Nasir St,180,35000,194.44,0,0,1.14,10,True
2079,189,43,11,Tourism & Hospitality,Alexandria / Gamal Abd El Nasir St,180,35000,194.44,0,0,1.14,10,True
2080,190,43,1,Financial Services,Alexandria / Gamal Abd El Nasir St,150,20000,133.33,0,0,1.25,10,True
2081,190,43,2,Food & Beverage,Alexandria / Gamal Abd El Nasir St,150,20000,133.33,0,0,1.25,10,True
2082,190,43,3,Food & Beverage,Alexandria / Gamal Abd El Nasir St,150,20000,133.33,0,0,1.25,10,True
2083,190,43,4,Food & Beverage,Alexandria / Gamal Abd El Nasir St,150,20000,133.33,0,0,1.25,10,True
2084,190,43,5,Food & Beverage,Alexandria / Gamal Abd El Nasir St,150,20000,133.33,0,0,1.25,10,True
2085,190,43,6,Health & Fitness,Alexandria / Gamal Abd El Nasir St,150,20000,133.33,0,0,1.25,10,True
2086,190,43,7,Healthcare,Alexandria / Gamal Abd El Nasir St,150,20000,133.33,2,2,1.25,9.4,True
2087,190,43,8,Healthcare,Alexandria / Gamal Abd El Nasir St,150,20000,133.33,2,2,1.25,9.4,True
2088,190,43,9,Retail,Alexandria / Gamal Abd El Nasir St,150,20000,133.33,0,0,1.25,10,True
2089,190,43,10,Retail,Alexandria / Gamal Abd El Nasir St,150,20000,133.33,0,0,1.25,10,True
2090,190,43,11,Tourism & Hospitality,Alexandria / Gamal Abd El Nasir St,150,20000,133.33,0,0,1.25,10,True
2091,191,43,1,Financial Services,Alexandria / Gamal Abd El Nasir St,50,10000,200,0,0,1.13,10,True
2092,191,43,2,Food & Beverage,Alexandria / Gamal Abd El Nasir St,50,10000,200,0,0,1.13,10,True
2093,191,43,3,Food & Beverage,Alexandria / Gamal Abd El Nasir St,50,10000,200,0,0,1.13,10,True
2094,191,43,4,Food & Beverage,Alexandria / Gamal Abd El Nasir St,50,10000,200,0,0,1.13,10,True
2095,191,43,5,Food & Beverage,Alexandria / Gamal Abd El Nasir St,50,10000,200,0,0,1.13,10,True
2096,191,43,6,Health & Fitness,Alexandria / Gamal Abd El Nasir St,50,10000,200,0,0,1.13,10,True
2097,191,43,7,Healthcare,Alexandria / Gamal Abd El Nasir St,50,10000,200,2,2,1.13,9.4,True
2098,191,43,8,Healthcare,Alexandria / Gamal Abd El Nasir St,50,10000,200,2,2,1.13,9.4,True
2099,191,43,9,Retail,Alexandria / Gamal Abd El Nasir St,50,10000,200,0,0,1.13,10,True
2100,191,43,10,Retail,Alexandria / Gamal Abd El Nasir St,50,10000,200,0,0,1.13,10,True
2101,191,43,11,Tourism & Hospitality,Alexandria / Gamal Abd El Nasir St,50,10000,200,0,0,1.13,10,True
2102,192,43,1,Financial Services,Alexandria / Gamal Abdel Nasser St.,240,90000,375,0,0,0.81,9.24,True
2103,192,43,2,Food & Beverage,Alexandria / Gamal Abdel Nasser St.,240,90000,375,0,0,0.81,9.24,True
2104,192,43,3,Food & Beverage,Alexandria / Gamal Abdel Nasser St.,240,90000,375,0,0,0.81,9.24,True
2105,192,43,4,Food & Beverage,Alexandria / Gamal Abdel Nasser St.,240,90000,375,0,0,0.81,9.24,True
2106,192,43,5,Food & Beverage,Alexandria / Gamal Abdel Nasser St.,240,90000,375,0,0,0.81,9.24,True
2107,192,43,6,Health & Fitness,Alexandria / Gamal Abdel Nasser St.,240,90000,375,0,0,0.81,9.24,True
2108,192,43,7,Healthcare,Alexandria / Gamal Abdel Nasser St.,240,90000,375,2,2,0.81,8.64,True
2109,192,43,8,Healthcare,Alexandria / Gamal Abdel Nasser St.,240,90000,375,2,2,0.81,8.64,True
2110,192,43,9,Retail,Alexandria / Gamal Abdel Nasser St.,240,90000,375,0,0,0.81,9.24,True
2111,192,43,10,Retail,Alexandria / Gamal Abdel Nasser St.,240,90000,375,0,0,0.81,9.24,True
2112,192,43,11,Tourism & Hospitality,Alexandria / Gamal Abdel Nasser St.,240,90000,375,0,0,0.81,9.24,True
2113,193,43,1,Financial Services,Alexandria / Gamal Abdel Nasser St.,100,25000,250,0,0,1.04,10,True
2114,193,43,2,Food & Beverage,Alexandria / Gamal Abdel Nasser St.,100,25000,250,0,0,1.04,10,True
2115,193,43,3,Food & Beverage,Alexandria / Gamal Abdel Nasser St.,100,25000,250,0,0,1.04,10,True
2116,193,43,4,Food & Beverage,Alexandria / Gamal Abdel Nasser St.,100,25000,250,0,0,1.04,10,True
2117,193,43,5,Food & Beverage,Alexandria / Gamal Abdel Nasser St.,100,25000,250,0,0,1.04,10,True
2118,193,43,6,Health & Fitness,Alexandria / Gamal Abdel Nasser St.,100,25000,250,0,0,1.04,10,True
2119,193,43,7,Healthcare,Alexandria / Gamal Abdel Nasser St.,100,25000,250,2,2,1.04,9.4,True
2120,193,43,8,Healthcare,Alexandria / Gamal Abdel Nasser St.,100,25000,250,2,2,1.04,9.4,True
2121,193,43,9,Retail,Alexandria / Gamal Abdel Nasser St.,100,25000,250,0,0,1.04,10,True
2122,193,43,10,Retail,Alexandria / Gamal Abdel Nasser St.,100,25000,250,0,0,1.04,10,True
2123,193,43,11,Tourism & Hospitality,Alexandria / Gamal Abdel Nasser St.,100,25000,250,0,0,1.04,10,True
2124,194,43,1,Financial Services,Alexandria / Gamal Abdel Nasser St.,150,17000,113.33,0,0,1.29,10,True
2125,194,43,2,Food & Beverage,Alexandria / Gamal Abdel Nasser St.,150,17000,113.33,0,0,1.29,10,True
2126,194,43,3,Food & Beverage,Alexandria / Gamal Abdel Nasser St.,150,17000,113.33,0,0,1.29,10,True
2127,194,43,4,Food & Beverage,Alexandria / Gamal Abdel Nasser St.,150,17000,113.33,0,0,1.29,10,True
2128,194,43,5,Food & Beverage,Alexandria / Gamal Abdel Nasser St.,150,17000,113.33,0,0,1.29,10,True
2129,194,43,6,Health & Fitness,Alexandria / Gamal Abdel Nasser St.,150,17000,113.33,0,0,1.29,10,True
2130,194,43,7,Healthcare,Alexandria / Gamal Abdel Nasser St.,150,17000,113.33,2,2,1.29,9.4,True
2131,194,43,8,Healthcare,Alexandria / Gamal Abdel Nasser St.,150,17000,113.33,2,2,1.29,9.4,True
2132,194,43,9,Retail,Alexandria / Gamal Abdel Nasser St.,150,17000,113.33,0,0,1.29,10,True
2133,194,43,10,Retail,Alexandria / Gamal Abdel Nasser St.,150,17000,113.33,0,0,1.29,10,True
2134,194,43,11,Tourism & Hospitality,Alexandria / Gamal Abdel Nasser St.,150,17000,113.33,0,0,1.29,10,True
2135,195,43,1,Financial Services,Alexandria / Gamal Abdel Nasser St.,100,10000,100,0,0,1.32,10,True
2136,195,43,2,Food & Beverage,Alexandria / Gamal Abdel Nasser St.,100,10000,100,0,0,1.32,10,True
2137,195,43,3,Food & Beverage,Alexandria / Gamal Abdel Nasser St.,100,10000,100,0,0,1.32,10,True
2138,195,43,4,Food & Beverage,Alexandria / Gamal Abdel Nasser St.,100,10000,100,0,0,1.32,10,True
2139,195,43,5,Food & Beverage,Alexandria / Gamal Abdel Nasser St.,100,10000,100,0,0,1.32,10,True
2140,195,43,6,Health & Fitness,Alexandria / Gamal Abdel Nasser St.,100,10000,100,0,0,1.32,10,True
2141,195,43,7,Healthcare,Alexandria / Gamal Abdel Nasser St.,100,10000,100,2,2,1.32,9.4,True
2142,195,43,8,Healthcare,Alexandria / Gamal Abdel Nasser St.,100,10000,100,2,2,1.32,9.4,True
2143,195,43,9,Retail,Alexandria / Gamal Abdel Nasser St.,100,10000,100,0,0,1.32,10,True
2144,195,43,10,Retail,Alexandria / Gamal Abdel Nasser St.,100,10000,100,0,0,1.32,10,True
2145,195,43,11,Tourism & Hospitality,Alexandria / Gamal Abdel Nasser St.,100,10000,100,0,0,1.32,10,True
2146,196,43,1,Financial Services,Alexandria / Gamal Abdel Nasser St.,60,25000,416.67,0,0,0.73,8.93,True
2147,196,43,2,Food & Beverage,Alexandria / Gamal Abdel Nasser St.,60,25000,416.67,0,0,0.73,8.93,True
2148,196,43,3,Food & Beverage,Alexandria / Gamal Abdel Nasser St.,60,25000,416.67,0,0,0.73,8.93,True
2149,196,43,4,Food & Beverage,Alexandria / Gamal Abdel Nasser St.,60,25000,416.67,0,0,0.73,8.93,True
2150,196,43,5,Food & Beverage,Alexandria / Gamal Abdel Nasser St.,60,25000,416.67,0,0,0.73,8.93,True
2151,196,43,6,Health & Fitness,Alexandria / Gamal Abdel Nasser St.,60,25000,416.67,0,0,0.73,8.93,True
2152,196,43,7,Healthcare,Alexandria / Gamal Abdel Nasser St.,60,25000,416.67,2,2,0.73,8.33,True
2153,196,43,8,Healthcare,Alexandria / Gamal Abdel Nasser St.,60,25000,416.67,2,2,0.73,8.33,True
2154,196,43,9,Retail,Alexandria / Gamal Abdel Nasser St.,60,25000,416.67,0,0,0.73,8.93,True
2155,196,43,10,Retail,Alexandria / Gamal Abdel Nasser St.,60,25000,416.67,0,0,0.73,8.93,True
2156,196,43,11,Tourism & Hospitality,Alexandria / Gamal Abdel Nasser St.,60,25000,416.67,0,0,0.73,8.93,True
2157,197,43,1,Financial Services,Alexandria / Gamal Abdel Nasser St.,65,10500,161.54,0,0,1.2,10,True
2158,197,43,2,Food & Beverage,Alexandria / Gamal Abdel Nasser St.,65,10500,161.54,0,0,1.2,10,True
2159,197,43,3,Food & Beverage,Alexandria / Gamal Abdel Nasser St.,65,10500,161.54,0,0,1.2,10,True
2160,197,43,4,Food & Beverage,Alexandria / Gamal Abdel Nasser St.,65,10500,161.54,0,0,1.2,10,True
2161,197,43,5,Food & Beverage,Alexandria / Gamal Abdel Nasser St.,65,10500,161.54,0,0,1.2,10,True
2162,197,43,6,Health & Fitness,Alexandria / Gamal Abdel Nasser St.,65,10500,161.54,0,0,1.2,10,True
2163,197,43,7,Healthcare,Alexandria / Gamal Abdel Nasser St.,65,10500,161.54,2,2,1.2,9.4,True
2164,197,43,8,Healthcare,Alexandria / Gamal Abdel Nasser St.,65,10500,161.54,2,2,1.2,9.4,True
2165,197,43,9,Retail,Alexandria / Gamal Abdel Nasser St.,65,10500,161.54,0,0,1.2,10,True
2166,197,43,10,Retail,Alexandria / Gamal Abdel Nasser St.,65,10500,161.54,0,0,1.2,10,True
2167,197,43,11,Tourism & Hospitality,Alexandria / Gamal Abdel Nasser St.,65,10500,161.54,0,0,1.2,10,True
2168,198,46,1,Financial Services,Alexandria / Khaled Ibn El Waleed St.,150,30000,200,0,2,1.13,10,True
2169,198,46,2,Food & Beverage,Alexandria / Khaled Ibn El Waleed St.,150,30000,200,0,2,1.13,10,True
2170,198,46,3,Food & Beverage,Alexandria / Khaled Ibn El Waleed St.,150,30000,200,0,2,1.13,10,True
2171,198,46,4,Food & Beverage,Alexandria / Khaled Ibn El Waleed St.,150,30000,200,0,2,1.13,10,True
2172,198,46,5,Food & Beverage,Alexandria / Khaled Ibn El Waleed St.,150,30000,200,0,2,1.13,10,True
2173,198,46,6,Health & Fitness,Alexandria / Khaled Ibn El Waleed St.,150,30000,200,1,2,1.13,9.7,True
2174,198,46,7,Healthcare,Alexandria / Khaled Ibn El Waleed St.,150,30000,200,10,14,1.13,4.93,False
2175,198,46,8,Healthcare,Alexandria / Khaled Ibn El Waleed St.,150,30000,200,10,14,1.13,4.93,False
2176,198,46,9,Retail,Alexandria / Khaled Ibn El Waleed St.,150,30000,200,0,0,1.13,10,True
2177,198,46,10,Retail,Alexandria / Khaled Ibn El Waleed St.,150,30000,200,0,0,1.13,10,True
2178,198,46,11,Tourism & Hospitality,Alexandria / Khaled Ibn El Waleed St.,150,30000,200,0,1,1.13,10,True
2179,199,46,1,Financial Services,Alexandria / Khaled Ibn El Waleed St.,200,50000,250,0,2,1.03,10,True
2180,199,46,2,Food & Beverage,Alexandria / Khaled Ibn El Waleed St.,200,50000,250,0,2,1.03,10,True
2181,199,46,3,Food & Beverage,Alexandria / Khaled Ibn El Waleed St.,200,50000,250,0,2,1.03,10,True
2182,199,46,4,Food & Beverage,Alexandria / Khaled Ibn El Waleed St.,200,50000,250,0,2,1.03,10,True
2183,199,46,5,Food & Beverage,Alexandria / Khaled Ibn El Waleed St.,200,50000,250,0,2,1.03,10,True
2184,199,46,6,Health & Fitness,Alexandria / Khaled Ibn El Waleed St.,200,50000,250,1,2,1.03,9.7,True
2185,199,46,7,Healthcare,Alexandria / Khaled Ibn El Waleed St.,200,50000,250,10,14,1.03,4.93,False
2186,199,46,8,Healthcare,Alexandria / Khaled Ibn El Waleed St.,200,50000,250,10,14,1.03,4.93,False
2187,199,46,9,Retail,Alexandria / Khaled Ibn El Waleed St.,200,50000,250,0,0,1.03,10,True
2188,199,46,10,Retail,Alexandria / Khaled Ibn El Waleed St.,200,50000,250,0,0,1.03,10,True
2189,199,46,11,Tourism & Hospitality,Alexandria / Khaled Ibn El Waleed St.,200,50000,250,0,1,1.03,10,True
2190,200,46,1,Financial Services,Alexandria / Khaled Ibn El Waleed St.,148,45000,304.05,0,2,0.93,9.73,True
2191,200,46,2,Food & Beverage,Alexandria / Khaled Ibn El Waleed St.,148,45000,304.05,0,2,0.93,9.73,True
2192,200,46,3,Food & Beverage,Alexandria / Khaled Ibn El Waleed St.,148,45000,304.05,0,2,0.93,9.73,True
2193,200,46,4,Food & Beverage,Alexandria / Khaled Ibn El Waleed St.,148,45000,304.05,0,2,0.93,9.73,True
2194,200,46,5,Food & Beverage,Alexandria / Khaled Ibn El Waleed St.,148,45000,304.05,0,2,0.93,9.73,True
2195,200,46,6,Health & Fitness,Alexandria / Khaled Ibn El Waleed St.,148,45000,304.05,1,2,0.93,9.43,True
2196,200,46,7,Healthcare,Alexandria / Khaled Ibn El Waleed St.,148,45000,304.05,10,14,0.93,4.66,False
2197,200,46,8,Healthcare,Alexandria / Khaled Ibn El Waleed St.,148,45000,304.05,10,14,0.93,4.66,False
2198,200,46,9,Retail,Alexandria / Khaled Ibn El Waleed St.,148,45000,304.05,0,0,0.93,9.73,True
2199,200,46,10,Retail,Alexandria / Khaled Ibn El Waleed St.,148,45000,304.05,0,0,0.93,9.73,True
2200,200,46,11,Tourism & Hospitality,Alexandria / Khaled Ibn El Waleed St.,148,45000,304.05,0,1,0.93,9.73,True
2201,201,22,1,Financial Services,Alexandria / Kornesh El-Maamoura St,140,135000,964.29,0,0,0.57,8.3,True
2202,201,22,2,Food & Beverage,Alexandria / Kornesh El-Maamoura St,140,135000,964.29,0,0,0.57,8.3,True
2203,201,22,3,Food & Beverage,Alexandria / Kornesh El-Maamoura St,140,135000,964.29,0,0,0.57,8.3,True
2204,201,22,4,Food & Beverage,Alexandria / Kornesh El-Maamoura St,140,135000,964.29,0,0,0.57,8.3,True
2205,201,22,5,Food & Beverage,Alexandria / Kornesh El-Maamoura St,140,135000,964.29,0,0,0.57,8.3,True
2206,201,22,6,Health & Fitness,Alexandria / Kornesh El-Maamoura St,140,135000,964.29,0,0,0.57,8.3,True
2207,201,22,7,Healthcare,Alexandria / Kornesh El-Maamoura St,140,135000,964.29,2,2,0.57,7.7,True
2208,201,22,8,Healthcare,Alexandria / Kornesh El-Maamoura St,140,135000,964.29,2,2,0.57,7.7,True
2209,201,22,9,Retail,Alexandria / Kornesh El-Maamoura St,140,135000,964.29,0,0,0.57,8.3,True
2210,201,22,10,Retail,Alexandria / Kornesh El-Maamoura St,140,135000,964.29,0,0,0.57,8.3,True
2211,201,22,11,Tourism & Hospitality,Alexandria / Kornesh El-Maamoura St,140,135000,964.29,3,4,0.57,6.27,True
2212,202,14,1,Financial Services,Alexandria / La Jetee St.,65,20000,307.69,2,2,0.88,8.93,True
2213,202,14,2,Food & Beverage,Alexandria / La Jetee St.,65,20000,307.69,8,24,0.88,4.8,False
2214,202,14,3,Food & Beverage,Alexandria / La Jetee St.,65,20000,307.69,8,24,0.88,4.8,False
2215,202,14,4,Food & Beverage,Alexandria / La Jetee St.,65,20000,307.69,8,24,0.88,4.8,False
2216,202,14,5,Food & Beverage,Alexandria / La Jetee St.,65,20000,307.69,8,24,0.88,4.8,False
2217,202,14,6,Health & Fitness,Alexandria / La Jetee St.,65,20000,307.69,0,0,0.88,9.53,True
2218,202,14,7,Healthcare,Alexandria / La Jetee St.,65,20000,307.69,6,6,0.88,7.4,True
2219,202,14,8,Healthcare,Alexandria / La Jetee St.,65,20000,307.69,6,6,0.88,7.4,True
2220,202,14,9,Retail,Alexandria / La Jetee St.,65,20000,307.69,2,2,0.88,8.93,True
2221,202,14,10,Retail,Alexandria / La Jetee St.,65,20000,307.69,2,2,0.88,8.93,True
2222,202,14,11,Tourism & Hospitality,Alexandria / La Jetee St.,65,20000,307.69,1,1,0.88,9.23,True
2223,203,14,1,Financial Services,Alexandria / La Jetee St.,125,20000,160,2,2,1.18,9.4,True
2224,203,14,2,Food & Beverage,Alexandria / La Jetee St.,125,20000,160,8,24,1.18,5.27,False
2225,203,14,3,Food & Beverage,Alexandria / La Jetee St.,125,20000,160,8,24,1.18,5.27,False
2226,203,14,4,Food & Beverage,Alexandria / La Jetee St.,125,20000,160,8,24,1.18,5.27,False
2227,203,14,5,Food & Beverage,Alexandria / La Jetee St.,125,20000,160,8,24,1.18,5.27,False
2228,203,14,6,Health & Fitness,Alexandria / La Jetee St.,125,20000,160,0,0,1.18,10,True
2229,203,14,7,Healthcare,Alexandria / La Jetee St.,125,20000,160,6,6,1.18,7.87,True
2230,203,14,8,Healthcare,Alexandria / La Jetee St.,125,20000,160,6,6,1.18,7.87,True
2231,203,14,9,Retail,Alexandria / La Jetee St.,125,20000,160,2,2,1.18,9.4,True
2232,203,14,10,Retail,Alexandria / La Jetee St.,125,20000,160,2,2,1.18,9.4,True
2233,203,14,11,Tourism & Hospitality,Alexandria / La Jetee St.,125,20000,160,1,1,1.18,9.7,True
2234,204,38,1,Financial Services,Alexandria / Mohammed Al Eqbal St.,80,20000,250,3,8,1.03,8.22,True
2235,204,38,2,Food & Beverage,Alexandria / Mohammed Al Eqbal St.,80,20000,250,3,11,1.03,7.65,True
2236,204,38,3,Food & Beverage,Alexandria / Mohammed Al Eqbal St.,80,20000,250,3,11,1.03,7.65,True
2237,204,38,4,Food & Beverage,Alexandria / Mohammed Al Eqbal St.,80,20000,250,3,11,1.03,7.65,True
2238,204,38,5,Food & Beverage,Alexandria / Mohammed Al Eqbal St.,80,20000,250,3,11,1.03,7.65,True
2239,204,38,6,Health & Fitness,Alexandria / Mohammed Al Eqbal St.,80,20000,250,0,2,1.03,10,True
2240,204,38,7,Healthcare,Alexandria / Mohammed Al Eqbal St.,80,20000,250,6,8,1.03,7.33,True
2241,204,38,8,Healthcare,Alexandria / Mohammed Al Eqbal St.,80,20000,250,6,8,1.03,7.33,True
2242,204,38,9,Retail,Alexandria / Mohammed Al Eqbal St.,80,20000,250,3,5,1.03,9.1,True
2243,204,38,10,Retail,Alexandria / Mohammed Al Eqbal St.,80,20000,250,3,5,1.03,9.1,True
2244,204,38,11,Tourism & Hospitality,Alexandria / Mohammed Al Eqbal St.,80,20000,250,2,2,1.03,9.4,True
2245,205,20,1,Financial Services,Alexandria / Mohammed Darwish El-Deeb St.,85,120000,1411.76,0,0,0.26,7.04,True
2246,205,20,2,Food & Beverage,Alexandria / Mohammed Darwish El-Deeb St.,85,120000,1411.76,0,3,0.26,7.04,True
2247,205,20,3,Food & Beverage,Alexandria / Mohammed Darwish El-Deeb St.,85,120000,1411.76,0,3,0.26,7.04,True
2248,205,20,4,Food & Beverage,Alexandria / Mohammed Darwish El-Deeb St.,85,120000,1411.76,0,3,0.26,7.04,True
2249,205,20,5,Food & Beverage,Alexandria / Mohammed Darwish El-Deeb St.,85,120000,1411.76,0,3,0.26,7.04,True
2250,205,20,6,Health & Fitness,Alexandria / Mohammed Darwish El-Deeb St.,85,120000,1411.76,0,0,0.26,7.04,True
2251,205,20,7,Healthcare,Alexandria / Mohammed Darwish El-Deeb St.,85,120000,1411.76,6,11,0.26,4.24,False
2252,205,20,8,Healthcare,Alexandria / Mohammed Darwish El-Deeb St.,85,120000,1411.76,6,11,0.26,4.24,False
2253,205,20,9,Retail,Alexandria / Mohammed Darwish El-Deeb St.,85,120000,1411.76,0,1,0.26,7.04,True
2254,205,20,10,Retail,Alexandria / Mohammed Darwish El-Deeb St.,85,120000,1411.76,0,1,0.26,7.04,True
2255,205,20,11,Tourism & Hospitality,Alexandria / Mohammed Darwish El-Deeb St.,85,120000,1411.76,0,0,0.26,7.04,True
2256,206,31,1,Financial Services,Alexandria / Mohammed Fawzi Moaz St.,250,250000,1000,1,8,1,8.95,True
2257,206,31,2,Food & Beverage,Alexandria / Mohammed Fawzi Moaz St.,250,250000,1000,5,22,1,6.32,True
2258,206,31,3,Food & Beverage,Alexandria / Mohammed Fawzi Moaz St.,250,250000,1000,5,22,1,6.32,True
2259,206,31,4,Food & Beverage,Alexandria / Mohammed Fawzi Moaz St.,250,250000,1000,5,22,1,6.32,True
2260,206,31,5,Food & Beverage,Alexandria / Mohammed Fawzi Moaz St.,250,250000,1000,5,22,1,6.32,True
2261,206,31,6,Health & Fitness,Alexandria / Mohammed Fawzi Moaz St.,250,250000,1000,1,1,1,9.7,True
2262,206,31,7,Healthcare,Alexandria / Mohammed Fawzi Moaz St.,250,250000,1000,7,20,1,5.8,False
2263,206,31,8,Healthcare,Alexandria / Mohammed Fawzi Moaz St.,250,250000,1000,7,20,1,5.8,False
2264,206,31,9,Retail,Alexandria / Mohammed Fawzi Moaz St.,250,250000,1000,5,10,1,7.3,True
2265,206,31,10,Retail,Alexandria / Mohammed Fawzi Moaz St.,250,250000,1000,5,10,1,7.3,True
2266,206,31,11,Tourism & Hospitality,Alexandria / Mohammed Fawzi Moaz St.,250,250000,1000,0,3,1,10,True
2267,207,40,1,Financial Services,Alexandria / Mostafa Fahmy St,700,95000,135.71,1,7,1.25,8.41,True
2268,207,40,2,Food & Beverage,Alexandria / Mostafa Fahmy St,700,95000,135.71,2,8,1.25,7.9,True
2269,207,40,3,Food & Beverage,Alexandria / Mostafa Fahmy St,700,95000,135.71,2,8,1.25,7.9,True
2270,207,40,4,Food & Beverage,Alexandria / Mostafa Fahmy St,700,95000,135.71,2,8,1.25,7.9,True
2271,207,40,5,Food & Beverage,Alexandria / Mostafa Fahmy St,700,95000,135.71,2,8,1.25,7.9,True
2272,207,40,6,Health & Fitness,Alexandria / Mostafa Fahmy St,700,95000,135.71,0,1,1.25,10,True
2273,207,40,7,Healthcare,Alexandria / Mostafa Fahmy St,700,95000,135.71,8,17,1.25,5.31,False
2274,207,40,8,Healthcare,Alexandria / Mostafa Fahmy St,700,95000,135.71,8,17,1.25,5.31,False
2275,207,40,9,Retail,Alexandria / Mostafa Fahmy St,700,95000,135.71,1,5,1.25,9.1,True
2276,207,40,10,Retail,Alexandria / Mostafa Fahmy St,700,95000,135.71,1,5,1.25,9.1,True
2277,207,40,11,Tourism & Hospitality,Alexandria / Mostafa Fahmy St,700,95000,135.71,0,2,1.25,10,True
2278,208,20,1,Financial Services,Alexandria / New El Hadra,150,15000,100,0,0,1.41,10,True
2279,208,20,2,Food & Beverage,Alexandria / New El Hadra,150,15000,100,0,3,1.41,10,True
2280,208,20,3,Food & Beverage,Alexandria / New El Hadra,150,15000,100,0,3,1.41,10,True
2281,208,20,4,Food & Beverage,Alexandria / New El Hadra,150,15000,100,0,3,1.41,10,True
2282,208,20,5,Food & Beverage,Alexandria / New El Hadra,150,15000,100,0,3,1.41,10,True
2283,208,20,6,Health & Fitness,Alexandria / New El Hadra,150,15000,100,0,0,1.41,10,True
2284,208,20,7,Healthcare,Alexandria / New El Hadra,150,15000,100,6,11,1.41,7.2,True
2285,208,20,8,Healthcare,Alexandria / New El Hadra,150,15000,100,6,11,1.41,7.2,True
2286,208,20,9,Retail,Alexandria / New El Hadra,150,15000,100,0,1,1.41,10,True
2287,208,20,10,Retail,Alexandria / New El Hadra,150,15000,100,0,1,1.41,10,True
2288,208,20,11,Tourism & Hospitality,Alexandria / New El Hadra,150,15000,100,0,0,1.41,10,True
2289,209,20,1,Financial Services,Alexandria / New El Hadra,150,12000,80,0,0,1.43,10,True
2290,209,20,2,Food & Beverage,Alexandria / New El Hadra,150,12000,80,0,3,1.43,10,True
2291,209,20,3,Food & Beverage,Alexandria / New El Hadra,150,12000,80,0,3,1.43,10,True
2292,209,20,4,Food & Beverage,Alexandria / New El Hadra,150,12000,80,0,3,1.43,10,True
2293,209,20,5,Food & Beverage,Alexandria / New El Hadra,150,12000,80,0,3,1.43,10,True
2294,209,20,6,Health & Fitness,Alexandria / New El Hadra,150,12000,80,0,0,1.43,10,True
2295,209,20,7,Healthcare,Alexandria / New El Hadra,150,12000,80,6,11,1.43,7.2,True
2296,209,20,8,Healthcare,Alexandria / New El Hadra,150,12000,80,6,11,1.43,7.2,True
2297,209,20,9,Retail,Alexandria / New El Hadra,150,12000,80,0,1,1.43,10,True
2298,209,20,10,Retail,Alexandria / New El Hadra,150,12000,80,0,1,1.43,10,True
2299,209,20,11,Tourism & Hospitality,Alexandria / New El Hadra,150,12000,80,0,0,1.43,10,True
2300,210,5,1,Financial Services,Alexandria / Riad St,310,210000,677.42,19,48,0.78,3.54,False
2301,210,5,2,Food & Beverage,Alexandria / Riad St,310,210000,677.42,100,141,0.78,3.26,False
2302,210,5,3,Food & Beverage,Alexandria / Riad St,310,210000,677.42,100,141,0.78,3.26,False
2303,210,5,4,Food & Beverage,Alexandria / Riad St,310,210000,677.42,100,141,0.78,3.26,False
2304,210,5,5,Food & Beverage,Alexandria / Riad St,310,210000,677.42,100,141,0.78,3.26,False
2305,210,5,6,Health & Fitness,Alexandria / Riad St,310,210000,677.42,1,1,0.78,8.82,True
2306,210,5,7,Healthcare,Alexandria / Riad St,310,210000,677.42,42,74,0.78,3.39,False
2307,210,5,8,Healthcare,Alexandria / Riad St,310,210000,677.42,42,74,0.78,3.39,False
2308,210,5,9,Retail,Alexandria / Riad St,310,210000,677.42,164,173,0.78,3.24,False
2309,210,5,10,Retail,Alexandria / Riad St,310,210000,677.42,164,173,0.78,3.24,False
2310,210,5,11,Tourism & Hospitality,Alexandria / Riad St,310,210000,677.42,20,29,0.78,3.81,False
2311,211,40,1,Financial Services,Alexandria / Roushdy Basha St.,60,25000,416.67,1,7,0.75,7.4,True
2312,211,40,2,Food & Beverage,Alexandria / Roushdy Basha St.,60,25000,416.67,2,8,0.75,6.88,True
2313,211,40,3,Food & Beverage,Alexandria / Roushdy Basha St.,60,25000,416.67,2,8,0.75,6.88,True
2314,211,40,4,Food & Beverage,Alexandria / Roushdy Basha St.,60,25000,416.67,2,8,0.75,6.88,True
2315,211,40,5,Food & Beverage,Alexandria / Roushdy Basha St.,60,25000,416.67,2,8,0.75,6.88,True
2316,211,40,6,Health & Fitness,Alexandria / Roushdy Basha St.,60,25000,416.67,0,1,0.75,8.98,True
2317,211,40,7,Healthcare,Alexandria / Roushdy Basha St.,60,25000,416.67,8,17,0.75,4.29,False
2318,211,40,8,Healthcare,Alexandria / Roushdy Basha St.,60,25000,416.67,8,17,0.75,4.29,False
2319,211,40,9,Retail,Alexandria / Roushdy Basha St.,60,25000,416.67,1,5,0.75,8.08,True
2320,211,40,10,Retail,Alexandria / Roushdy Basha St.,60,25000,416.67,1,5,0.75,8.08,True
2321,211,40,11,Tourism & Hospitality,Alexandria / Roushdy Basha St.,60,25000,416.67,0,2,0.75,8.98,True
2322,212,16,1,Financial Services,Alexandria / Saad Zaghloul St.,100,100000,1000,9,43,0.83,4.1,False
2323,212,16,2,Food & Beverage,Alexandria / Saad Zaghloul St.,100,100000,1000,30,132,0.83,3.48,False
2324,212,16,3,Food & Beverage,Alexandria / Saad Zaghloul St.,100,100000,1000,30,132,0.83,3.48,False
2325,212,16,4,Food & Beverage,Alexandria / Saad Zaghloul St.,100,100000,1000,30,132,0.83,3.48,False
2326,212,16,5,Food & Beverage,Alexandria / Saad Zaghloul St.,100,100000,1000,30,132,0.83,3.48,False
2327,212,16,6,Health & Fitness,Alexandria / Saad Zaghloul St.,100,100000,1000,0,2,0.83,9.33,True
2328,212,16,7,Healthcare,Alexandria / Saad Zaghloul St.,100,100000,1000,29,66,0.83,3.64,False
2329,212,16,8,Healthcare,Alexandria / Saad Zaghloul St.,100,100000,1000,29,66,0.83,3.64,False
2330,212,16,9,Retail,Alexandria / Saad Zaghloul St.,100,100000,1000,22,169,0.83,3.45,False
2331,212,16,10,Retail,Alexandria / Saad Zaghloul St.,100,100000,1000,22,169,0.83,3.45,False
2332,212,16,11,Tourism & Hospitality,Alexandria / Saad Zaghloul St.,100,100000,1000,0,19,0.83,7.39,True
2333,213,46,1,Financial Services,Alexandria / Salah Salem St.,183,45000,245.9,0,2,1.04,10,True
2334,213,46,2,Food & Beverage,Alexandria / Salah Salem St.,183,45000,245.9,0,2,1.04,10,True
2335,213,46,3,Food & Beverage,Alexandria / Salah Salem St.,183,45000,245.9,0,2,1.04,10,True
2336,213,46,4,Food & Beverage,Alexandria / Salah Salem St.,183,45000,245.9,0,2,1.04,10,True
2337,213,46,5,Food & Beverage,Alexandria / Salah Salem St.,183,45000,245.9,0,2,1.04,10,True
2338,213,46,6,Health & Fitness,Alexandria / Salah Salem St.,183,45000,245.9,1,2,1.04,9.7,True
2339,213,46,7,Healthcare,Alexandria / Salah Salem St.,183,45000,245.9,10,14,1.04,4.93,False
2340,213,46,8,Healthcare,Alexandria / Salah Salem St.,183,45000,245.9,10,14,1.04,4.93,False
2341,213,46,9,Retail,Alexandria / Salah Salem St.,183,45000,245.9,0,0,1.04,10,True
2342,213,46,10,Retail,Alexandria / Salah Salem St.,183,45000,245.9,0,0,1.04,10,True
2343,213,46,11,Tourism & Hospitality,Alexandria / Salah Salem St.,183,45000,245.9,0,1,1.04,10,True
2344,214,46,1,Financial Services,Alexandria / Salah Salem St.,194,80000,412.37,0,2,0.73,8.92,True
2345,214,46,2,Food & Beverage,Alexandria / Salah Salem St.,194,80000,412.37,0,2,0.73,8.92,True
2346,214,46,3,Food & Beverage,Alexandria / Salah Salem St.,194,80000,412.37,0,2,0.73,8.92,True
2347,214,46,4,Food & Beverage,Alexandria / Salah Salem St.,194,80000,412.37,0,2,0.73,8.92,True
2348,214,46,5,Food & Beverage,Alexandria / Salah Salem St.,194,80000,412.37,0,2,0.73,8.92,True
2349,214,46,6,Health & Fitness,Alexandria / Salah Salem St.,194,80000,412.37,1,2,0.73,8.62,True
2350,214,46,7,Healthcare,Alexandria / Salah Salem St.,194,80000,412.37,10,14,0.73,3.85,False
2351,214,46,8,Healthcare,Alexandria / Salah Salem St.,194,80000,412.37,10,14,0.73,3.85,False
2352,214,46,9,Retail,Alexandria / Salah Salem St.,194,80000,412.37,0,0,0.73,8.92,True
2353,214,46,10,Retail,Alexandria / Salah Salem St.,194,80000,412.37,0,0,0.73,8.92,True
2354,214,46,11,Tourism & Hospitality,Alexandria / Salah Salem St.,194,80000,412.37,0,1,0.73,8.92,True
2355,215,22,1,Financial Services,Alexandria / Shatee El Nakheel,450,35000,77.78,0,0,1.43,10,True
2356,215,22,2,Food & Beverage,Alexandria / Shatee El Nakheel,450,35000,77.78,0,0,1.43,10,True
2357,215,22,3,Food & Beverage,Alexandria / Shatee El Nakheel,450,35000,77.78,0,0,1.43,10,True
2358,215,22,4,Food & Beverage,Alexandria / Shatee El Nakheel,450,35000,77.78,0,0,1.43,10,True
2359,215,22,5,Food & Beverage,Alexandria / Shatee El Nakheel,450,35000,77.78,0,0,1.43,10,True
2360,215,22,6,Health & Fitness,Alexandria / Shatee El Nakheel,450,35000,77.78,0,0,1.43,10,True
2361,215,22,7,Healthcare,Alexandria / Shatee El Nakheel,450,35000,77.78,2,2,1.43,9.4,True
2362,215,22,8,Healthcare,Alexandria / Shatee El Nakheel,450,35000,77.78,2,2,1.43,9.4,True
2363,215,22,9,Retail,Alexandria / Shatee El Nakheel,450,35000,77.78,0,0,1.43,10,True
2364,215,22,10,Retail,Alexandria / Shatee El Nakheel,450,35000,77.78,0,0,1.43,10,True
2365,215,22,11,Tourism & Hospitality,Alexandria / Shatee El Nakheel,450,35000,77.78,3,4,1.43,7.97,True
2366,216,43,1,Financial Services,Alexandria / Sidi Bishr,70,40000,571.43,0,0,0.45,7.79,True
2367,216,43,2,Food & Beverage,Alexandria / Sidi Bishr,70,40000,571.43,0,0,0.45,7.79,True
2368,216,43,3,Food & Beverage,Alexandria / Sidi Bishr,70,40000,571.43,0,0,0.45,7.79,True
2369,216,43,4,Food & Beverage,Alexandria / Sidi Bishr,70,40000,571.43,0,0,0.45,7.79,True
2370,216,43,5,Food & Beverage,Alexandria / Sidi Bishr,70,40000,571.43,0,0,0.45,7.79,True
2371,216,43,6,Health & Fitness,Alexandria / Sidi Bishr,70,40000,571.43,0,0,0.45,7.79,True
2372,216,43,7,Healthcare,Alexandria / Sidi Bishr,70,40000,571.43,2,2,0.45,7.19,True
2373,216,43,8,Healthcare,Alexandria / Sidi Bishr,70,40000,571.43,2,2,0.45,7.19,True
2374,216,43,9,Retail,Alexandria / Sidi Bishr,70,40000,571.43,0,0,0.45,7.79,True
2375,216,43,10,Retail,Alexandria / Sidi Bishr,70,40000,571.43,0,0,0.45,7.79,True
2376,216,43,11,Tourism & Hospitality,Alexandria / Sidi Bishr,70,40000,571.43,0,0,0.45,7.79,True
2377,217,50,1,Financial Services,Alexandria / Victoria,60,26000,433.33,0,0,0.95,9.79,True
2378,217,50,2,Food & Beverage,Alexandria / Victoria,60,26000,433.33,0,0,0.95,9.79,True
2379,217,50,3,Food & Beverage,Alexandria / Victoria,60,26000,433.33,0,0,0.95,9.79,True
2380,217,50,4,Food & Beverage,Alexandria / Victoria,60,26000,433.33,0,0,0.95,9.79,True
2381,217,50,5,Food & Beverage,Alexandria / Victoria,60,26000,433.33,0,0,0.95,9.79,True
2382,217,50,6,Health & Fitness,Alexandria / Victoria,60,26000,433.33,0,0,0.95,9.79,True
2383,217,50,7,Healthcare,Alexandria / Victoria,60,26000,433.33,2,2,0.95,9.19,True
2384,217,50,8,Healthcare,Alexandria / Victoria,60,26000,433.33,2,2,0.95,9.19,True
2385,217,50,9,Retail,Alexandria / Victoria,60,26000,433.33,0,0,0.95,9.79,True
2386,217,50,10,Retail,Alexandria / Victoria,60,26000,433.33,0,0,0.95,9.79,True
2387,217,50,11,Tourism & Hospitality,Alexandria / Victoria,60,26000,433.33,0,0,0.95,9.79,True
2388,218,50,1,Financial Services,Alexandria / Victoria,50,20000,400,0,0,0.99,9.96,True
2389,218,50,2,Food & Beverage,Alexandria / Victoria,50,20000,400,0,0,0.99,9.96,True
2390,218,50,3,Food & Beverage,Alexandria / Victoria,50,20000,400,0,0,0.99,9.96,True
2391,218,50,4,Food & Beverage,Alexandria / Victoria,50,20000,400,0,0,0.99,9.96,True
2392,218,50,5,Food & Beverage,Alexandria / Victoria,50,20000,400,0,0,0.99,9.96,True
2393,218,50,6,Health & Fitness,Alexandria / Victoria,50,20000,400,0,0,0.99,9.96,True
2394,218,50,7,Healthcare,Alexandria / Victoria,50,20000,400,2,2,0.99,9.36,True
2395,218,50,8,Healthcare,Alexandria / Victoria,50,20000,400,2,2,0.99,9.36,True
2396,218,50,9,Retail,Alexandria / Victoria,50,20000,400,0,0,0.99,9.96,True
2397,218,50,10,Retail,Alexandria / Victoria,50,20000,400,0,0,0.99,9.96,True
2398,218,50,11,Tourism & Hospitality,Alexandria / Victoria,50,20000,400,0,0,0.99,9.96,True
2399,219,50,1,Financial Services,Alexandria / Victoria,55,25000,454.55,0,0,0.92,9.68,True
2400,219,50,2,Food & Beverage,Alexandria / Victoria,55,25000,454.55,0,0,0.92,9.68,True
2401,219,50,3,Food & Beverage,Alexandria / Victoria,55,25000,454.55,0,0,0.92,9.68,True
2402,219,50,4,Food & Beverage,Alexandria / Victoria,55,25000,454.55,0,0,0.92,9.68,True
2403,219,50,5,Food & Beverage,Alexandria / Victoria,55,25000,454.55,0,0,0.92,9.68,True
2404,219,50,6,Health & Fitness,Alexandria / Victoria,55,25000,454.55,0,0,0.92,9.68,True
2405,219,50,7,Healthcare,Alexandria / Victoria,55,25000,454.55,2,2,0.92,9.08,True
2406,219,50,8,Healthcare,Alexandria / Victoria,55,25000,454.55,2,2,0.92,9.08,True
2407,219,50,9,Retail,Alexandria / Victoria,55,25000,454.55,0,0,0.92,9.68,True
2408,219,50,10,Retail,Alexandria / Victoria,55,25000,454.55,0,0,0.92,9.68,True
2409,219,50,11,Tourism & Hospitality,Alexandria / Victoria,55,25000,454.55,0,0,0.92,9.68,True
2410,220,50,1,Financial Services,Alexandria / Victoria,100,25000,250,0,0,1.18,10,True
2411,220,50,2,Food & Beverage,Alexandria / Victoria,100,25000,250,0,0,1.18,10,True
2412,220,50,3,Food & Beverage,Alexandria / Victoria,100,25000,250,0,0,1.18,10,True
2413,220,50,4,Food & Beverage,Alexandria / Victoria,100,25000,250,0,0,1.18,10,True
2414,220,50,5,Food & Beverage,Alexandria / Victoria,100,25000,250,0,0,1.18,10,True
2415,220,50,6,Health & Fitness,Alexandria / Victoria,100,25000,250,0,0,1.18,10,True
2416,220,50,7,Healthcare,Alexandria / Victoria,100,25000,250,2,2,1.18,9.4,True
2417,220,50,8,Healthcare,Alexandria / Victoria,100,25000,250,2,2,1.18,9.4,True
2418,220,50,9,Retail,Alexandria / Victoria,100,25000,250,0,0,1.18,10,True
2419,220,50,10,Retail,Alexandria / Victoria,100,25000,250,0,0,1.18,10,True
2420,220,50,11,Tourism & Hospitality,Alexandria / Victoria,100,25000,250,0,0,1.18,10,True
2421,221,50,1,Financial Services,Alexandria / Victoria,60,25000,416.67,0,0,0.97,9.88,True
2422,221,50,2,Food & Beverage,Alexandria / Victoria,60,25000,416.67,0,0,0.97,9.88,True
2423,221,50,3,Food & Beverage,Alexandria / Victoria,60,25000,416.67,0,0,0.97,9.88,True
2424,221,50,4,Food & Beverage,Alexandria / Victoria,60,25000,416.67,0,0,0.97,9.88,True
2425,221,50,5,Food & Beverage,Alexandria / Victoria,60,25000,416.67,0,0,0.97,9.88,True
2426,221,50,6,Health & Fitness,Alexandria / Victoria,60,25000,416.67,0,0,0.97,9.88,True
2427,221,50,7,Healthcare,Alexandria / Victoria,60,25000,416.67,2,2,0.97,9.28,True
2428,221,50,8,Healthcare,Alexandria / Victoria,60,25000,416.67,2,2,0.97,9.28,True
2429,221,50,9,Retail,Alexandria / Victoria,60,25000,416.67,0,0,0.97,9.88,True
2430,221,50,10,Retail,Alexandria / Victoria,60,25000,416.67,0,0,0.97,9.88,True
2431,221,50,11,Tourism & Hospitality,Alexandria / Victoria,60,25000,416.67,0,0,0.97,9.88,True
2432,1,5,12,Education,Alexandria / Abd El-Salam Aref St,650,220000,338.46,3,11,1.14,7.92,True
2433,2,5,12,Education,Alexandria / Abd El-Salam Aref St,200,65000,325,3,11,1.15,7.92,True
2434,3,5,12,Education,Alexandria / Abdel Salam Aref St.,300,120000,400,3,11,1.07,7.92,True
2435,4,26,12,Education,Alexandria / Ademon Fremon St.,825,412500,500,5,10,1,6.9,True
2436,5,13,12,Education,Alexandria / Al Agamy,100,5500,55,0,0,1.17,10,True
2437,6,13,12,Education,Alexandria / Al Agamy,100,12000,120,0,0,0.77,9.09,True
2438,7,13,12,Education,Alexandria / Al Agamy,50,2000,40,0,0,1.26,10,True
2439,8,20,12,Education,Alexandria / Al Moaaskar Al Romani St.,56,25000,446.43,0,2,1.11,10,True
2440,9,20,12,Education,Alexandria / Al Moaaskar Al Romani St.,185,150000,810.81,0,2,0.79,9.15,True
2441,10,16,12,Education,Alexandria / El Azarita,100,50000,500,1,12,1.17,8.37,True
2442,11,43,12,Education,Alexandria / El Gaish Road,70,45000,642.86,0,0,0.32,7.27,True
2443,12,43,12,Education,Alexandria / El Gaish Road,85,13000,152.94,0,0,1.22,10,True
2444,13,43,12,Education,Alexandria / El Gaish Road,125,120000,960,0,0,0,6,True
2445,14,43,12,Education,Alexandria / El Gaish Road,115,25000,217.39,0,0,1.1,10,True
2446,15,43,12,Education,Alexandria / El Gaish Road,160,80000,500,0,0,0.58,8.32,True
2447,16,43,12,Education,Alexandria / El Geish Rd.,470,350000,744.68,0,0,0.13,6.52,True
2448,17,43,12,Education,Alexandria / El Geish Rd.,60,30000,500,0,0,0.58,8.32,True
2449,18,23,12,Education,Alexandria / El Mandara,70,28000,400,0,0,0.5,8,True
2450,19,23,12,Education,Alexandria / El Mandara Qebli,180,18000,100,0,0,1.25,10,True
2451,20,43,12,Education,Alexandria / El-Gaish Rd,560,325000,580.36,0,0,0.43,7.73,True
2452,21,43,12,Education,Alexandria / El-Gaish Rd,60,19000,316.67,0,0,0.92,9.67,True
2453,22,43,12,Education,Alexandria / Gamal Abd El Nasir St,55,15000,272.73,0,0,1,9.99,True
2454,23,43,12,Education,Alexandria / Gamal Abd El Nasir St,100,10000,100,0,0,1.32,10,True
2455,24,43,12,Education,Alexandria / Gamal Abd El Nasir St,70,5000,71.43,0,0,1.37,10,True
2456,25,43,12,Education,Alexandria / Gamal Abd El Nasir St,50,7000,140,0,0,1.24,10,True
2457,26,43,12,Education,Alexandria / Gamal Abd El Nasir St,100,40000,400,0,0,0.76,9.05,True
2458,27,43,12,Education,Alexandria / Gamal Abd El Nasir St,240,100000,416.67,0,0,0.73,8.93,True
2459,28,43,12,Education,Alexandria / Gamal Abd El Nasir St,55,10000,181.82,0,0,1.17,10,True
2460,29,43,12,Education,Alexandria / Gamal Abd El Nasir St,160,15000,93.75,0,0,1.33,10,True
2461,30,43,12,Education,Alexandria / Gamal Abd El Nasir St,60,9000,150,0,0,1.22,10,True
2462,31,43,12,Education,Alexandria / Gamal Abd El Nasir St,50,7500,150,0,0,1.22,10,True
2463,32,43,12,Education,Alexandria / Gamal Abd El Nasir St,300,25000,83.33,0,0,1.35,10,True
2464,33,43,12,Education,Alexandria / Gamal Abd El Nasir St,60,10000,166.67,0,0,1.19,10,True
2465,34,43,12,Education,Alexandria / Gamal Abd El Nasir St,50,8000,160,0,0,1.21,10,True
2466,35,43,12,Education,Alexandria / Gamal Abd El Nasir St,65,6000,92.31,0,0,1.33,10,True
2467,36,43,12,Education,Alexandria / Gamal Abd El Nasir St,110,15000,136.36,0,0,1.25,10,True
2468,37,43,12,Education,Alexandria / Gamal Abd El Nasir St,600,300000,500,0,0,0.58,8.32,True
2469,38,43,12,Education,Alexandria / Gamal Abd El Nasir St,80,9500,118.75,0,0,1.28,10,True
2470,39,43,12,Education,Alexandria / Gamal Abd El Nasir St,130,14000,107.69,0,0,1.3,10,True
2471,40,43,12,Education,Alexandria / Gamal Abd El Nasir St,100,12000,120,0,0,1.28,10,True
2472,41,43,12,Education,Alexandria / Gamal Abd El Nasir St,100,25000,250,0,0,1.04,10,True
2473,42,43,12,Education,Alexandria / Gamal Abd El Nasir St,120,13000,108.33,0,0,1.3,10,True
2474,43,43,12,Education,Alexandria / Gamal Abd El Nasir St,110,25000,227.27,0,0,1.08,10,True
2475,44,43,12,Education,Alexandria / Gamal Abd El Nasir St,100,13000,130,0,0,1.26,10,True
2476,45,43,12,Education,Alexandria / Gamal Abd El Nasir St,90,10000,111.11,0,0,1.3,10,True
2477,46,43,12,Education,Alexandria / Gamal Abd El Nasir St,135,15000,111.11,0,0,1.3,10,True
2478,47,43,12,Education,Alexandria / Gamal Abd El Nasir St,180,35000,194.44,0,0,1.14,10,True
2479,48,43,12,Education,Alexandria / Gamal Abd El Nasir St,50,10000,200,0,0,1.13,10,True
2480,49,43,12,Education,Alexandria / Gamal Abdel Nasser St.,83,12000,144.58,0,0,1.23,10,True
2481,50,43,12,Education,Alexandria / Gamal Abdel Nasser St.,60,5000,83.33,0,0,1.35,10,True
2482,51,43,12,Education,Alexandria / Gamal Abdel Nasser St.,150,17000,113.33,0,0,1.29,10,True
2483,52,43,12,Education,Alexandria / Gamal Abdel Nasser St.,200,39000,195,0,0,1.14,10,True
2484,53,43,12,Education,Alexandria / Gamal Abdel Nasser St.,150,6000,40,0,0,1.43,10,True
2485,54,43,12,Education,Alexandria / Gamal Abdel Nasser St.,240,100000,416.67,0,0,0.73,8.93,True
2486,55,43,12,Education,Alexandria / Gamal Abdel Nasser St.,60,25000,416.67,0,0,0.73,8.93,True
2487,56,43,12,Education,Alexandria / Gamal Abdel Nasser St.,240,70000,291.67,0,0,0.96,9.85,True
2488,57,43,12,Education,Alexandria / Gamal Abdel Nasser St.,80,12000,150,0,0,1.22,10,True
2489,58,43,12,Education,Alexandria / Gamal Abdel Nasser St.,120,15000,125,0,0,1.27,10,True
2490,59,43,12,Education,Alexandria / Gamal Abdel Nasser St.,120,10000,83.33,0,0,1.35,10,True
2491,60,43,12,Education,Alexandria / Gamal Abdel Nasser St.,120,12000,100,0,0,1.32,10,True
2492,61,43,12,Education,Alexandria / Gamal Abdel Nasser St.,250,85000,340,0,0,0.87,9.5,True
2493,62,43,12,Education,Alexandria / Gamal Abdel Nasser St.,55,30000,545.45,0,0,0.5,7.98,True
2494,63,43,12,Education,Alexandria / Gamal Abdel Nasser St.,60,12000,200,0,0,1.13,10,True
2495,64,43,12,Education,Alexandria / Gamal Abdel Nasser St.,100,10000,100,0,0,1.32,10,True
2496,65,43,12,Education,Alexandria / Gamal Abdel Nasser St.,240,90000,375,0,0,0.81,9.24,True
2497,66,46,12,Education,Alexandria / Khaled Ibn El Waleed St.,90,14000,155.56,0,0,1.21,10,True
2498,67,46,12,Education,Alexandria / Khaled Ibn El Waleed St.,200,50000,250,0,0,1.03,10,True
2499,68,46,12,Education,Alexandria / Khaled Ibn El Waleed St.,150,30000,200,0,0,1.13,10,True
2500,69,46,12,Education,Alexandria / Khaled Ibn El Waleed St.,180,50000,277.78,0,0,0.98,9.93,True
2501,70,46,12,Education,Alexandria / Khaled Ibn El Waleed St.,148,45000,304.05,0,0,0.93,9.73,True
2502,71,22,12,Education,Alexandria / Kornesh El-Maamoura St,140,135000,964.29,0,0,0.57,8.3,True
2503,72,14,12,Education,Alexandria / La Jetee St.,65,20000,307.69,3,3,0.88,8.63,True
2504,73,14,12,Education,Alexandria / La Jetee St.,125,20000,160,3,3,1.18,9.1,True
2505,74,14,12,Education,Alexandria / La Jetee St.,100,15000,150,3,3,1.2,9.1,True
2506,75,37,12,Education,Alexandria / Miami,70,10000,142.86,0,0,1.14,10,True
2507,76,37,12,Education,Alexandria / Miami,60,15000,250,0,0,0.86,9.45,True
2508,77,38,12,Education,Alexandria / Mohammed Al Eqbal St.,80,20000,250,3,6,1.03,8.93,True
2509,78,38,12,Education,Alexandria / Mohammed Al Eqbal St.,80,25000,312.5,3,6,0.91,8.58,True
2510,79,20,12,Education,Alexandria / Mohammed Darwish El-Deeb St.,85,120000,1411.76,0,2,0.26,7.04,True
2511,80,31,12,Education,Alexandria / Mohammed Fawzi Moaz St.,250,250000,1000,2,5,1,9.4,True
2512,81,40,12,Education,Alexandria / Mostafa Fahmy St,700,95000,135.71,0,2,1.25,10,True
2513,82,20,12,Education,Alexandria / New El Hadra,150,15000,100,0,2,1.41,10,True
2514,83,20,12,Education,Alexandria / New El Hadra,150,12000,80,0,2,1.43,10,True
2515,84,5,12,Education,Alexandria / Riad St,310,210000,677.42,3,11,0.78,7.04,True
2516,85,40,12,Education,Alexandria / Roushdy Basha St.,60,25000,416.67,0,2,0.75,8.98,True
2517,86,16,12,Education,Alexandria / Saad Zaghloul St.,100,100000,1000,1,12,0.83,7.7,True
2518,87,46,12,Education,Alexandria / Salah Salem St.,183,45000,245.9,0,0,1.04,10,True
2519,88,46,12,Education,Alexandria / Salah Salem St.,194,80000,412.37,0,0,0.73,8.92,True
2520,89,14,12,Education,Alexandria / Sant Giyn St.,138,75000,543.48,3,3,0.41,6.75,True
2521,90,22,12,Education,Alexandria / Shatee El Nakheel,450,35000,77.78,0,0,1.43,10,True
2522,91,43,12,Education,Alexandria / Sidi Bishr,70,40000,571.43,0,0,0.45,7.79,True
2523,92,43,12,Education,Alexandria / Sidi Bishr,100,13000,130,0,0,1.26,10,True
2524,93,43,12,Education,Alexandria / Sidi Bishr,60,5000,83.33,0,0,1.35,10,True
2525,94,43,12,Education,Alexandria / Sidi Bishr,230,10000,43.48,0,0,1.42,10,True
2526,95,43,12,Education,Alexandria / Sidi Bishr,70,8500,121.43,0,0,1.28,10,True
2527,96,43,12,Education,Alexandria / Sidi Bishr,60,4500,75,0,0,1.36,10,True
2528,97,50,12,Education,Alexandria / Victoria,55,15000,272.73,2,2,1.15,9.4,True
2529,98,50,12,Education,Alexandria / Victoria,60,25000,416.67,2,2,0.97,9.28,True
2530,99,50,12,Education,Alexandria / Victoria,50,20000,400,2,2,0.99,9.36,True
2531,100,50,12,Education,Alexandria / Victoria,60,26000,433.33,2,2,0.95,9.19,True
2532,101,50,12,Education,Alexandria / Victoria,55,25000,454.55,2,2,0.92,9.08,True
2533,102,5,12,Education,Alexandria / Abd El-Salam Aref St,650,220000,338.46,3,11,1.14,7.92,True
2534,103,5,12,Education,Alexandria / Abdel Salam Aref St.,300,120000,400,3,11,1.07,7.92,True
2535,104,26,12,Education,Alexandria / Ademon Fremon St.,825,412500,500,5,10,1,6.9,True
2536,105,13,12,Education,Alexandria / Al Agamy,50,2000,40,0,0,1.26,10,True
2537,106,13,12,Education,Alexandria / Al Agamy,100,12000,120,0,0,0.77,9.09,True
2538,107,20,12,Education,Alexandria / Al Moaaskar Al Romani St.,185,150000,810.81,0,2,0.79,9.15,True
2539,108,20,12,Education,Alexandria / Al Moaaskar Al Romani St.,56,25000,446.43,0,2,1.11,10,True
2540,109,16,12,Education,Alexandria / El Azarita,100,50000,500,1,12,1.17,8.37,True
2541,110,43,12,Education,Alexandria / El Gaish Road,160,80000,500,0,0,0.58,8.32,True
2542,111,43,12,Education,Alexandria / El Gaish Road,70,45000,642.86,0,0,0.32,7.27,True
2543,112,43,12,Education,Alexandria / El Gaish Road,115,25000,217.39,0,0,1.1,10,True
2544,113,43,12,Education,Alexandria / El Gaish Road,85,13000,152.94,0,0,1.22,10,True
2545,114,43,12,Education,Alexandria / El Gaish Road,125,120000,960,0,0,0,6,True
2546,115,43,12,Education,Alexandria / El Geish Rd.,470,350000,744.68,0,0,0.13,6.52,True
2547,116,43,12,Education,Alexandria / El Geish Rd.,60,30000,500,0,0,0.58,8.32,True
2548,117,23,12,Education,Alexandria / El Mandara Qebli,180,18000,100,0,0,1.25,10,True
2549,118,43,12,Education,Alexandria / El-Gaish Rd,60,19000,316.67,0,0,0.92,9.67,True
2550,119,43,12,Education,Alexandria / El-Gaish Rd,560,325000,580.36,0,0,0.43,7.73,True
2551,120,43,12,Education,Alexandria / Gamal Abd El Nasir St,240,100000,416.67,0,0,0.73,8.93,True
2552,121,43,12,Education,Alexandria / Gamal Abd El Nasir St,55,10000,181.82,0,0,1.17,10,True
2553,122,43,12,Education,Alexandria / Gamal Abd El Nasir St,160,15000,93.75,0,0,1.33,10,True
2554,123,43,12,Education,Alexandria / Gamal Abd El Nasir St,55,15000,272.73,0,0,1,9.99,True
2555,124,43,12,Education,Alexandria / Gamal Abd El Nasir St,100,25000,250,0,0,1.04,10,True
2556,125,43,12,Education,Alexandria / Gamal Abd El Nasir St,130,14000,107.69,0,0,1.3,10,True
2557,126,43,12,Education,Alexandria / Gamal Abd El Nasir St,300,25000,83.33,0,0,1.35,10,True
2558,127,43,12,Education,Alexandria / Gamal Abd El Nasir St,135,15000,111.11,0,0,1.3,10,True
2559,128,43,12,Education,Alexandria / Gamal Abd El Nasir St,100,13000,130,0,0,1.26,10,True
2560,129,43,12,Education,Alexandria / Gamal Abd El Nasir St,80,9500,118.75,0,0,1.28,10,True
2561,130,43,12,Education,Alexandria / Gamal Abd El Nasir St,100,12000,120,0,0,1.28,10,True
2562,131,43,12,Education,Alexandria / Gamal Abd El Nasir St,600,300000,500,0,0,0.58,8.32,True
2563,132,43,12,Education,Alexandria / Gamal Abd El Nasir St,50,10000,200,0,0,1.13,10,True
2564,133,43,12,Education,Alexandria / Gamal Abd El Nasir St,150,20000,133.33,0,0,1.25,10,True
2565,134,43,12,Education,Alexandria / Gamal Abd El Nasir St,180,35000,194.44,0,0,1.14,10,True
2566,135,43,12,Education,Alexandria / Gamal Abdel Nasser St.,150,17000,113.33,0,0,1.29,10,True
2567,136,43,12,Education,Alexandria / Gamal Abdel Nasser St.,60,25000,416.67,0,0,0.73,8.93,True
2568,137,43,12,Education,Alexandria / Gamal Abdel Nasser St.,100,25000,250,0,0,1.04,10,True
2569,138,43,12,Education,Alexandria / Gamal Abdel Nasser St.,120,12000,100,0,0,1.32,10,True
2570,139,43,12,Education,Alexandria / Gamal Abdel Nasser St.,120,10000,83.33,0,0,1.35,10,True
2571,140,43,12,Education,Alexandria / Gamal Abdel Nasser St.,120,15000,125,0,0,1.27,10,True
2572,141,43,12,Education,Alexandria / Gamal Abdel Nasser St.,250,85000,340,0,0,0.87,9.5,True
2573,142,43,12,Education,Alexandria / Gamal Abdel Nasser St.,240,100000,416.67,0,0,0.73,8.93,True
2574,143,43,12,Education,Alexandria / Gamal Abdel Nasser St.,240,90000,375,0,0,0.81,9.24,True
2575,144,43,12,Education,Alexandria / Gamal Abdel Nasser St.,80,12000,150,0,0,1.22,10,True
2576,145,43,12,Education,Alexandria / Gamal Abdel Nasser St.,65,10500,161.54,0,0,1.2,10,True
2577,146,43,12,Education,Alexandria / Gamal Abdel Nasser St.,100,10000,100,0,0,1.32,10,True
2578,147,46,12,Education,Alexandria / Khaled Ibn El Waleed St.,200,50000,250,0,0,1.03,10,True
2579,148,46,12,Education,Alexandria / Khaled Ibn El Waleed St.,150,30000,200,0,0,1.13,10,True
2580,149,46,12,Education,Alexandria / Khaled Ibn El Waleed St.,148,45000,304.05,0,0,0.93,9.73,True
2581,150,46,12,Education,Alexandria / Khaled Ibn El Waleed St.,90,14000,155.56,0,0,1.21,10,True
2582,151,22,12,Education,Alexandria / Kornesh El-Maamoura St,140,135000,964.29,0,0,0.57,8.3,True
2583,152,14,12,Education,Alexandria / La Jetee St.,125,20000,160,3,3,1.18,9.1,True
2584,153,14,12,Education,Alexandria / La Jetee St.,65,20000,307.69,3,3,0.88,8.63,True
2585,154,14,12,Education,Alexandria / La Jetee St.,100,15000,150,3,3,1.2,9.1,True
2586,155,38,12,Education,Alexandria / Mohammed Al Eqbal St.,80,20000,250,3,6,1.03,8.93,True
2587,156,20,12,Education,Alexandria / Mohammed Darwish El-Deeb St.,85,120000,1411.76,0,2,0.26,7.04,True
2588,157,31,12,Education,Alexandria / Mohammed Fawzi Moaz St.,250,250000,1000,2,5,1,9.4,True
2589,158,40,12,Education,Alexandria / Mostafa Fahmy St,700,95000,135.71,0,2,1.25,10,True
2590,159,20,12,Education,Alexandria / New El Hadra,150,15000,100,0,2,1.41,10,True
2591,160,20,12,Education,Alexandria / New El Hadra,150,12000,80,0,2,1.43,10,True
2592,161,5,12,Education,Alexandria / Riad St,310,210000,677.42,3,11,0.78,7.04,True
2593,162,40,12,Education,Alexandria / Roushdy Basha St.,60,25000,416.67,0,2,0.75,8.98,True
2594,163,16,12,Education,Alexandria / Saad Zaghloul St.,100,100000,1000,1,12,0.83,7.7,True
2595,164,46,12,Education,Alexandria / Salah Salem St.,183,45000,245.9,0,0,1.04,10,True
2596,165,46,12,Education,Alexandria / Salah Salem St.,194,80000,412.37,0,0,0.73,8.92,True
2597,166,22,12,Education,Alexandria / Shatee El Nakheel,450,35000,77.78,0,0,1.43,10,True
2598,167,43,12,Education,Alexandria / Sidi Bishr,70,40000,571.43,0,0,0.45,7.79,True
2599,168,50,12,Education,Alexandria / Victoria,60,26000,433.33,2,2,0.95,9.19,True
2600,169,50,12,Education,Alexandria / Victoria,50,20000,400,2,2,0.99,9.36,True
2601,170,50,12,Education,Alexandria / Victoria,60,25000,416.67,2,2,0.97,9.28,True
2602,171,50,12,Education,Alexandria / Victoria,100,25000,250,2,2,1.18,9.4,True
2603,172,50,12,Education,Alexandria / Victoria,55,25000,454.55,2,2,0.92,9.08,True
2604,173,5,12,Education,Alexandria / Abdel Salam Aref St.,300,120000,400,3,11,1.07,7.92,True
2605,174,26,12,Education,Alexandria / Ademon Fremon St.,825,412500,500,5,10,1,6.9,True
2606,175,13,12,Education,Alexandria / Al Agamy,100,12000,120,0,0,0.77,9.09,True
2607,176,20,12,Education,Alexandria / Al Moaaskar Al Romani St.,56,25000,446.43,0,2,1.11,10,True
2608,177,20,12,Education,Alexandria / Al Moaaskar Al Romani St.,185,150000,810.81,0,2,0.79,9.15,True
2609,178,16,12,Education,Alexandria / El Azarita,100,50000,500,1,12,1.17,8.37,True
2610,179,43,12,Education,Alexandria / El Gaish Road,160,80000,500,0,0,0.58,8.32,True
2611,180,43,12,Education,Alexandria / El Gaish Road,125,120000,960,0,0,0,6,True
2612,181,43,12,Education,Alexandria / El Gaish Road,115,25000,217.39,0,0,1.1,10,True
2613,182,43,12,Education,Alexandria / El Geish Rd.,470,350000,744.68,0,0,0.13,6.52,True
2614,183,43,12,Education,Alexandria / El Geish Rd.,60,30000,500,0,0,0.58,8.32,True
2615,184,43,12,Education,Alexandria / El-Gaish Rd,60,19000,316.67,0,0,0.92,9.67,True
2616,185,43,12,Education,Alexandria / Gamal Abd El Nasir St,100,13000,130,0,0,1.26,10,True
2617,186,43,12,Education,Alexandria / Gamal Abd El Nasir St,600,300000,500,0,0,0.58,8.32,True
2618,187,43,12,Education,Alexandria / Gamal Abd El Nasir St,135,15000,111.11,0,0,1.3,10,True
2619,188,43,12,Education,Alexandria / Gamal Abd El Nasir St,100,12000,120,0,0,1.28,10,True
2620,189,43,12,Education,Alexandria / Gamal Abd El Nasir St,180,35000,194.44,0,0,1.14,10,True
2621,190,43,12,Education,Alexandria / Gamal Abd El Nasir St,150,20000,133.33,0,0,1.25,10,True
2622,191,43,12,Education,Alexandria / Gamal Abd El Nasir St,50,10000,200,0,0,1.13,10,True
2623,192,43,12,Education,Alexandria / Gamal Abdel Nasser St.,240,90000,375,0,0,0.81,9.24,True
2624,193,43,12,Education,Alexandria / Gamal Abdel Nasser St.,100,25000,250,0,0,1.04,10,True
2625,194,43,12,Education,Alexandria / Gamal Abdel Nasser St.,150,17000,113.33,0,0,1.29,10,True
2626,195,43,12,Education,Alexandria / Gamal Abdel Nasser St.,100,10000,100,0,0,1.32,10,True
2627,196,43,12,Education,Alexandria / Gamal Abdel Nasser St.,60,25000,416.67,0,0,0.73,8.93,True
2628,197,43,12,Education,Alexandria / Gamal Abdel Nasser St.,65,10500,161.54,0,0,1.2,10,True
2629,198,46,12,Education,Alexandria / Khaled Ibn El Waleed St.,150,30000,200,0,0,1.13,10,True
2630,199,46,12,Education,Alexandria / Khaled Ibn El Waleed St.,200,50000,250,0,0,1.03,10,True
2631,200,46,12,Education,Alexandria / Khaled Ibn El Waleed St.,148,45000,304.05,0,0,0.93,9.73,True
2632,201,22,12,Education,Alexandria / Kornesh El-Maamoura St,140,135000,964.29,0,0,0.57,8.3,True
2633,202,14,12,Education,Alexandria / La Jetee St.,65,20000,307.69,3,3,0.88,8.63,True
2634,203,14,12,Education,Alexandria / La Jetee St.,125,20000,160,3,3,1.18,9.1,True
2635,204,38,12,Education,Alexandria / Mohammed Al Eqbal St.,80,20000,250,3,6,1.03,8.93,True
2636,205,20,12,Education,Alexandria / Mohammed Darwish El-Deeb St.,85,120000,1411.76,0,2,0.26,7.04,True
2637,206,31,12,Education,Alexandria / Mohammed Fawzi Moaz St.,250,250000,1000,2,5,1,9.4,True
2638,207,40,12,Education,Alexandria / Mostafa Fahmy St,700,95000,135.71,0,2,1.25,10,True
2639,208,20,12,Education,Alexandria / New El Hadra,150,15000,100,0,2,1.41,10,True
2640,209,20,12,Education,Alexandria / New El Hadra,150,12000,80,0,2,1.43,10,True
2641,210,5,12,Education,Alexandria / Riad St,310,210000,677.42,3,11,0.78,7.04,True
2642,211,40,12,Education,Alexandria / Roushdy Basha St.,60,25000,416.67,0,2,0.75,8.98,True
2643,212,16,12,Education,Alexandria / Saad Zaghloul St.,100,100000,1000,1,12,0.83,7.7,True
2644,213,46,12,Education,Alexandria / Salah Salem St.,183,45000,245.9,0,0,1.04,10,True
2645,214,46,12,Education,Alexandria / Salah Salem St.,194,80000,412.37,0,0,0.73,8.92,True
2646,215,22,12,Education,Alexandria / Shatee El Nakheel,450,35000,77.78,0,0,1.43,10,True
2647,216,43,12,Education,Alexandria / Sidi Bishr,70,40000,571.43,0,0,0.45,7.79,True
2648,217,50,12,Education,Alexandria / Victoria,60,26000,433.33,2,2,0.95,9.19,True
2649,218,50,12,Education,Alexandria / Victoria,50,20000,400,2,2,0.99,9.36,True
2650,219,50,12,Education,Alexandria / Victoria,55,25000,454.55,2,2,0.92,9.08,True
2651,220,50,12,Education,Alexandria / Victoria,100,25000,250,2,2,1.18,9.4,True
2652,221,50,12,Education,Alexandria / Victoria,60,25000,416.67,2,2,0.97,9.28,True
